Selection	View	Channel	Begin Time (s)	End Time (s)	Low Freq (Hz)	High Freq (Hz)	Annotation	archivo_origen
1	1	1			0.0	8000.0		
2	1	1	50.0	54.0	0.0	8000.0	cluster_2	BO-82Tapyta/BO-82TAPYTA_20250418_040302.wav
3	1	1			0.0	8000.0		
4	1	1	16.0	20.0	0.0	8000.0	cluster_2	BO-81Tapyta/BO-81TAPYTA_20250416_011502.wav
5	1	1	26.0	30.0	0.0	8000.0	cluster_2	BO-82Tapyta/BO-82TAPYTA_20250427_215702.wav
6	1	1	22.0	26.0	0.0	8000.0	cluster_2	BO-82Tapyta/BO-82TAPYTA_20250502_204002.wav
7	1	1	16.0	20.0	0.0	8000.0	cluster_2	BO-82Tapyta/BO-82TAPYTA_20250416_012402.wav
8	1	1			0.0	8000.0		
9	1	1			0.0	8000.0		
10	1	1			0.0	8000.0		
11	1	1	22.0	26.0	0.0	8000.0	cluster_2	BO-82Tapyta/BO-82TAPYTA_20250412_052302.wav
12	1	1			0.0	8000.0		
13	1	1			0.0	8000.0		
14	1	1			0.0	8000.0		
15	1	1			0.0	8000.0		
16	1	1			0.0	8000.0		
17	1	1			0.0	8000.0		
18	1	1			0.0	8000.0		
19	1	1			0.0	8000.0		
20	1	1			0.0	8000.0		
21	1	1	2.0	6.0	0.0	8000.0	cluster_2	BO-82Tapyta/BO-82TAPYTA_20250411_200402.wav
22	1	1	26.0	30.0	0.0	8000.0	cluster_2	BO-82Tapyta/BO-82TAPYTA_20250425_005202.wav
23	1	1			0.0	8000.0		
24	1	1			0.0	8000.0		
25	1	1			0.0	8000.0		
26	1	1			0.0	8000.0		
27	1	1			0.0	8000.0		
28	1	1			0.0	8000.0		
29	1	1			0.0	8000.0		
30	1	1			0.0	8000.0		
31	1	1			0.0	8000.0		
32	1	1			0.0	8000.0		
33	1	1	0.0	4.0	0.0	8000.0	cluster_2	BO-82Tapyta/BO-82TAPYTA_20250418_050602.wav
34	1	1			0.0	8000.0		
35	1	1			0.0	8000.0		
36	1	1			0.0	8000.0		
37	1	1			0.0	8000.0		
38	1	1			0.0	8000.0		
39	1	1			0.0	8000.0		
40	1	1	52.0	56.0	0.0	8000.0	cluster_2	BO-81Tapyta/BO-81TAPYTA_20250414_202302.wav
41	1	1	8.0	12.0	0.0	8000.0	cluster_2	BO-82Tapyta/BO-82TAPYTA_20250427_050902.wav
42	1	1			0.0	8000.0		
43	1	1			0.0	8000.0		
44	1	1			0.0	8000.0		
45	1	1			0.0	8000.0		
46	1	1	4.0	8.0	0.0	8000.0	cluster_2	BO-82Tapyta/BO-82TAPYTA_20250424_213202.wav
47	1	1			0.0	8000.0		
48	1	1			0.0	8000.0		
49	1	1			0.0	8000.0		
50	1	1			0.0	8000.0		
51	1	1			0.0	8000.0		
52	1	1			0.0	8000.0		
53	1	1			0.0	8000.0		
54	1	1			0.0	8000.0		
55	1	1			0.0	8000.0		
56	1	1	20.0	24.0	0.0	8000.0	cluster_2	BO-82Tapyta/BO-82TAPYTA_20250415_194202.wav
57	1	1			0.0	8000.0		
58	1	1			0.0	8000.0		
59	1	1			0.0	8000.0		
60	1	1			0.0	8000.0		
61	1	1			0.0	8000.0		
62	1	1	36.0	40.0	0.0	8000.0	cluster_2	BO-82Tapyta/BO-82TAPYTA_20250426_040802.wav
63	1	1			0.0	8000.0		
64	1	1			0.0	8000.0		
65	1	1			0.0	8000.0		
66	1	1			0.0	8000.0		
67	1	1			0.0	8000.0		
68	1	1			0.0	8000.0		
69	1	1			0.0	8000.0		
70	1	1	34.0	38.0	0.0	8000.0	cluster_2	BO-82Tapyta/BO-82TAPYTA_20250412_034902.wav
71	1	1			0.0	8000.0		
72	1	1	44.0	48.0	0.0	8000.0	cluster_2	BO-82Tapyta/BO-82TAPYTA_20250414_215802.wav
73	1	1			0.0	8000.0		
74	1	1			0.0	8000.0		
75	1	1	16.0	20.0	0.0	8000.0	cluster_2	BO-82Tapyta/BO-82TAPYTA_20250416_224402.wav
76	1	1	18.0	22.0	0.0	8000.0	cluster_2	BO-82Tapyta/BO-82TAPYTA_20250411_185402.wav
77	1	1			0.0	8000.0		
78	1	1	34.0	38.0	0.0	8000.0	cluster_2	BO-81Tapyta/BO-81TAPYTA_20250416_043202.wav
79	1	1			0.0	8000.0		
80	1	1			0.0	8000.0		
81	1	1			0.0	8000.0		
82	1	1			0.0	8000.0		
83	1	1	20.0	24.0	0.0	8000.0	cluster_2	BO-82Tapyta/BO-82TAPYTA_20250414_220402.wav
84	1	1			0.0	8000.0		
85	1	1			0.0	8000.0		
86	1	1			0.0	8000.0		
87	1	1			0.0	8000.0		
88	1	1			0.0	8000.0		
89	1	1			0.0	8000.0		
90	1	1	30.0	34.0	0.0	8000.0	cluster_2	BO-82Tapyta/BO-82TAPYTA_20250426_051202.wav
91	1	1			0.0	8000.0		
92	1	1	14.0	18.0	0.0	8000.0	cluster_2	BO-82Tapyta/BO-82TAPYTA_20250417_210502.wav
93	1	1			0.0	8000.0		
94	1	1			0.0	8000.0		
95	1	1	22.0	26.0	0.0	8000.0	cluster_2	BO-82Tapyta/BO-82TAPYTA_20250413_200202.wav
96	1	1			0.0	8000.0		
97	1	1			0.0	8000.0		
98	1	1			0.0	8000.0		
99	1	1			0.0	8000.0		
100	1	1			0.0	8000.0		
101	1	1	40.0	44.0	0.0	8000.0	cluster_2	BO-81Tapyta/BO-81TAPYTA_20250415_235502.wav
102	1	1			0.0	8000.0		
103	1	1			0.0	8000.0		
104	1	1			0.0	8000.0		
105	1	1			0.0	8000.0		
106	1	1			0.0	8000.0		
107	1	1			0.0	8000.0		
108	1	1			0.0	8000.0		
109	1	1			0.0	8000.0		
110	1	1			0.0	8000.0		
111	1	1			0.0	8000.0		
112	1	1	52.0	56.0	0.0	8000.0	cluster_2	BO-81Tapyta/BO-81TAPYTA_20250415_202102.wav
113	1	1	18.0	22.0	0.0	8000.0	cluster_2	BO-82Tapyta/BO-82TAPYTA_20250416_013902.wav
114	1	1			0.0	8000.0		
115	1	1	36.0	40.0	0.0	8000.0	cluster_2	BO-82Tapyta/BO-82TAPYTA_20250426_195302.wav
116	1	1	28.0	32.0	0.0	8000.0	cluster_2	BO-82Tapyta/BO-82TAPYTA_20250426_005602.wav
117	1	1			0.0	8000.0		
118	1	1	36.0	40.0	0.0	8000.0	cluster_2	BO-82Tapyta/BO-82TAPYTA_20250416_212702.wav
119	1	1			0.0	8000.0		
120	1	1	4.0	8.0	0.0	8000.0	cluster_2	BO-82Tapyta/BO-82TAPYTA_20250426_201702.wav
121	1	1			0.0	8000.0		
122	1	1	28.0	32.0	0.0	8000.0	cluster_2	BO-82Tapyta/BO-82TAPYTA_20250426_230102.wav
123	1	1	28.0	32.0	0.0	8000.0	cluster_2	BO-81Tapyta/BO-81TAPYTA_20250416_025902.wav
124	1	1			0.0	8000.0		
125	1	1	8.0	12.0	0.0	8000.0	cluster_2	BO-82Tapyta/BO-82TAPYTA_20250417_212102.wav
126	1	1			0.0	8000.0		
127	1	1			0.0	8000.0		
128	1	1			0.0	8000.0		
129	1	1			0.0	8000.0		
130	1	1			0.0	8000.0		
131	1	1			0.0	8000.0		
132	1	1	42.0	46.0	0.0	8000.0	cluster_2	BO-82Tapyta/BO-82TAPYTA_20250427_012602.wav
133	1	1	42.0	46.0	0.0	8000.0	cluster_2	BO-82Tapyta/BO-82TAPYTA_20250417_024902.wav
134	1	1			0.0	8000.0		
135	1	1			0.0	8000.0		
136	1	1			0.0	8000.0		
137	1	1			0.0	8000.0		
138	1	1			0.0	8000.0		
139	1	1	32.0	36.0	0.0	8000.0	cluster_2	BO-81Tapyta/BO-81TAPYTA_20250415_212302.wav
140	1	1	48.0	52.0	0.0	8000.0	cluster_2	BO-82Tapyta/BO-82TAPYTA_20250502_222602.wav
141	1	1			0.0	8000.0		
142	1	1	10.0	14.0	0.0	8000.0	cluster_2	BO-82Tapyta/BO-82TAPYTA_20250426_210802.wav
143	1	1			0.0	8000.0		
144	1	1			0.0	8000.0		
145	1	1			0.0	8000.0		
146	1	1			0.0	8000.0		
147	1	1			0.0	8000.0		
148	1	1			0.0	8000.0		
149	1	1			0.0	8000.0		
150	1	1			0.0	8000.0		
151	1	1	40.0	44.0	0.0	8000.0	cluster_2	BO-82Tapyta/BO-82TAPYTA_20250425_211802.wav
152	1	1			0.0	8000.0		
153	1	1	46.0	50.0	0.0	8000.0	cluster_2	BO-82Tapyta/BO-82TAPYTA_20250501_191202.wav
154	1	1	6.0	10.0	0.0	8000.0	cluster_2	BO-82Tapyta/BO-82TAPYTA_20250413_193402.wav
155	1	1			0.0	8000.0		
156	1	1			0.0	8000.0		
157	1	1			0.0	8000.0		
158	1	1			0.0	8000.0		
159	1	1			0.0	8000.0		
160	1	1	28.0	32.0	0.0	8000.0	cluster_2	BO-82Tapyta/BO-82TAPYTA_20250427_012602.wav
161	1	1			0.0	8000.0		
162	1	1			0.0	8000.0		
163	1	1			0.0	8000.0		
164	1	1	24.0	28.0	0.0	8000.0	cluster_2	BO-82Tapyta/BO-82TAPYTA_20250417_225602.wav
165	1	1			0.0	8000.0		
166	1	1			0.0	8000.0		
167	1	1			0.0	8000.0		
168	1	1			0.0	8000.0		
169	1	1			0.0	8000.0		
170	1	1			0.0	8000.0		
171	1	1			0.0	8000.0		
172	1	1			0.0	8000.0		
173	1	1			0.0	8000.0		
174	1	1			0.0	8000.0		
175	1	1			0.0	8000.0		
176	1	1			0.0	8000.0		
177	1	1			0.0	8000.0		
178	1	1			0.0	8000.0		
179	1	1	10.0	14.0	0.0	8000.0	cluster_2	BO-82Tapyta/BO-82TAPYTA_20250418_003202.wav
180	1	1			0.0	8000.0		
181	1	1	46.0	50.0	0.0	8000.0	cluster_2	BO-82Tapyta/BO-82TAPYTA_20250416_005902.wav
182	1	1			0.0	8000.0		
183	1	1			0.0	8000.0		
184	1	1	50.0	54.0	0.0	8000.0	cluster_2	BO-82Tapyta/BO-82TAPYTA_20250417_212702.wav
185	1	1			0.0	8000.0		
186	1	1			0.0	8000.0		
187	1	1			0.0	8000.0		
188	1	1	36.0	40.0	0.0	8000.0	cluster_2	BO-82Tapyta/BO-82TAPYTA_20250415_203302.wav
189	1	1	28.0	32.0	0.0	8000.0	cluster_2	BO-82Tapyta/BO-82TAPYTA_20250427_201902.wav
190	1	1			0.0	8000.0		
191	1	1			0.0	8000.0		
192	1	1			0.0	8000.0		
193	1	1			0.0	8000.0		
194	1	1			0.0	8000.0		
195	1	1	40.0	44.0	0.0	8000.0	cluster_2	BO-82Tapyta/BO-82TAPYTA_20250426_015302.wav
196	1	1			0.0	8000.0		
197	1	1			0.0	8000.0		
198	1	1	32.0	36.0	0.0	8000.0	cluster_2	BO-82Tapyta/BO-82TAPYTA_20250427_210102.wav
199	1	1	2.0	6.0	0.0	8000.0	cluster_2	BO-82Tapyta/BO-82TAPYTA_20250426_194202.wav
200	1	1			0.0	8000.0		
201	1	1			0.0	8000.0		
202	1	1			0.0	8000.0		
203	1	1			0.0	8000.0		
204	1	1			0.0	8000.0		
205	1	1			0.0	8000.0		
206	1	1	28.0	32.0	0.0	8000.0	cluster_2	BO-82Tapyta/BO-82TAPYTA_20250414_210502.wav
207	1	1			0.0	8000.0		
208	1	1			0.0	8000.0		
209	1	1			0.0	8000.0		
210	1	1			0.0	8000.0		
211	1	1			0.0	8000.0		
212	1	1			0.0	8000.0		
213	1	1	10.0	14.0	0.0	8000.0	cluster_2	BO-82Tapyta/BO-82TAPYTA_20250418_011202.wav
214	1	1			0.0	8000.0		
215	1	1	30.0	34.0	0.0	8000.0	cluster_2	BO-82Tapyta/BO-82TAPYTA_20250427_045602.wav
216	1	1	44.0	48.0	0.0	8000.0	cluster_2	BO-82Tapyta/BO-82TAPYTA_20250426_000402.wav
217	1	1	34.0	38.0	0.0	8000.0	cluster_2	BO-82Tapyta/BO-82TAPYTA_20250415_222602.wav
218	1	1	36.0	40.0	0.0	8000.0	cluster_2	BO-82Tapyta/BO-82TAPYTA_20250413_211802.wav
219	1	1	32.0	36.0	0.0	8000.0	cluster_2	BO-82Tapyta/BO-82TAPYTA_20250414_204902.wav
220	1	1			0.0	8000.0		
221	1	1			0.0	8000.0		
222	1	1			0.0	8000.0		
223	1	1			0.0	8000.0		
224	1	1			0.0	8000.0		
225	1	1			0.0	8000.0		
226	1	1	16.0	20.0	0.0	8000.0	cluster_2	BO-82Tapyta/BO-82TAPYTA_20250425_010602.wav
227	1	1			0.0	8000.0		
228	1	1	20.0	24.0	0.0	8000.0	cluster_2	BO-81Tapyta/BO-81TAPYTA_20250411_214302.wav
229	1	1	50.0	54.0	0.0	8000.0	cluster_2	BO-82Tapyta/BO-82TAPYTA_20250424_233602.wav
230	1	1			0.0	8000.0		
231	1	1	22.0	26.0	0.0	8000.0	cluster_2	BO-82Tapyta/BO-82TAPYTA_20250427_201702.wav
232	1	1			0.0	8000.0		
233	1	1			0.0	8000.0		
234	1	1	14.0	18.0	0.0	8000.0	cluster_2	BO-82Tapyta/BO-82TAPYTA_20250414_220602.wav
235	1	1			0.0	8000.0		
236	1	1			0.0	8000.0		
237	1	1			0.0	8000.0		
238	1	1	50.0	54.0	0.0	8000.0	cluster_2	BO-82Tapyta/BO-82TAPYTA_20250416_055502.wav
239	1	1			0.0	8000.0		
240	1	1	44.0	48.0	0.0	8000.0	cluster_2	BO-82Tapyta/BO-82TAPYTA_20250415_214102.wav
241	1	1			0.0	8000.0		
242	1	1			0.0	8000.0		
243	1	1			0.0	8000.0		
244	1	1			0.0	8000.0		
245	1	1			0.0	8000.0		
246	1	1			0.0	8000.0		
247	1	1			0.0	8000.0		
248	1	1	28.0	32.0	0.0	8000.0	cluster_2	BO-82Tapyta/BO-82TAPYTA_20250411_194002.wav
249	1	1	44.0	48.0	0.0	8000.0	cluster_2	BO-82Tapyta/BO-82TAPYTA_20250411_230102.wav
250	1	1			0.0	8000.0		
251	1	1	10.0	14.0	0.0	8000.0	cluster_2	BO-82Tapyta/BO-82TAPYTA_20250418_013102.wav
252	1	1			0.0	8000.0		
253	1	1			0.0	8000.0		
254	1	1			0.0	8000.0		
255	1	1			0.0	8000.0		
256	1	1			0.0	8000.0		
257	1	1			0.0	8000.0		
258	1	1			0.0	8000.0		
259	1	1			0.0	8000.0		
260	1	1	42.0	46.0	0.0	8000.0	cluster_2	BO-82Tapyta/BO-82TAPYTA_20250424_010602.wav
261	1	1			0.0	8000.0		
262	1	1			0.0	8000.0		
263	1	1	48.0	52.0	0.0	8000.0	cluster_2	BO-82Tapyta/BO-82TAPYTA_20250416_222202.wav
264	1	1	12.0	16.0	0.0	8000.0	cluster_2	BO-82Tapyta/BO-82TAPYTA_20250426_235402.wav
265	1	1			0.0	8000.0		
266	1	1			0.0	8000.0		
267	1	1			0.0	8000.0		
268	1	1			0.0	8000.0		
269	1	1			0.0	8000.0		
270	1	1			0.0	8000.0		
271	1	1	20.0	24.0	0.0	8000.0	cluster_2	BO-81Tapyta/BO-81TAPYTA_20250415_221202.wav
272	1	1	2.0	6.0	0.0	8000.0	cluster_2	BO-82Tapyta/BO-82TAPYTA_20250415_213802.wav
273	1	1			0.0	8000.0		
274	1	1			0.0	8000.0		
275	1	1	28.0	32.0	0.0	8000.0	cluster_2	BO-82Tapyta/BO-82TAPYTA_20250425_202102.wav
276	1	1			0.0	8000.0		
277	1	1			0.0	8000.0		
278	1	1			0.0	8000.0		
279	1	1	26.0	30.0	0.0	8000.0	cluster_2	BO-82Tapyta/BO-82TAPYTA_20250418_035002.wav
280	1	1			0.0	8000.0		
281	1	1			0.0	8000.0		
282	1	1			0.0	8000.0		
283	1	1	10.0	14.0	0.0	8000.0	cluster_2	BO-82Tapyta/BO-82TAPYTA_20250426_030302.wav
284	1	1			0.0	8000.0		
285	1	1			0.0	8000.0		
286	1	1			0.0	8000.0		
287	1	1			0.0	8000.0		
288	1	1	6.0	10.0	0.0	8000.0	cluster_2	BO-82Tapyta/BO-82TAPYTA_20250427_025502.wav
289	1	1	0.0	4.0	0.0	8000.0	cluster_2	BO-81Tapyta/BO-81TAPYTA_20250416_034402.wav
290	1	1			0.0	8000.0		
291	1	1	4.0	8.0	0.0	8000.0	cluster_2	BO-82Tapyta/BO-82TAPYTA_20250426_042302.wav
292	1	1			0.0	8000.0		
293	1	1			0.0	8000.0		
294	1	1			0.0	8000.0		
295	1	1			0.0	8000.0		
296	1	1			0.0	8000.0		
297	1	1			0.0	8000.0		
298	1	1	8.0	12.0	0.0	8000.0	cluster_2	BO-82Tapyta/BO-82TAPYTA_20250416_223002.wav
299	1	1			0.0	8000.0		
300	1	1			0.0	8000.0		
301	1	1	48.0	52.0	0.0	8000.0	cluster_2	BO-81Tapyta/BO-81TAPYTA_20250413_203402.wav
302	1	1			0.0	8000.0		
303	1	1			0.0	8000.0		
304	1	1			0.0	8000.0		
305	1	1	24.0	28.0	0.0	8000.0	cluster_2	BO-82Tapyta/BO-82TAPYTA_20250418_012002.wav
306	1	1			0.0	8000.0		
307	1	1			0.0	8000.0		
308	1	1			0.0	8000.0		
309	1	1	38.0	42.0	0.0	8000.0	cluster_2	BO-82Tapyta/BO-82TAPYTA_20250425_014902.wav
310	1	1	0.0	4.0	0.0	8000.0	cluster_2	BO-82Tapyta/BO-82TAPYTA_20250412_045302.wav
311	1	1			0.0	8000.0		
312	1	1			0.0	8000.0		
313	1	1	38.0	42.0	0.0	8000.0	cluster_2	BO-82Tapyta/BO-82TAPYTA_20250415_211502.wav
314	1	1			0.0	8000.0		
315	1	1			0.0	8000.0		
316	1	1			0.0	8000.0		
317	1	1			0.0	8000.0		
318	1	1			0.0	8000.0		
319	1	1			0.0	8000.0		
320	1	1			0.0	8000.0		
321	1	1			0.0	8000.0		
322	1	1			0.0	8000.0		
323	1	1			0.0	8000.0		
324	1	1			0.0	8000.0		
325	1	1			0.0	8000.0		
326	1	1			0.0	8000.0		
327	1	1	14.0	18.0	0.0	8000.0	cluster_2	BO-81Tapyta/BO-81TAPYTA_20250416_001502.wav
328	1	1			0.0	8000.0		
329	1	1			0.0	8000.0		
330	1	1			0.0	8000.0		
331	1	1	26.0	30.0	0.0	8000.0	cluster_2	BO-82Tapyta/BO-82TAPYTA_20250425_213402.wav
332	1	1			0.0	8000.0		
333	1	1			0.0	8000.0		
334	1	1	28.0	32.0	0.0	8000.0	cluster_2	BO-82Tapyta/BO-82TAPYTA_20250412_051502.wav
335	1	1			0.0	8000.0		
336	1	1			0.0	8000.0		
337	1	1	12.0	16.0	0.0	8000.0	cluster_2	BO-82Tapyta/BO-82TAPYTA_20250416_234702.wav
338	1	1	38.0	42.0	0.0	8000.0	cluster_2	BO-82Tapyta/BO-82TAPYTA_20250426_195202.wav
339	1	1			0.0	8000.0		
340	1	1	52.0	56.0	0.0	8000.0	cluster_2	BO-82Tapyta/BO-82TAPYTA_20250425_013402.wav
341	1	1			0.0	8000.0		
342	1	1			0.0	8000.0		
343	1	1			0.0	8000.0		
344	1	1			0.0	8000.0		
345	1	1			0.0	8000.0		
346	1	1			0.0	8000.0		
347	1	1	12.0	16.0	0.0	8000.0	cluster_2	BO-82Tapyta/BO-82TAPYTA_20250411_190002.wav
348	1	1			0.0	8000.0		
349	1	1			0.0	8000.0		
350	1	1	12.0	16.0	0.0	8000.0	cluster_2	BO-82Tapyta/BO-82TAPYTA_20250426_053202.wav
351	1	1			0.0	8000.0		
352	1	1			0.0	8000.0		
353	1	1			0.0	8000.0		
354	1	1			0.0	8000.0		
355	1	1	24.0	28.0	0.0	8000.0	cluster_2	BO-82Tapyta/BO-82TAPYTA_20250426_034602.wav
356	1	1			0.0	8000.0		
357	1	1			0.0	8000.0		
358	1	1			0.0	8000.0		
359	1	1			0.0	8000.0		
360	1	1			0.0	8000.0		
361	1	1			0.0	8000.0		
362	1	1	42.0	46.0	0.0	8000.0	cluster_2	BO-82Tapyta/BO-82TAPYTA_20250502_190202.wav
363	1	1			0.0	8000.0		
364	1	1	24.0	28.0	0.0	8000.0	cluster_2	BO-82Tapyta/BO-82TAPYTA_20250426_231702.wav
365	1	1			0.0	8000.0		
366	1	1			0.0	8000.0		
367	1	1	50.0	54.0	0.0	8000.0	cluster_2	BO-81Tapyta/BO-81TAPYTA_20250415_215002.wav
368	1	1			0.0	8000.0		
369	1	1			0.0	8000.0		
370	1	1			0.0	8000.0		
371	1	1	6.0	10.0	0.0	8000.0	cluster_2	BO-82Tapyta/BO-82TAPYTA_20250427_013602.wav
372	1	1			0.0	8000.0		
373	1	1			0.0	8000.0		
374	1	1			0.0	8000.0		
375	1	1			0.0	8000.0		
376	1	1			0.0	8000.0		
377	1	1	40.0	44.0	0.0	8000.0	cluster_2	BO-81Tapyta/BO-81TAPYTA_20250416_040002.wav
378	1	1			0.0	8000.0		
379	1	1			0.0	8000.0		
380	1	1	16.0	20.0	0.0	8000.0	cluster_2	BO-82Tapyta/BO-82TAPYTA_20250415_200202.wav
381	1	1			0.0	8000.0		
382	1	1			0.0	8000.0		
383	1	1			0.0	8000.0		
384	1	1			0.0	8000.0		
385	1	1	46.0	50.0	0.0	8000.0	cluster_2	BO-82Tapyta/BO-82TAPYTA_20250416_023002.wav
386	1	1			0.0	8000.0		
387	1	1			0.0	8000.0		
388	1	1			0.0	8000.0		
389	1	1			0.0	8000.0		
390	1	1	34.0	38.0	0.0	8000.0	cluster_2	BO-81Tapyta/BO-81TAPYTA_20250413_204802.wav
391	1	1	10.0	14.0	0.0	8000.0	cluster_2	BO-82Tapyta/BO-82TAPYTA_20250426_214102.wav
392	1	1			0.0	8000.0		
393	1	1			0.0	8000.0		
394	1	1			0.0	8000.0		
395	1	1	0.0	4.0	0.0	8000.0	cluster_2	BO-82Tapyta/BO-82TAPYTA_20250426_001802.wav
396	1	1			0.0	8000.0		
397	1	1			0.0	8000.0		
398	1	1			0.0	8000.0		
399	1	1			0.0	8000.0		
400	1	1			0.0	8000.0		
401	1	1			0.0	8000.0		
402	1	1			0.0	8000.0		
403	1	1			0.0	8000.0		
404	1	1			0.0	8000.0		
405	1	1			0.0	8000.0		
406	1	1			0.0	8000.0		
407	1	1			0.0	8000.0		
408	1	1			0.0	8000.0		
409	1	1	16.0	20.0	0.0	8000.0	cluster_2	BO-82Tapyta/BO-82TAPYTA_20250416_193802.wav
410	1	1			0.0	8000.0		
411	1	1			0.0	8000.0		
412	1	1			0.0	8000.0		
413	1	1	20.0	24.0	0.0	8000.0	cluster_2	BO-81Tapyta/BO-81TAPYTA_20250412_022602.wav
414	1	1			0.0	8000.0		
415	1	1			0.0	8000.0		
416	1	1			0.0	8000.0		
417	1	1	24.0	28.0	0.0	8000.0	cluster_2	BO-82Tapyta/BO-82TAPYTA_20250417_210802.wav
418	1	1			0.0	8000.0		
419	1	1			0.0	8000.0		
420	1	1			0.0	8000.0		
421	1	1	14.0	18.0	0.0	8000.0	cluster_2	BO-82Tapyta/BO-82TAPYTA_20250426_000502.wav
422	1	1			0.0	8000.0		
423	1	1			0.0	8000.0		
424	1	1			0.0	8000.0		
425	1	1			0.0	8000.0		
426	1	1			0.0	8000.0		
427	1	1			0.0	8000.0		
428	1	1			0.0	8000.0		
429	1	1			0.0	8000.0		
430	1	1			0.0	8000.0		
431	1	1			0.0	8000.0		
432	1	1			0.0	8000.0		
433	1	1	14.0	18.0	0.0	8000.0	cluster_2	BO-82Tapyta/BO-82TAPYTA_20250426_003602.wav
434	1	1			0.0	8000.0		
435	1	1			0.0	8000.0		
436	1	1			0.0	8000.0		
437	1	1			0.0	8000.0		
438	1	1			0.0	8000.0		
439	1	1			0.0	8000.0		
440	1	1			0.0	8000.0		
441	1	1			0.0	8000.0		
442	1	1			0.0	8000.0		
443	1	1			0.0	8000.0		
444	1	1			0.0	8000.0		
445	1	1			0.0	8000.0		
446	1	1	50.0	54.0	0.0	8000.0	cluster_2	BO-82Tapyta/BO-82TAPYTA_20250411_185602.wav
447	1	1			0.0	8000.0		
448	1	1			0.0	8000.0		
449	1	1			0.0	8000.0		
450	1	1			0.0	8000.0		
451	1	1			0.0	8000.0		
452	1	1			0.0	8000.0		
453	1	1	18.0	22.0	0.0	8000.0	cluster_2	BO-82Tapyta/BO-82TAPYTA_20250412_000402.wav
454	1	1			0.0	8000.0		
455	1	1			0.0	8000.0		
456	1	1			0.0	8000.0		
457	1	1			0.0	8000.0		
458	1	1	34.0	38.0	0.0	8000.0	cluster_2	BO-82Tapyta/BO-82TAPYTA_20250411_211002.wav
459	1	1	16.0	20.0	0.0	8000.0	cluster_2	BO-82Tapyta/BO-82TAPYTA_20250415_213002.wav
460	1	1	36.0	40.0	0.0	8000.0	cluster_2	BO-82Tapyta/BO-82TAPYTA_20250412_002902.wav
461	1	1			0.0	8000.0		
462	1	1			0.0	8000.0		
463	1	1			0.0	8000.0		
464	1	1	8.0	12.0	0.0	8000.0	cluster_2	BO-82Tapyta/BO-82TAPYTA_20250427_223702.wav
465	1	1			0.0	8000.0		
466	1	1			0.0	8000.0		
467	1	1			0.0	8000.0		
468	1	1	40.0	44.0	0.0	8000.0	cluster_2	BO-82Tapyta/BO-82TAPYTA_20250412_001702.wav
469	1	1			0.0	8000.0		
470	1	1			0.0	8000.0		
471	1	1	46.0	50.0	0.0	8000.0	cluster_2	BO-82Tapyta/BO-82TAPYTA_20250417_025602.wav
472	1	1			0.0	8000.0		
473	1	1			0.0	8000.0		
474	1	1			0.0	8000.0		
475	1	1			0.0	8000.0		
476	1	1			0.0	8000.0		
477	1	1			0.0	8000.0		
478	1	1			0.0	8000.0		
479	1	1			0.0	8000.0		
480	1	1	52.0	56.0	0.0	8000.0	cluster_2	BO-82Tapyta/BO-82TAPYTA_20250411_210302.wav
481	1	1	2.0	6.0	0.0	8000.0	cluster_2	BO-81Tapyta/BO-81TAPYTA_20250416_020402.wav
482	1	1	34.0	38.0	0.0	8000.0	cluster_2	BO-82Tapyta/BO-82TAPYTA_20250417_023902.wav
483	1	1			0.0	8000.0		
484	1	1			0.0	8000.0		
485	1	1			0.0	8000.0		
486	1	1			0.0	8000.0		
487	1	1	16.0	20.0	0.0	8000.0	cluster_2	BO-82Tapyta/BO-82TAPYTA_20250425_214202.wav
488	1	1	26.0	30.0	0.0	8000.0	cluster_2	BO-82Tapyta/BO-82TAPYTA_20250412_025402.wav
489	1	1			0.0	8000.0		
490	1	1			0.0	8000.0		
491	1	1			0.0	8000.0		
492	1	1			0.0	8000.0		
493	1	1			0.0	8000.0		
494	1	1	48.0	52.0	0.0	8000.0	cluster_2	BO-82Tapyta/BO-82TAPYTA_20250418_002002.wav
495	1	1			0.0	8000.0		
496	1	1			0.0	8000.0		
497	1	1	14.0	18.0	0.0	8000.0	cluster_2	BO-82Tapyta/BO-82TAPYTA_20250417_022602.wav
498	1	1			0.0	8000.0		
499	1	1			0.0	8000.0		
500	1	1			0.0	8000.0		
501	1	1			0.0	8000.0		
502	1	1			0.0	8000.0		
503	1	1			0.0	8000.0		
504	1	1			0.0	8000.0		
505	1	1			0.0	8000.0		
506	1	1	50.0	54.0	0.0	8000.0	cluster_2	BO-82Tapyta/BO-82TAPYTA_20250426_224002.wav
507	1	1			0.0	8000.0		
508	1	1	42.0	46.0	0.0	8000.0	cluster_2	BO-82Tapyta/BO-82TAPYTA_20250416_041902.wav
509	1	1			0.0	8000.0		
510	1	1			0.0	8000.0		
511	1	1			0.0	8000.0		
512	1	1			0.0	8000.0		
513	1	1			0.0	8000.0		
514	1	1			0.0	8000.0		
515	1	1			0.0	8000.0		
516	1	1	36.0	40.0	0.0	8000.0	cluster_2	BO-81Tapyta/BO-81TAPYTA_20250416_010002.wav
517	1	1			0.0	8000.0		
518	1	1	16.0	20.0	0.0	8000.0	cluster_2	BO-82Tapyta/BO-82TAPYTA_20250424_235902.wav
519	1	1			0.0	8000.0		
520	1	1			0.0	8000.0		
521	1	1			0.0	8000.0		
522	1	1			0.0	8000.0		
523	1	1			0.0	8000.0		
524	1	1			0.0	8000.0		
525	1	1	16.0	20.0	0.0	8000.0	cluster_2	BO-82Tapyta/BO-82TAPYTA_20250424_200402.wav
526	1	1			0.0	8000.0		
527	1	1	36.0	40.0	0.0	8000.0	cluster_2	BO-82Tapyta/BO-82TAPYTA_20250427_203102.wav
528	1	1			0.0	8000.0		
529	1	1			0.0	8000.0		
530	1	1			0.0	8000.0		
531	1	1			0.0	8000.0		
532	1	1			0.0	8000.0		
533	1	1			0.0	8000.0		
534	1	1			0.0	8000.0		
535	1	1			0.0	8000.0		
536	1	1	26.0	30.0	0.0	8000.0	cluster_2	BO-82Tapyta/BO-82TAPYTA_20250417_223302.wav
537	1	1	24.0	28.0	0.0	8000.0	cluster_2	BO-82Tapyta/BO-82TAPYTA_20250426_195002.wav
538	1	1	4.0	8.0	0.0	8000.0	cluster_2	BO-82Tapyta/BO-82TAPYTA_20250411_233402.wav
539	1	1			0.0	8000.0		
540	1	1			0.0	8000.0		
541	1	1			0.0	8000.0		
542	1	1			0.0	8000.0		
543	1	1	40.0	44.0	0.0	8000.0	cluster_2	BO-82Tapyta/BO-82TAPYTA_20250427_055802.wav
544	1	1			0.0	8000.0		
545	1	1			0.0	8000.0		
546	1	1			0.0	8000.0		
547	1	1			0.0	8000.0		
548	1	1			0.0	8000.0		
549	1	1	38.0	42.0	0.0	8000.0	cluster_2	BO-82Tapyta/BO-82TAPYTA_20250425_023302.wav
550	1	1			0.0	8000.0		
551	1	1			0.0	8000.0		
552	1	1	22.0	26.0	0.0	8000.0	cluster_2	BO-82Tapyta/BO-82TAPYTA_20250418_053402.wav
553	1	1	36.0	40.0	0.0	8000.0	cluster_2	BO-82Tapyta/BO-82TAPYTA_20250417_195302.wav
554	1	1			0.0	8000.0		
555	1	1	50.0	54.0	0.0	8000.0	cluster_2	BO-81Tapyta/BO-81TAPYTA_20250412_042802.wav
556	1	1			0.0	8000.0		
557	1	1			0.0	8000.0		
558	1	1			0.0	8000.0		
559	1	1			0.0	8000.0		
560	1	1	24.0	28.0	0.0	8000.0	cluster_2	BO-82Tapyta/BO-82TAPYTA_20250414_205702.wav
561	1	1	28.0	32.0	0.0	8000.0	cluster_2	BO-82Tapyta/BO-82TAPYTA_20250417_020002.wav
562	1	1	14.0	18.0	0.0	8000.0	cluster_2	BO-82Tapyta/BO-82TAPYTA_20250412_020202.wav
563	1	1			0.0	8000.0		
564	1	1			0.0	8000.0		
565	1	1	32.0	36.0	0.0	8000.0	cluster_2	BO-82Tapyta/BO-82TAPYTA_20250425_211202.wav
566	1	1			0.0	8000.0		
567	1	1	38.0	42.0	0.0	8000.0	cluster_2	BO-82Tapyta/BO-82TAPYTA_20250411_213402.wav
568	1	1	40.0	44.0	0.0	8000.0	cluster_2	BO-82Tapyta/BO-82TAPYTA_20250424_233402.wav
569	1	1	22.0	26.0	0.0	8000.0	cluster_2	BO-82Tapyta/BO-82TAPYTA_20250412_022502.wav
570	1	1	20.0	24.0	0.0	8000.0	cluster_2	BO-81Tapyta/BO-81TAPYTA_20250415_214402.wav
571	1	1			0.0	8000.0		
572	1	1	44.0	48.0	0.0	8000.0	cluster_2	BO-82Tapyta/BO-82TAPYTA_20250412_034602.wav
573	1	1			0.0	8000.0		
574	1	1			0.0	8000.0		
575	1	1	22.0	26.0	0.0	8000.0	cluster_2	BO-82Tapyta/BO-82TAPYTA_20250418_043402.wav
576	1	1			0.0	8000.0		
577	1	1			0.0	8000.0		
578	1	1			0.0	8000.0		
579	1	1	0.0	4.0	0.0	8000.0	cluster_2	BO-82Tapyta/BO-82TAPYTA_20250416_205102.wav
580	1	1			0.0	8000.0		
581	1	1			0.0	8000.0		
582	1	1			0.0	8000.0		
583	1	1			0.0	8000.0		
584	1	1			0.0	8000.0		
585	1	1			0.0	8000.0		
586	1	1			0.0	8000.0		
587	1	1	12.0	16.0	0.0	8000.0	cluster_2	BO-82Tapyta/BO-82TAPYTA_20250427_004902.wav
588	1	1			0.0	8000.0		
589	1	1			0.0	8000.0		
590	1	1			0.0	8000.0		
591	1	1			0.0	8000.0		
592	1	1			0.0	8000.0		
593	1	1			0.0	8000.0		
594	1	1			0.0	8000.0		
595	1	1			0.0	8000.0		
596	1	1			0.0	8000.0		
597	1	1			0.0	8000.0		
598	1	1			0.0	8000.0		
599	1	1	8.0	12.0	0.0	8000.0	cluster_2	BO-82Tapyta/BO-82TAPYTA_20250424_223602.wav
600	1	1			0.0	8000.0		
601	1	1	4.0	8.0	0.0	8000.0	cluster_2	BO-82Tapyta/BO-82TAPYTA_20250412_032302.wav
602	1	1			0.0	8000.0		
603	1	1			0.0	8000.0		
604	1	1	42.0	46.0	0.0	8000.0	cluster_2	BO-82Tapyta/BO-82TAPYTA_20250418_055802.wav
605	1	1			0.0	8000.0		
606	1	1			0.0	8000.0		
607	1	1			0.0	8000.0		
608	1	1	22.0	26.0	0.0	8000.0	cluster_2	BO-82Tapyta/BO-82TAPYTA_20250424_221002.wav
609	1	1	24.0	28.0	0.0	8000.0	cluster_2	BO-82Tapyta/BO-82TAPYTA_20250425_193302.wav
610	1	1			0.0	8000.0		
611	1	1			0.0	8000.0		
612	1	1			0.0	8000.0		
613	1	1			0.0	8000.0		
614	1	1			0.0	8000.0		
615	1	1			0.0	8000.0		
616	1	1	30.0	34.0	0.0	8000.0	cluster_2	BO-82Tapyta/BO-82TAPYTA_20250415_230202.wav
617	1	1			0.0	8000.0		
618	1	1			0.0	8000.0		
619	1	1			0.0	8000.0		
620	1	1	32.0	36.0	0.0	8000.0	cluster_2	BO-82Tapyta/BO-82TAPYTA_20250417_192602.wav
621	1	1			0.0	8000.0		
622	1	1			0.0	8000.0		
623	1	1			0.0	8000.0		
624	1	1	20.0	24.0	0.0	8000.0	cluster_2	BO-82Tapyta/BO-82TAPYTA_20250426_002802.wav
625	1	1	28.0	32.0	0.0	8000.0	cluster_2	BO-82Tapyta/BO-82TAPYTA_20250417_235802.wav
626	1	1			0.0	8000.0		
627	1	1	20.0	24.0	0.0	8000.0	cluster_2	BO-82Tapyta/BO-82TAPYTA_20250413_221402.wav
628	1	1			0.0	8000.0		
629	1	1			0.0	8000.0		
630	1	1			0.0	8000.0		
631	1	1			0.0	8000.0		
632	1	1			0.0	8000.0		
633	1	1			0.0	8000.0		
634	1	1			0.0	8000.0		
635	1	1			0.0	8000.0		
636	1	1			0.0	8000.0		
637	1	1			0.0	8000.0		
638	1	1			0.0	8000.0		
639	1	1	32.0	36.0	0.0	8000.0	cluster_2	BO-82Tapyta/BO-82TAPYTA_20250412_030902.wav
640	1	1			0.0	8000.0		
641	1	1			0.0	8000.0		
642	1	1			0.0	8000.0		
643	1	1			0.0	8000.0		
644	1	1			0.0	8000.0		
645	1	1			0.0	8000.0		
646	1	1	42.0	46.0	0.0	8000.0	cluster_2	BO-82Tapyta/BO-82TAPYTA_20250425_211802.wav
647	1	1	42.0	46.0	0.0	8000.0	cluster_2	BO-82Tapyta/BO-82TAPYTA_20250411_205402.wav
648	1	1			0.0	8000.0		
649	1	1			0.0	8000.0		
650	1	1			0.0	8000.0		
651	1	1			0.0	8000.0		
652	1	1			0.0	8000.0		
653	1	1			0.0	8000.0		
654	1	1			0.0	8000.0		
655	1	1	10.0	14.0	0.0	8000.0	cluster_2	BO-82Tapyta/BO-82TAPYTA_20250412_002302.wav
656	1	1			0.0	8000.0		
657	1	1			0.0	8000.0		
658	1	1	32.0	36.0	0.0	8000.0	cluster_2	BO-82Tapyta/BO-82TAPYTA_20250427_042502.wav
659	1	1			0.0	8000.0		
660	1	1			0.0	8000.0		
661	1	1			0.0	8000.0		
662	1	1	24.0	28.0	0.0	8000.0	cluster_2	BO-82Tapyta/BO-82TAPYTA_20250425_235302.wav
663	1	1			0.0	8000.0		
664	1	1			0.0	8000.0		
665	1	1			0.0	8000.0		
666	1	1			0.0	8000.0		
667	1	1			0.0	8000.0		
668	1	1			0.0	8000.0		
669	1	1			0.0	8000.0		
670	1	1			0.0	8000.0		
671	1	1			0.0	8000.0		
672	1	1			0.0	8000.0		
673	1	1			0.0	8000.0		
674	1	1			0.0	8000.0		
675	1	1			0.0	8000.0		
676	1	1			0.0	8000.0		
677	1	1	24.0	28.0	0.0	8000.0	cluster_2	BO-82Tapyta/BO-82TAPYTA_20250425_021202.wav
678	1	1			0.0	8000.0		
679	1	1			0.0	8000.0		
680	1	1	2.0	6.0	0.0	8000.0	cluster_2	BO-81Tapyta/BO-81TAPYTA_20250413_204202.wav
681	1	1	30.0	34.0	0.0	8000.0	cluster_2	BO-82Tapyta/BO-82TAPYTA_20250418_031102.wav
682	1	1	8.0	12.0	0.0	8000.0	cluster_2	BO-82Tapyta/BO-82TAPYTA_20250426_233902.wav
683	1	1			0.0	8000.0		
684	1	1			0.0	8000.0		
685	1	1			0.0	8000.0		
686	1	1	50.0	54.0	0.0	8000.0	cluster_2	BO-82Tapyta/BO-82TAPYTA_20250426_231002.wav
687	1	1			0.0	8000.0		
688	1	1			0.0	8000.0		
689	1	1	22.0	26.0	0.0	8000.0	cluster_2	BO-82Tapyta/BO-82TAPYTA_20250427_042802.wav
690	1	1	28.0	32.0	0.0	8000.0	cluster_2	BO-82Tapyta/BO-82TAPYTA_20250426_214502.wav
691	1	1			0.0	8000.0		
692	1	1			0.0	8000.0		
693	1	1			0.0	8000.0		
694	1	1			0.0	8000.0		
695	1	1			0.0	8000.0		
696	1	1			0.0	8000.0		
697	1	1			0.0	8000.0		
698	1	1	26.0	30.0	0.0	8000.0	cluster_2	BO-82Tapyta/BO-82TAPYTA_20250416_000902.wav
699	1	1			0.0	8000.0		
700	1	1			0.0	8000.0		
701	1	1			0.0	8000.0		
702	1	1			0.0	8000.0		
703	1	1			0.0	8000.0		
704	1	1	10.0	14.0	0.0	8000.0	cluster_2	BO-82Tapyta/BO-82TAPYTA_20250502_210002.wav
705	1	1			0.0	8000.0		
706	1	1	2.0	6.0	0.0	8000.0	cluster_2	BO-81Tapyta/BO-81TAPYTA_20250416_024002.wav
707	1	1			0.0	8000.0		
708	1	1	44.0	48.0	0.0	8000.0	cluster_2	BO-82Tapyta/BO-82TAPYTA_20250416_212002.wav
709	1	1	44.0	48.0	0.0	8000.0	cluster_2	BO-81Tapyta/BO-81TAPYTA_20250416_032102.wav
710	1	1			0.0	8000.0		
711	1	1	40.0	44.0	0.0	8000.0	cluster_2	BO-82Tapyta/BO-82TAPYTA_20250426_051102.wav
712	1	1			0.0	8000.0		
713	1	1			0.0	8000.0		
714	1	1	22.0	26.0	0.0	8000.0	cluster_2	BO-82Tapyta/BO-82TAPYTA_20250413_222202.wav
715	1	1			0.0	8000.0		
716	1	1			0.0	8000.0		
717	1	1	16.0	20.0	0.0	8000.0	cluster_2	BO-82Tapyta/BO-82TAPYTA_20250417_235902.wav
718	1	1			0.0	8000.0		
719	1	1			0.0	8000.0		
720	1	1			0.0	8000.0		
721	1	1			0.0	8000.0		
722	1	1			0.0	8000.0		
723	1	1	32.0	36.0	0.0	8000.0	cluster_2	BO-82Tapyta/BO-82TAPYTA_20250502_192302.wav
724	1	1			0.0	8000.0		
725	1	1			0.0	8000.0		
726	1	1			0.0	8000.0		
727	1	1			0.0	8000.0		
728	1	1	18.0	22.0	0.0	8000.0	cluster_2	BO-82Tapyta/BO-82TAPYTA_20250416_011602.wav
729	1	1			0.0	8000.0		
730	1	1			0.0	8000.0		
731	1	1			0.0	8000.0		
732	1	1			0.0	8000.0		
733	1	1			0.0	8000.0		
734	1	1			0.0	8000.0		
735	1	1			0.0	8000.0		
736	1	1	48.0	52.0	0.0	8000.0	cluster_2	BO-82Tapyta/BO-82TAPYTA_20250417_234302.wav
737	1	1	38.0	42.0	0.0	8000.0	cluster_2	BO-81Tapyta/BO-81TAPYTA_20250416_040202.wav
738	1	1			0.0	8000.0		
739	1	1			0.0	8000.0		
740	1	1			0.0	8000.0		
741	1	1			0.0	8000.0		
742	1	1			0.0	8000.0		
743	1	1			0.0	8000.0		
744	1	1			0.0	8000.0		
745	1	1			0.0	8000.0		
746	1	1	44.0	48.0	0.0	8000.0	cluster_2	BO-82Tapyta/BO-82TAPYTA_20250416_015602.wav
747	1	1	26.0	30.0	0.0	8000.0	cluster_2	BO-82Tapyta/BO-82TAPYTA_20250411_232702.wav
748	1	1			0.0	8000.0		
749	1	1	38.0	42.0	0.0	8000.0	cluster_2	BO-82Tapyta/BO-82TAPYTA_20250426_204602.wav
750	1	1	30.0	34.0	0.0	8000.0	cluster_2	BO-82Tapyta/BO-82TAPYTA_20250424_222302.wav
751	1	1			0.0	8000.0		
752	1	1			0.0	8000.0		
753	1	1			0.0	8000.0		
754	1	1			0.0	8000.0		
755	1	1			0.0	8000.0		
756	1	1			0.0	8000.0		
757	1	1			0.0	8000.0		
758	1	1			0.0	8000.0		
759	1	1	24.0	28.0	0.0	8000.0	cluster_2	BO-82Tapyta/BO-82TAPYTA_20250426_000702.wav
760	1	1			0.0	8000.0		
761	1	1			0.0	8000.0		
762	1	1			0.0	8000.0		
763	1	1			0.0	8000.0		
764	1	1			0.0	8000.0		
765	1	1			0.0	8000.0		
766	1	1			0.0	8000.0		
767	1	1	38.0	42.0	0.0	8000.0	cluster_2	BO-82Tapyta/BO-82TAPYTA_20250427_021402.wav
768	1	1			0.0	8000.0		
769	1	1			0.0	8000.0		
770	1	1			0.0	8000.0		
771	1	1			0.0	8000.0		
772	1	1			0.0	8000.0		
773	1	1			0.0	8000.0		
774	1	1	18.0	22.0	0.0	8000.0	cluster_2	BO-82Tapyta/BO-82TAPYTA_20250410_190602.wav
775	1	1			0.0	8000.0		
776	1	1			0.0	8000.0		
777	1	1			0.0	8000.0		
778	1	1			0.0	8000.0		
779	1	1			0.0	8000.0		
780	1	1			0.0	8000.0		
781	1	1			0.0	8000.0		
782	1	1			0.0	8000.0		
783	1	1			0.0	8000.0		
784	1	1			0.0	8000.0		
785	1	1			0.0	8000.0		
786	1	1			0.0	8000.0		
787	1	1			0.0	8000.0		
788	1	1			0.0	8000.0		
789	1	1			0.0	8000.0		
790	1	1			0.0	8000.0		
791	1	1			0.0	8000.0		
792	1	1			0.0	8000.0		
793	1	1			0.0	8000.0		
794	1	1	40.0	44.0	0.0	8000.0	cluster_2	BO-82Tapyta/BO-82TAPYTA_20250427_035202.wav
795	1	1			0.0	8000.0		
796	1	1			0.0	8000.0		
797	1	1	22.0	26.0	0.0	8000.0	cluster_2	BO-82Tapyta/BO-82TAPYTA_20250412_041302.wav
798	1	1			0.0	8000.0		
799	1	1	20.0	24.0	0.0	8000.0	cluster_2	BO-82Tapyta/BO-82TAPYTA_20250411_185502.wav
800	1	1			0.0	8000.0		
801	1	1			0.0	8000.0		
802	1	1			0.0	8000.0		
803	1	1			0.0	8000.0		
804	1	1	26.0	30.0	0.0	8000.0	cluster_2	BO-81Tapyta/BO-81TAPYTA_20250416_053102.wav
805	1	1			0.0	8000.0		
806	1	1	30.0	34.0	0.0	8000.0	cluster_2	BO-82Tapyta/BO-82TAPYTA_20250415_201402.wav
807	1	1			0.0	8000.0		
808	1	1	30.0	34.0	0.0	8000.0	cluster_2	BO-82Tapyta/BO-82TAPYTA_20250413_011002.wav
809	1	1			0.0	8000.0		
810	1	1	12.0	16.0	0.0	8000.0	cluster_2	BO-81Tapyta/BO-81TAPYTA_20250416_023302.wav
811	1	1			0.0	8000.0		
812	1	1			0.0	8000.0		
813	1	1			0.0	8000.0		
814	1	1	8.0	12.0	0.0	8000.0	cluster_2	BO-82Tapyta/BO-82TAPYTA_20250426_040902.wav
815	1	1	50.0	54.0	0.0	8000.0	cluster_2	BO-81Tapyta/BO-81TAPYTA_20250415_211902.wav
816	1	1	8.0	12.0	0.0	8000.0	cluster_2	BO-82Tapyta/BO-82TAPYTA_20250424_225402.wav
817	1	1			0.0	8000.0		
818	1	1			0.0	8000.0		
819	1	1			0.0	8000.0		
820	1	1			0.0	8000.0		
821	1	1			0.0	8000.0		
822	1	1			0.0	8000.0		
823	1	1			0.0	8000.0		
824	1	1	8.0	12.0	0.0	8000.0	cluster_2	BO-82Tapyta/BO-82TAPYTA_20250418_013502.wav
825	1	1			0.0	8000.0		
826	1	1			0.0	8000.0		
827	1	1			0.0	8000.0		
828	1	1			0.0	8000.0		
829	1	1	4.0	8.0	0.0	8000.0	cluster_2	BO-82Tapyta/BO-82TAPYTA_20250416_040102.wav
830	1	1			0.0	8000.0		
831	1	1	8.0	12.0	0.0	8000.0	cluster_2	BO-81Tapyta/BO-81TAPYTA_20250416_013402.wav
832	1	1			0.0	8000.0		
833	1	1	30.0	34.0	0.0	8000.0	cluster_2	BO-82Tapyta/BO-82TAPYTA_20250417_015502.wav
834	1	1			0.0	8000.0		
835	1	1			0.0	8000.0		
836	1	1			0.0	8000.0		
837	1	1			0.0	8000.0		
838	1	1			0.0	8000.0		
839	1	1			0.0	8000.0		
840	1	1			0.0	8000.0		
841	1	1	20.0	24.0	0.0	8000.0	cluster_2	BO-82Tapyta/BO-82TAPYTA_20250427_204202.wav
842	1	1			0.0	8000.0		
843	1	1	16.0	20.0	0.0	8000.0	cluster_2	BO-82Tapyta/BO-82TAPYTA_20250417_022702.wav
844	1	1			0.0	8000.0		
845	1	1			0.0	8000.0		
846	1	1			0.0	8000.0		
847	1	1			0.0	8000.0		
848	1	1			0.0	8000.0		
849	1	1	46.0	50.0	0.0	8000.0	cluster_2	BO-82Tapyta/BO-82TAPYTA_20250411_225102.wav
850	1	1			0.0	8000.0		
851	1	1			0.0	8000.0		
852	1	1			0.0	8000.0		
853	1	1	12.0	16.0	0.0	8000.0	cluster_2	BO-82Tapyta/BO-82TAPYTA_20250425_193002.wav
854	1	1			0.0	8000.0		
855	1	1			0.0	8000.0		
856	1	1			0.0	8000.0		
857	1	1			0.0	8000.0		
858	1	1	18.0	22.0	0.0	8000.0	cluster_2	BO-82Tapyta/BO-82TAPYTA_20250427_023902.wav
859	1	1	14.0	18.0	0.0	8000.0	cluster_2	BO-82Tapyta/BO-82TAPYTA_20250416_195502.wav
860	1	1			0.0	8000.0		
861	1	1			0.0	8000.0		
862	1	1			0.0	8000.0		
863	1	1			0.0	8000.0		
864	1	1			0.0	8000.0		
865	1	1			0.0	8000.0		
866	1	1			0.0	8000.0		
867	1	1			0.0	8000.0		
868	1	1			0.0	8000.0		
869	1	1			0.0	8000.0		
870	1	1	30.0	34.0	0.0	8000.0	cluster_2	BO-82Tapyta/BO-82TAPYTA_20250426_200402.wav
871	1	1	4.0	8.0	0.0	8000.0	cluster_2	BO-82Tapyta/BO-82TAPYTA_20250417_220102.wav
872	1	1			0.0	8000.0		
873	1	1			0.0	8000.0		
874	1	1			0.0	8000.0		
875	1	1			0.0	8000.0		
876	1	1			0.0	8000.0		
877	1	1			0.0	8000.0		
878	1	1			0.0	8000.0		
879	1	1			0.0	8000.0		
880	1	1			0.0	8000.0		
881	1	1			0.0	8000.0		
882	1	1			0.0	8000.0		
883	1	1			0.0	8000.0		
884	1	1			0.0	8000.0		
885	1	1			0.0	8000.0		
886	1	1			0.0	8000.0		
887	1	1			0.0	8000.0		
888	1	1			0.0	8000.0		
889	1	1			0.0	8000.0		
890	1	1	44.0	48.0	0.0	8000.0	cluster_2	BO-81Tapyta/BO-81TAPYTA_20250411_215602.wav
891	1	1	18.0	22.0	0.0	8000.0	cluster_2	BO-82Tapyta/BO-82TAPYTA_20250412_053502.wav
892	1	1	2.0	6.0	0.0	8000.0	cluster_2	BO-81Tapyta/BO-81TAPYTA_20250416_035402.wav
893	1	1			0.0	8000.0		
894	1	1			0.0	8000.0		
895	1	1	18.0	22.0	0.0	8000.0	cluster_2	BO-82Tapyta/BO-82TAPYTA_20250412_053602.wav
896	1	1			0.0	8000.0		
897	1	1			0.0	8000.0		
898	1	1			0.0	8000.0		
899	1	1			0.0	8000.0		
900	1	1	26.0	30.0	0.0	8000.0	cluster_2	BO-82Tapyta/BO-82TAPYTA_20250416_015402.wav
901	1	1			0.0	8000.0		
902	1	1	38.0	42.0	0.0	8000.0	cluster_2	BO-81Tapyta/BO-81TAPYTA_20250415_211102.wav
903	1	1			0.0	8000.0		
904	1	1	36.0	40.0	0.0	8000.0	cluster_2	BO-82Tapyta/BO-82TAPYTA_20250417_055902.wav
905	1	1			0.0	8000.0		
906	1	1			0.0	8000.0		
907	1	1	10.0	14.0	0.0	8000.0	cluster_2	BO-82Tapyta/BO-82TAPYTA_20250426_041302.wav
908	1	1			0.0	8000.0		
909	1	1			0.0	8000.0		
910	1	1			0.0	8000.0		
911	1	1			0.0	8000.0		
912	1	1			0.0	8000.0		
913	1	1			0.0	8000.0		
914	1	1			0.0	8000.0		
915	1	1			0.0	8000.0		
916	1	1			0.0	8000.0		
917	1	1			0.0	8000.0		
918	1	1	40.0	44.0	0.0	8000.0	cluster_2	BO-81Tapyta/BO-81TAPYTA_20250416_011302.wav
919	1	1			0.0	8000.0		
920	1	1			0.0	8000.0		
921	1	1			0.0	8000.0		
922	1	1	8.0	12.0	0.0	8000.0	cluster_2	BO-82Tapyta/BO-82TAPYTA_20250502_200602.wav
923	1	1			0.0	8000.0		
924	1	1			0.0	8000.0		
925	1	1			0.0	8000.0		
926	1	1	18.0	22.0	0.0	8000.0	cluster_2	BO-82Tapyta/BO-82TAPYTA_20250427_000302.wav
927	1	1			0.0	8000.0		
928	1	1			0.0	8000.0		
929	1	1			0.0	8000.0		
930	1	1	16.0	20.0	0.0	8000.0	cluster_2	BO-82Tapyta/BO-82TAPYTA_20250426_001902.wav
931	1	1			0.0	8000.0		
932	1	1			0.0	8000.0		
933	1	1			0.0	8000.0		
934	1	1			0.0	8000.0		
935	1	1			0.0	8000.0		
936	1	1			0.0	8000.0		
937	1	1			0.0	8000.0		
938	1	1	52.0	56.0	0.0	8000.0	cluster_2	BO-82Tapyta/BO-82TAPYTA_20250418_011102.wav
939	1	1			0.0	8000.0		
940	1	1	16.0	20.0	0.0	8000.0	cluster_2	BO-82Tapyta/BO-82TAPYTA_20250416_230902.wav
941	1	1			0.0	8000.0		
942	1	1			0.0	8000.0		
943	1	1	42.0	46.0	0.0	8000.0	cluster_2	BO-82Tapyta/BO-82TAPYTA_20250417_193402.wav
944	1	1	26.0	30.0	0.0	8000.0	cluster_2	BO-82Tapyta/BO-82TAPYTA_20250415_201302.wav
945	1	1			0.0	8000.0		
946	1	1	34.0	38.0	0.0	8000.0	cluster_2	BO-82Tapyta/BO-82TAPYTA_20250427_035102.wav
947	1	1			0.0	8000.0		
948	1	1	4.0	8.0	0.0	8000.0	cluster_2	BO-82Tapyta/BO-82TAPYTA_20250427_032402.wav
949	1	1	18.0	22.0	0.0	8000.0	cluster_2	BO-82Tapyta/BO-82TAPYTA_20250425_201902.wav
950	1	1			0.0	8000.0		
951	1	1			0.0	8000.0		
952	1	1	20.0	24.0	0.0	8000.0	cluster_2	BO-81Tapyta/BO-81TAPYTA_20250413_203902.wav
953	1	1	46.0	50.0	0.0	8000.0	cluster_2	BO-82Tapyta/BO-82TAPYTA_20250502_214602.wav
954	1	1	38.0	42.0	0.0	8000.0	cluster_2	BO-81Tapyta/BO-81TAPYTA_20250414_214602.wav
955	1	1			0.0	8000.0		
956	1	1	0.0	4.0	0.0	8000.0	cluster_2	BO-81Tapyta/BO-81TAPYTA_20250412_034002.wav
957	1	1	36.0	40.0	0.0	8000.0	cluster_2	BO-82Tapyta/BO-82TAPYTA_20250415_191802.wav
958	1	1			0.0	8000.0		
959	1	1	14.0	18.0	0.0	8000.0	cluster_2	BO-82Tapyta/BO-82TAPYTA_20250426_000402.wav
960	1	1			0.0	8000.0		
961	1	1			0.0	8000.0		
962	1	1			0.0	8000.0		
963	1	1			0.0	8000.0		
964	1	1			0.0	8000.0		
965	1	1			0.0	8000.0		
966	1	1	26.0	30.0	0.0	8000.0	cluster_2	BO-82Tapyta/BO-82TAPYTA_20250414_212002.wav
967	1	1			0.0	8000.0		
968	1	1			0.0	8000.0		
969	1	1	0.0	4.0	0.0	8000.0	cluster_2	BO-82Tapyta/BO-82TAPYTA_20250502_190602.wav
970	1	1			0.0	8000.0		
971	1	1	16.0	20.0	0.0	8000.0	cluster_2	BO-82Tapyta/BO-82TAPYTA_20250425_211102.wav
972	1	1			0.0	8000.0		
973	1	1			0.0	8000.0		
974	1	1			0.0	8000.0		
975	1	1			0.0	8000.0		
976	1	1			0.0	8000.0		
977	1	1			0.0	8000.0		
978	1	1	16.0	20.0	0.0	8000.0	cluster_2	BO-82Tapyta/BO-82TAPYTA_20250427_011502.wav
979	1	1			0.0	8000.0		
980	1	1			0.0	8000.0		
981	1	1	46.0	50.0	0.0	8000.0	cluster_2	BO-82Tapyta/BO-82TAPYTA_20250411_202902.wav
982	1	1			0.0	8000.0		
983	1	1			0.0	8000.0		
984	1	1			0.0	8000.0		
985	1	1	16.0	20.0	0.0	8000.0	cluster_2	BO-82Tapyta/BO-82TAPYTA_20250415_203802.wav
986	1	1	38.0	42.0	0.0	8000.0	cluster_2	BO-82Tapyta/BO-82TAPYTA_20250417_215002.wav
987	1	1			0.0	8000.0		
988	1	1	40.0	44.0	0.0	8000.0	cluster_2	BO-82Tapyta/BO-82TAPYTA_20250426_235302.wav
989	1	1			0.0	8000.0		
990	1	1			0.0	8000.0		
991	1	1			0.0	8000.0		
992	1	1			0.0	8000.0		
993	1	1			0.0	8000.0		
994	1	1			0.0	8000.0		
995	1	1	40.0	44.0	0.0	8000.0	cluster_2	BO-82Tapyta/BO-82TAPYTA_20250417_235702.wav
996	1	1			0.0	8000.0		
997	1	1			0.0	8000.0		
998	1	1			0.0	8000.0		
999	1	1			0.0	8000.0		
1000	1	1			0.0	8000.0		
1001	1	1	40.0	44.0	0.0	8000.0	cluster_2	BO-82Tapyta/BO-82TAPYTA_20250416_003402.wav
1002	1	1			0.0	8000.0		
1003	1	1			0.0	8000.0		
1004	1	1			0.0	8000.0		
1005	1	1	50.0	54.0	0.0	8000.0	cluster_2	BO-82Tapyta/BO-82TAPYTA_20250413_011002.wav
1006	1	1	0.0	4.0	0.0	8000.0	cluster_2	BO-81Tapyta/BO-81TAPYTA_20250412_021202.wav
1007	1	1			0.0	8000.0		
1008	1	1			0.0	8000.0		
1009	1	1			0.0	8000.0		
1010	1	1			0.0	8000.0		
1011	1	1	36.0	40.0	0.0	8000.0	cluster_2	BO-82Tapyta/BO-82TAPYTA_20250417_034102.wav
1012	1	1			0.0	8000.0		
1013	1	1			0.0	8000.0		
1014	1	1			0.0	8000.0		
1015	1	1	26.0	30.0	0.0	8000.0	cluster_2	BO-82Tapyta/BO-82TAPYTA_20250416_201402.wav
1016	1	1	38.0	42.0	0.0	8000.0	cluster_2	BO-82Tapyta/BO-82TAPYTA_20250417_225802.wav
1017	1	1			0.0	8000.0		
1018	1	1			0.0	8000.0		
1019	1	1			0.0	8000.0		
1020	1	1	0.0	4.0	0.0	8000.0	cluster_2	BO-82Tapyta/BO-82TAPYTA_20250416_031102.wav
1021	1	1			0.0	8000.0		
1022	1	1			0.0	8000.0		
1023	1	1			0.0	8000.0		
1024	1	1			0.0	8000.0		
1025	1	1			0.0	8000.0		
1026	1	1			0.0	8000.0		
1027	1	1			0.0	8000.0		
1028	1	1			0.0	8000.0		
1029	1	1	42.0	46.0	0.0	8000.0	cluster_2	BO-82Tapyta/BO-82TAPYTA_20250415_231102.wav
1030	1	1	12.0	16.0	0.0	8000.0	cluster_2	BO-82Tapyta/BO-82TAPYTA_20250416_035502.wav
1031	1	1	6.0	10.0	0.0	8000.0	cluster_2	BO-82Tapyta/BO-82TAPYTA_20250426_190802.wav
1032	1	1	12.0	16.0	0.0	8000.0	cluster_2	BO-81Tapyta/BO-81TAPYTA_20250414_202102.wav
1033	1	1			0.0	8000.0		
1034	1	1			0.0	8000.0		
1035	1	1			0.0	8000.0		
1036	1	1	44.0	48.0	0.0	8000.0	cluster_2	BO-82Tapyta/BO-82TAPYTA_20250415_234602.wav
1037	1	1			0.0	8000.0		
1038	1	1	38.0	42.0	0.0	8000.0	cluster_2	BO-82Tapyta/BO-82TAPYTA_20250417_233802.wav
1039	1	1			0.0	8000.0		
1040	1	1			0.0	8000.0		
1041	1	1			0.0	8000.0		
1042	1	1			0.0	8000.0		
1043	1	1			0.0	8000.0		
1044	1	1			0.0	8000.0		
1045	1	1			0.0	8000.0		
1046	1	1			0.0	8000.0		
1047	1	1			0.0	8000.0		
1048	1	1	48.0	52.0	0.0	8000.0	cluster_2	BO-81Tapyta/BO-81TAPYTA_20250412_014102.wav
1049	1	1			0.0	8000.0		
1050	1	1			0.0	8000.0		
1051	1	1			0.0	8000.0		
1052	1	1			0.0	8000.0		
1053	1	1			0.0	8000.0		
1054	1	1			0.0	8000.0		
1055	1	1	10.0	14.0	0.0	8000.0	cluster_2	BO-81Tapyta/BO-81TAPYTA_20250415_213102.wav
1056	1	1	44.0	48.0	0.0	8000.0	cluster_2	BO-81Tapyta/BO-81TAPYTA_20250414_204602.wav
1057	1	1			0.0	8000.0		
1058	1	1			0.0	8000.0		
1059	1	1			0.0	8000.0		
1060	1	1			0.0	8000.0		
1061	1	1			0.0	8000.0		
1062	1	1			0.0	8000.0		
1063	1	1	10.0	14.0	0.0	8000.0	cluster_2	BO-81Tapyta/BO-81TAPYTA_20250416_031002.wav
1064	1	1			0.0	8000.0		
1065	1	1			0.0	8000.0		
1066	1	1			0.0	8000.0		
1067	1	1	20.0	24.0	0.0	8000.0	cluster_2	BO-82Tapyta/BO-82TAPYTA_20250415_235702.wav
1068	1	1			0.0	8000.0		
1069	1	1			0.0	8000.0		
1070	1	1			0.0	8000.0		
1071	1	1	10.0	14.0	0.0	8000.0	cluster_2	BO-82Tapyta/BO-82TAPYTA_20250418_015102.wav
1072	1	1			0.0	8000.0		
1073	1	1			0.0	8000.0		
1074	1	1			0.0	8000.0		
1075	1	1	10.0	14.0	0.0	8000.0	cluster_2	BO-82Tapyta/BO-82TAPYTA_20250418_055502.wav
1076	1	1			0.0	8000.0		
1077	1	1			0.0	8000.0		
1078	1	1			0.0	8000.0		
1079	1	1			0.0	8000.0		
1080	1	1			0.0	8000.0		
1081	1	1			0.0	8000.0		
1082	1	1	20.0	24.0	0.0	8000.0	cluster_2	BO-81Tapyta/BO-81TAPYTA_20250415_202102.wav
1083	1	1			0.0	8000.0		
1084	1	1			0.0	8000.0		
1085	1	1			0.0	8000.0		
1086	1	1			0.0	8000.0		
1087	1	1	34.0	38.0	0.0	8000.0	cluster_2	BO-82Tapyta/BO-82TAPYTA_20250424_225202.wav
1088	1	1			0.0	8000.0		
1089	1	1			0.0	8000.0		
1090	1	1			0.0	8000.0		
1091	1	1			0.0	8000.0		
1092	1	1			0.0	8000.0		
1093	1	1	32.0	36.0	0.0	8000.0	cluster_2	BO-81Tapyta/BO-81TAPYTA_20250416_014702.wav
1094	1	1			0.0	8000.0		
1095	1	1			0.0	8000.0		
1096	1	1			0.0	8000.0		
1097	1	1	12.0	16.0	0.0	8000.0	cluster_2	BO-82Tapyta/BO-82TAPYTA_20250427_230602.wav
1098	1	1	6.0	10.0	0.0	8000.0	cluster_2	BO-82Tapyta/BO-82TAPYTA_20250414_212102.wav
1099	1	1	44.0	48.0	0.0	8000.0	cluster_2	BO-81Tapyta/BO-81TAPYTA_20250412_013602.wav
1100	1	1			0.0	8000.0		
1101	1	1			0.0	8000.0		
1102	1	1	24.0	28.0	0.0	8000.0	cluster_2	BO-81Tapyta/BO-81TAPYTA_20250415_215602.wav
1103	1	1			0.0	8000.0		
1104	1	1	40.0	44.0	0.0	8000.0	cluster_2	BO-82Tapyta/BO-82TAPYTA_20250418_011202.wav
1105	1	1			0.0	8000.0		
1106	1	1			0.0	8000.0		
1107	1	1			0.0	8000.0		
1108	1	1			0.0	8000.0		
1109	1	1			0.0	8000.0		
1110	1	1			0.0	8000.0		
1111	1	1			0.0	8000.0		
1112	1	1	20.0	24.0	0.0	8000.0	cluster_2	BO-82Tapyta/BO-82TAPYTA_20250415_230102.wav
1113	1	1			0.0	8000.0		
1114	1	1	24.0	28.0	0.0	8000.0	cluster_2	BO-82Tapyta/BO-82TAPYTA_20250412_015902.wav
1115	1	1			0.0	8000.0		
1116	1	1			0.0	8000.0		
1117	1	1			0.0	8000.0		
1118	1	1	26.0	30.0	0.0	8000.0	cluster_2	BO-82Tapyta/BO-82TAPYTA_20250412_010202.wav
1119	1	1			0.0	8000.0		
1120	1	1			0.0	8000.0		
1121	1	1			0.0	8000.0		
1122	1	1			0.0	8000.0		
1123	1	1			0.0	8000.0		
1124	1	1			0.0	8000.0		
1125	1	1			0.0	8000.0		
1126	1	1			0.0	8000.0		
1127	1	1			0.0	8000.0		
1128	1	1			0.0	8000.0		
1129	1	1			0.0	8000.0		
1130	1	1	0.0	4.0	0.0	8000.0	cluster_2	BO-82Tapyta/BO-82TAPYTA_20250416_010302.wav
1131	1	1			0.0	8000.0		
1132	1	1	34.0	38.0	0.0	8000.0	cluster_2	BO-82Tapyta/BO-82TAPYTA_20250411_231202.wav
1133	1	1	0.0	4.0	0.0	8000.0	cluster_2	BO-82Tapyta/BO-82TAPYTA_20250417_040102.wav
1134	1	1			0.0	8000.0		
1135	1	1			0.0	8000.0		
1136	1	1			0.0	8000.0		
1137	1	1			0.0	8000.0		
1138	1	1			0.0	8000.0		
1139	1	1			0.0	8000.0		
1140	1	1			0.0	8000.0		
1141	1	1	42.0	46.0	0.0	8000.0	cluster_2	BO-82Tapyta/BO-82TAPYTA_20250416_201602.wav
1142	1	1			0.0	8000.0		
1143	1	1			0.0	8000.0		
1144	1	1			0.0	8000.0		
1145	1	1			0.0	8000.0		
1146	1	1			0.0	8000.0		
1147	1	1			0.0	8000.0		
1148	1	1			0.0	8000.0		
1149	1	1			0.0	8000.0		
1150	1	1			0.0	8000.0		
1151	1	1			0.0	8000.0		
1152	1	1			0.0	8000.0		
1153	1	1			0.0	8000.0		
1154	1	1			0.0	8000.0		
1155	1	1	6.0	10.0	0.0	8000.0	cluster_2	BO-82Tapyta/BO-82TAPYTA_20250417_211502.wav
1156	1	1			0.0	8000.0		
1157	1	1			0.0	8000.0		
1158	1	1			0.0	8000.0		
1159	1	1	38.0	42.0	0.0	8000.0	cluster_2	BO-82Tapyta/BO-82TAPYTA_20250416_052502.wav
1160	1	1			0.0	8000.0		
1161	1	1	36.0	40.0	0.0	8000.0	cluster_2	BO-82Tapyta/BO-82TAPYTA_20250415_192202.wav
1162	1	1			0.0	8000.0		
1163	1	1			0.0	8000.0		
1164	1	1			0.0	8000.0		
1165	1	1			0.0	8000.0		
1166	1	1	6.0	10.0	0.0	8000.0	cluster_2	BO-82Tapyta/BO-82TAPYTA_20250418_012502.wav
1167	1	1	36.0	40.0	0.0	8000.0	cluster_2	BO-82Tapyta/BO-82TAPYTA_20250426_011302.wav
1168	1	1	4.0	8.0	0.0	8000.0	cluster_2	BO-82Tapyta/BO-82TAPYTA_20250502_185702.wav
1169	1	1	26.0	30.0	0.0	8000.0	cluster_2	BO-81Tapyta/BO-81TAPYTA_20250416_033902.wav
1170	1	1	30.0	34.0	0.0	8000.0	cluster_2	BO-82Tapyta/BO-82TAPYTA_20250411_232902.wav
1171	1	1			0.0	8000.0		
1172	1	1			0.0	8000.0		
1173	1	1			0.0	8000.0		
1174	1	1			0.0	8000.0		
1175	1	1	22.0	26.0	0.0	8000.0	cluster_2	BO-82Tapyta/BO-82TAPYTA_20250418_032302.wav
1176	1	1			0.0	8000.0		
1177	1	1	24.0	28.0	0.0	8000.0	cluster_2	BO-82Tapyta/BO-82TAPYTA_20250426_043302.wav
1178	1	1			0.0	8000.0		
1179	1	1			0.0	8000.0		
1180	1	1			0.0	8000.0		
1181	1	1			0.0	8000.0		
1182	1	1			0.0	8000.0		
1183	1	1			0.0	8000.0		
1184	1	1			0.0	8000.0		
1185	1	1			0.0	8000.0		
1186	1	1			0.0	8000.0		
1187	1	1			0.0	8000.0		
1188	1	1			0.0	8000.0		
1189	1	1			0.0	8000.0		
1190	1	1			0.0	8000.0		
1191	1	1			0.0	8000.0		
1192	1	1			0.0	8000.0		
1193	1	1	6.0	10.0	0.0	8000.0	cluster_2	BO-82Tapyta/BO-82TAPYTA_20250416_202002.wav
1194	1	1	52.0	56.0	0.0	8000.0	cluster_2	BO-82Tapyta/BO-82TAPYTA_20250418_035502.wav
1195	1	1	14.0	18.0	0.0	8000.0	cluster_2	BO-82Tapyta/BO-82TAPYTA_20250426_024102.wav
1196	1	1			0.0	8000.0		
1197	1	1			0.0	8000.0		
1198	1	1			0.0	8000.0		
1199	1	1	52.0	56.0	0.0	8000.0	cluster_2	BO-82Tapyta/BO-82TAPYTA_20250427_024302.wav
1200	1	1	34.0	38.0	0.0	8000.0	cluster_2	BO-81Tapyta/BO-81TAPYTA_20250412_013702.wav
1201	1	1	44.0	48.0	0.0	8000.0	cluster_2	BO-82Tapyta/BO-82TAPYTA_20250411_234902.wav
1202	1	1	38.0	42.0	0.0	8000.0	cluster_2	BO-81Tapyta/BO-81TAPYTA_20250415_200802.wav
1203	1	1			0.0	8000.0		
1204	1	1	44.0	48.0	0.0	8000.0	cluster_2	BO-82Tapyta/BO-82TAPYTA_20250425_031202.wav
1205	1	1	18.0	22.0	0.0	8000.0	cluster_2	BO-82Tapyta/BO-82TAPYTA_20250425_023702.wav
1206	1	1			0.0	8000.0		
1207	1	1			0.0	8000.0		
1208	1	1			0.0	8000.0		
1209	1	1			0.0	8000.0		
1210	1	1			0.0	8000.0		
1211	1	1	4.0	8.0	0.0	8000.0	cluster_2	BO-82Tapyta/BO-82TAPYTA_20250426_022402.wav
1212	1	1			0.0	8000.0		
1213	1	1	4.0	8.0	0.0	8000.0	cluster_2	BO-82Tapyta/BO-82TAPYTA_20250415_224702.wav
1214	1	1	16.0	20.0	0.0	8000.0	cluster_2	BO-82Tapyta/BO-82TAPYTA_20250417_204502.wav
1215	1	1			0.0	8000.0		
1216	1	1	36.0	40.0	0.0	8000.0	cluster_2	BO-82Tapyta/BO-82TAPYTA_20250424_213702.wav
1217	1	1			0.0	8000.0		
1218	1	1			0.0	8000.0		
1219	1	1			0.0	8000.0		
1220	1	1	38.0	42.0	0.0	8000.0	cluster_2	BO-82Tapyta/BO-82TAPYTA_20250411_212502.wav
1221	1	1			0.0	8000.0		
1222	1	1			0.0	8000.0		
1223	1	1			0.0	8000.0		
1224	1	1	24.0	28.0	0.0	8000.0	cluster_2	BO-82Tapyta/BO-82TAPYTA_20250427_045202.wav
1225	1	1			0.0	8000.0		
1226	1	1			0.0	8000.0		
1227	1	1	24.0	28.0	0.0	8000.0	cluster_2	BO-81Tapyta/BO-81TAPYTA_20250416_033402.wav
1228	1	1			0.0	8000.0		
1229	1	1			0.0	8000.0		
1230	1	1			0.0	8000.0		
1231	1	1			0.0	8000.0		
1232	1	1	30.0	34.0	0.0	8000.0	cluster_2	BO-82Tapyta/BO-82TAPYTA_20250426_212402.wav
1233	1	1			0.0	8000.0		
1234	1	1	40.0	44.0	0.0	8000.0	cluster_2	BO-82Tapyta/BO-82TAPYTA_20250417_210302.wav
1235	1	1			0.0	8000.0		
1236	1	1	40.0	44.0	0.0	8000.0	cluster_2	BO-82Tapyta/BO-82TAPYTA_20250426_002502.wav
1237	1	1			0.0	8000.0		
1238	1	1			0.0	8000.0		
1239	1	1			0.0	8000.0		
1240	1	1			0.0	8000.0		
1241	1	1	0.0	4.0	0.0	8000.0	cluster_2	BO-82Tapyta/BO-82TAPYTA_20250418_033502.wav
1242	1	1			0.0	8000.0		
1243	1	1			0.0	8000.0		
1244	1	1	16.0	20.0	0.0	8000.0	cluster_2	BO-82Tapyta/BO-82TAPYTA_20250417_003502.wav
1245	1	1			0.0	8000.0		
1246	1	1			0.0	8000.0		
1247	1	1	20.0	24.0	0.0	8000.0	cluster_2	BO-82Tapyta/BO-82TAPYTA_20250424_203702.wav
1248	1	1	42.0	46.0	0.0	8000.0	cluster_2	BO-82Tapyta/BO-82TAPYTA_20250424_200902.wav
1249	1	1	50.0	54.0	0.0	8000.0	cluster_2	BO-82Tapyta/BO-82TAPYTA_20250424_225602.wav
1250	1	1			0.0	8000.0		
1251	1	1			0.0	8000.0		
1252	1	1			0.0	8000.0		
1253	1	1			0.0	8000.0		
1254	1	1			0.0	8000.0		
1255	1	1			0.0	8000.0		
1256	1	1			0.0	8000.0		
1257	1	1	46.0	50.0	0.0	8000.0	cluster_2	BO-82Tapyta/BO-82TAPYTA_20250427_201602.wav
1258	1	1			0.0	8000.0		
1259	1	1	38.0	42.0	0.0	8000.0	cluster_2	BO-82Tapyta/BO-82TAPYTA_20250417_201502.wav
1260	1	1			0.0	8000.0		
1261	1	1			0.0	8000.0		
1262	1	1	24.0	28.0	0.0	8000.0	cluster_2	BO-81Tapyta/BO-81TAPYTA_20250416_004302.wav
1263	1	1			0.0	8000.0		
1264	1	1	0.0	4.0	0.0	8000.0	cluster_2	BO-82Tapyta/BO-82TAPYTA_20250416_205502.wav
1265	1	1			0.0	8000.0		
1266	1	1	12.0	16.0	0.0	8000.0	cluster_2	BO-82Tapyta/BO-82TAPYTA_20250427_050002.wav
1267	1	1	12.0	16.0	0.0	8000.0	cluster_2	BO-82Tapyta/BO-82TAPYTA_20250417_040402.wav
1268	1	1			0.0	8000.0		
1269	1	1			0.0	8000.0		
1270	1	1	48.0	52.0	0.0	8000.0	cluster_2	BO-82Tapyta/BO-82TAPYTA_20250427_231102.wav
1271	1	1	10.0	14.0	0.0	8000.0	cluster_2	BO-82Tapyta/BO-82TAPYTA_20250414_211002.wav
1272	1	1			0.0	8000.0		
1273	1	1			0.0	8000.0		
1274	1	1			0.0	8000.0		
1275	1	1			0.0	8000.0		
1276	1	1			0.0	8000.0		
1277	1	1			0.0	8000.0		
1278	1	1			0.0	8000.0		
1279	1	1	18.0	22.0	0.0	8000.0	cluster_2	BO-82Tapyta/BO-82TAPYTA_20250417_011402.wav
1280	1	1			0.0	8000.0		
1281	1	1			0.0	8000.0		
1282	1	1			0.0	8000.0		
1283	1	1			0.0	8000.0		
1284	1	1	10.0	14.0	0.0	8000.0	cluster_2	BO-82Tapyta/BO-82TAPYTA_20250417_024102.wav
1285	1	1			0.0	8000.0		
1286	1	1			0.0	8000.0		
1287	1	1	0.0	4.0	0.0	8000.0	cluster_2	BO-82Tapyta/BO-82TAPYTA_20250427_005102.wav
1288	1	1			0.0	8000.0		
1289	1	1	4.0	8.0	0.0	8000.0	cluster_2	BO-82Tapyta/BO-82TAPYTA_20250416_194602.wav
1290	1	1			0.0	8000.0		
1291	1	1			0.0	8000.0		
1292	1	1			0.0	8000.0		
1293	1	1			0.0	8000.0		
1294	1	1			0.0	8000.0		
1295	1	1			0.0	8000.0		
1296	1	1			0.0	8000.0		
1297	1	1			0.0	8000.0		
1298	1	1	8.0	12.0	0.0	8000.0	cluster_2	BO-82Tapyta/BO-82TAPYTA_20250411_234702.wav
1299	1	1			0.0	8000.0		
1300	1	1			0.0	8000.0		
1301	1	1			0.0	8000.0		
1302	1	1			0.0	8000.0		
1303	1	1			0.0	8000.0		
1304	1	1			0.0	8000.0		
1305	1	1			0.0	8000.0		
1306	1	1			0.0	8000.0		
1307	1	1			0.0	8000.0		
1308	1	1			0.0	8000.0		
1309	1	1	2.0	6.0	0.0	8000.0	cluster_2	BO-82Tapyta/BO-82TAPYTA_20250415_221602.wav
1310	1	1			0.0	8000.0		
1311	1	1			0.0	8000.0		
1312	1	1			0.0	8000.0		
1313	1	1	2.0	6.0	0.0	8000.0	cluster_2	BO-82Tapyta/BO-82TAPYTA_20250418_041802.wav
1314	1	1			0.0	8000.0		
1315	1	1			0.0	8000.0		
1316	1	1			0.0	8000.0		
1317	1	1			0.0	8000.0		
1318	1	1			0.0	8000.0		
1319	1	1			0.0	8000.0		
1320	1	1			0.0	8000.0		
1321	1	1			0.0	8000.0		
1322	1	1			0.0	8000.0		
1323	1	1			0.0	8000.0		
1324	1	1	40.0	44.0	0.0	8000.0	cluster_2	BO-82Tapyta/BO-82TAPYTA_20250412_033502.wav
1325	1	1	36.0	40.0	0.0	8000.0	cluster_2	BO-82Tapyta/BO-82TAPYTA_20250417_035002.wav
1326	1	1	12.0	16.0	0.0	8000.0	cluster_2	BO-82Tapyta/BO-82TAPYTA_20250425_032102.wav
1327	1	1	46.0	50.0	0.0	8000.0	cluster_2	BO-82Tapyta/BO-82TAPYTA_20250425_010202.wav
1328	1	1			0.0	8000.0		
1329	1	1			0.0	8000.0		
1330	1	1			0.0	8000.0		
1331	1	1			0.0	8000.0		
1332	1	1	30.0	34.0	0.0	8000.0	cluster_2	BO-82Tapyta/BO-82TAPYTA_20250412_031802.wav
1333	1	1			0.0	8000.0		
1334	1	1	40.0	44.0	0.0	8000.0	cluster_2	BO-82Tapyta/BO-82TAPYTA_20250417_053602.wav
1335	1	1			0.0	8000.0		
1336	1	1			0.0	8000.0		
1337	1	1			0.0	8000.0		
1338	1	1			0.0	8000.0		
1339	1	1	12.0	16.0	0.0	8000.0	cluster_2	BO-82Tapyta/BO-82TAPYTA_20250425_225602.wav
1340	1	1	26.0	30.0	0.0	8000.0	cluster_2	BO-82Tapyta/BO-82TAPYTA_20250412_001502.wav
1341	1	1			0.0	8000.0		
1342	1	1			0.0	8000.0		
1343	1	1			0.0	8000.0		
1344	1	1			0.0	8000.0		
1345	1	1	38.0	42.0	0.0	8000.0	cluster_2	BO-82Tapyta/BO-82TAPYTA_20250418_013402.wav
1346	1	1			0.0	8000.0		
1347	1	1			0.0	8000.0		
1348	1	1			0.0	8000.0		
1349	1	1			0.0	8000.0		
1350	1	1			0.0	8000.0		
1351	1	1	30.0	34.0	0.0	8000.0	cluster_2	BO-82Tapyta/BO-82TAPYTA_20250426_190902.wav
1352	1	1	30.0	34.0	0.0	8000.0	cluster_2	BO-82Tapyta/BO-82TAPYTA_20250416_033602.wav
1353	1	1			0.0	8000.0		
1354	1	1			0.0	8000.0		
1355	1	1			0.0	8000.0		
1356	1	1			0.0	8000.0		
1357	1	1	26.0	30.0	0.0	8000.0	cluster_2	BO-82Tapyta/BO-82TAPYTA_20250426_205602.wav
1358	1	1			0.0	8000.0		
1359	1	1			0.0	8000.0		
1360	1	1			0.0	8000.0		
1361	1	1			0.0	8000.0		
1362	1	1			0.0	8000.0		
1363	1	1	6.0	10.0	0.0	8000.0	cluster_2	BO-82Tapyta/BO-82TAPYTA_20250425_200802.wav
1364	1	1			0.0	8000.0		
1365	1	1			0.0	8000.0		
1366	1	1	32.0	36.0	0.0	8000.0	cluster_2	BO-82Tapyta/BO-82TAPYTA_20250427_040502.wav
1367	1	1	20.0	24.0	0.0	8000.0	cluster_2	BO-82Tapyta/BO-82TAPYTA_20250414_211902.wav
1368	1	1	32.0	36.0	0.0	8000.0	cluster_2	BO-82Tapyta/BO-82TAPYTA_20250426_002902.wav
1369	1	1	2.0	6.0	0.0	8000.0	cluster_2	BO-82Tapyta/BO-82TAPYTA_20250416_052302.wav
1370	1	1	46.0	50.0	0.0	8000.0	cluster_2	BO-82Tapyta/BO-82TAPYTA_20250415_190802.wav
1371	1	1	38.0	42.0	0.0	8000.0	cluster_2	BO-82Tapyta/BO-82TAPYTA_20250416_003302.wav
1372	1	1			0.0	8000.0		
1373	1	1			0.0	8000.0		
1374	1	1			0.0	8000.0		
1375	1	1			0.0	8000.0		
1376	1	1			0.0	8000.0		
1377	1	1			0.0	8000.0		
1378	1	1			0.0	8000.0		
1379	1	1			0.0	8000.0		
1380	1	1			0.0	8000.0		
1381	1	1	24.0	28.0	0.0	8000.0	cluster_2	BO-82Tapyta/BO-82TAPYTA_20250417_225102.wav
1382	1	1			0.0	8000.0		
1383	1	1			0.0	8000.0		
1384	1	1	34.0	38.0	0.0	8000.0	cluster_2	BO-82Tapyta/BO-82TAPYTA_20250502_222902.wav
1385	1	1			0.0	8000.0		
1386	1	1			0.0	8000.0		
1387	1	1			0.0	8000.0		
1388	1	1	10.0	14.0	0.0	8000.0	cluster_2	BO-81Tapyta/BO-81TAPYTA_20250416_011702.wav
1389	1	1	50.0	54.0	0.0	8000.0	cluster_2	BO-82Tapyta/BO-82TAPYTA_20250424_233902.wav
1390	1	1			0.0	8000.0		
1391	1	1			0.0	8000.0		
1392	1	1			0.0	8000.0		
1393	1	1			0.0	8000.0		
1394	1	1	6.0	10.0	0.0	8000.0	cluster_2	BO-82Tapyta/BO-82TAPYTA_20250426_032502.wav
1395	1	1	8.0	12.0	0.0	8000.0	cluster_2	BO-82Tapyta/BO-82TAPYTA_20250418_031802.wav
1396	1	1			0.0	8000.0		
1397	1	1			0.0	8000.0		
1398	1	1	18.0	22.0	0.0	8000.0	cluster_2	BO-82Tapyta/BO-82TAPYTA_20250425_005802.wav
1399	1	1			0.0	8000.0		
1400	1	1			0.0	8000.0		
1401	1	1			0.0	8000.0		
1402	1	1			0.0	8000.0		
1403	1	1			0.0	8000.0		
1404	1	1			0.0	8000.0		
1405	1	1			0.0	8000.0		
1406	1	1			0.0	8000.0		
1407	1	1			0.0	8000.0		
1408	1	1			0.0	8000.0		
1409	1	1			0.0	8000.0		
1410	1	1			0.0	8000.0		
1411	1	1			0.0	8000.0		
1412	1	1			0.0	8000.0		
1413	1	1	22.0	26.0	0.0	8000.0	cluster_2	BO-82Tapyta/BO-82TAPYTA_20250418_005802.wav
1414	1	1	42.0	46.0	0.0	8000.0	cluster_2	BO-81Tapyta/BO-81TAPYTA_20250416_014902.wav
1415	1	1			0.0	8000.0		
1416	1	1			0.0	8000.0		
1417	1	1			0.0	8000.0		
1418	1	1			0.0	8000.0		
1419	1	1			0.0	8000.0		
1420	1	1			0.0	8000.0		
1421	1	1	50.0	54.0	0.0	8000.0	cluster_2	BO-82Tapyta/BO-82TAPYTA_20250417_030402.wav
1422	1	1	26.0	30.0	0.0	8000.0	cluster_2	BO-82Tapyta/BO-82TAPYTA_20250416_042202.wav
1423	1	1			0.0	8000.0		
1424	1	1			0.0	8000.0		
1425	1	1	6.0	10.0	0.0	8000.0	cluster_2	BO-82Tapyta/BO-82TAPYTA_20250426_194102.wav
1426	1	1			0.0	8000.0		
1427	1	1			0.0	8000.0		
1428	1	1	16.0	20.0	0.0	8000.0	cluster_2	BO-82Tapyta/BO-82TAPYTA_20250427_053002.wav
1429	1	1			0.0	8000.0		
1430	1	1	40.0	44.0	0.0	8000.0	cluster_2	BO-82Tapyta/BO-82TAPYTA_20250424_195202.wav
1431	1	1			0.0	8000.0		
1432	1	1			0.0	8000.0		
1433	1	1			0.0	8000.0		
1434	1	1			0.0	8000.0		
1435	1	1			0.0	8000.0		
1436	1	1	52.0	56.0	0.0	8000.0	cluster_2	BO-82Tapyta/BO-82TAPYTA_20250416_210902.wav
1437	1	1			0.0	8000.0		
1438	1	1			0.0	8000.0		
1439	1	1	34.0	38.0	0.0	8000.0	cluster_2	BO-82Tapyta/BO-82TAPYTA_20250425_020102.wav
1440	1	1	2.0	6.0	0.0	8000.0	cluster_2	BO-82Tapyta/BO-82TAPYTA_20250411_201902.wav
1441	1	1			0.0	8000.0		
1442	1	1			0.0	8000.0		
1443	1	1	26.0	30.0	0.0	8000.0	cluster_2	BO-82Tapyta/BO-82TAPYTA_20250415_220402.wav
1444	1	1			0.0	8000.0		
1445	1	1	0.0	4.0	0.0	8000.0	cluster_2	BO-82Tapyta/BO-82TAPYTA_20250425_194702.wav
1446	1	1			0.0	8000.0		
1447	1	1			0.0	8000.0		
1448	1	1			0.0	8000.0		
1449	1	1	50.0	54.0	0.0	8000.0	cluster_2	BO-82Tapyta/BO-82TAPYTA_20250417_193202.wav
1450	1	1			0.0	8000.0		
1451	1	1			0.0	8000.0		
1452	1	1			0.0	8000.0		
1453	1	1			0.0	8000.0		
1454	1	1			0.0	8000.0		
1455	1	1			0.0	8000.0		
1456	1	1	38.0	42.0	0.0	8000.0	cluster_2	BO-82Tapyta/BO-82TAPYTA_20250412_035202.wav
1457	1	1			0.0	8000.0		
1458	1	1			0.0	8000.0		
1459	1	1			0.0	8000.0		
1460	1	1			0.0	8000.0		
1461	1	1			0.0	8000.0		
1462	1	1	24.0	28.0	0.0	8000.0	cluster_2	BO-82Tapyta/BO-82TAPYTA_20250417_001802.wav
1463	1	1			0.0	8000.0		
1464	1	1			0.0	8000.0		
1465	1	1			0.0	8000.0		
1466	1	1			0.0	8000.0		
1467	1	1	46.0	50.0	0.0	8000.0	cluster_2	BO-82Tapyta/BO-82TAPYTA_20250411_220502.wav
1468	1	1			0.0	8000.0		
1469	1	1	20.0	24.0	0.0	8000.0	cluster_2	BO-82Tapyta/BO-82TAPYTA_20250414_200802.wav
1470	1	1			0.0	8000.0		
1471	1	1	14.0	18.0	0.0	8000.0	cluster_2	BO-81Tapyta/BO-81TAPYTA_20250415_204502.wav
1472	1	1	22.0	26.0	0.0	8000.0	cluster_2	BO-82Tapyta/BO-82TAPYTA_20250412_052902.wav
1473	1	1			0.0	8000.0		
1474	1	1			0.0	8000.0		
1475	1	1	26.0	30.0	0.0	8000.0	cluster_2	BO-81Tapyta/BO-81TAPYTA_20250414_223502.wav
1476	1	1	30.0	34.0	0.0	8000.0	cluster_2	BO-82Tapyta/BO-82TAPYTA_20250411_202902.wav
1477	1	1	4.0	8.0	0.0	8000.0	cluster_2	BO-82Tapyta/BO-82TAPYTA_20250417_030602.wav
1478	1	1			0.0	8000.0		
1479	1	1			0.0	8000.0		
1480	1	1	52.0	56.0	0.0	8000.0	cluster_2	BO-82Tapyta/BO-82TAPYTA_20250416_223902.wav
1481	1	1			0.0	8000.0		
1482	1	1			0.0	8000.0		
1483	1	1	24.0	28.0	0.0	8000.0	cluster_2	BO-82Tapyta/BO-82TAPYTA_20250412_003502.wav
1484	1	1			0.0	8000.0		
1485	1	1			0.0	8000.0		
1486	1	1			0.0	8000.0		
1487	1	1			0.0	8000.0		
1488	1	1			0.0	8000.0		
1489	1	1			0.0	8000.0		
1490	1	1			0.0	8000.0		
1491	1	1			0.0	8000.0		
1492	1	1			0.0	8000.0		
1493	1	1			0.0	8000.0		
1494	1	1			0.0	8000.0		
1495	1	1			0.0	8000.0		
1496	1	1			0.0	8000.0		
1497	1	1			0.0	8000.0		
1498	1	1			0.0	8000.0		
1499	1	1			0.0	8000.0		
1500	1	1			0.0	8000.0		
1501	1	1			0.0	8000.0		
1502	1	1			0.0	8000.0		
1503	1	1			0.0	8000.0		
1504	1	1			0.0	8000.0		
1505	1	1			0.0	8000.0		
1506	1	1			0.0	8000.0		
1507	1	1			0.0	8000.0		
1508	1	1	36.0	40.0	0.0	8000.0	cluster_2	BO-82Tapyta/BO-82TAPYTA_20250426_211502.wav
1509	1	1	34.0	38.0	0.0	8000.0	cluster_2	BO-82Tapyta/BO-82TAPYTA_20250501_195802.wav
1510	1	1			0.0	8000.0		
1511	1	1			0.0	8000.0		
1512	1	1			0.0	8000.0		
1513	1	1			0.0	8000.0		
1514	1	1			0.0	8000.0		
1515	1	1			0.0	8000.0		
1516	1	1			0.0	8000.0		
1517	1	1	2.0	6.0	0.0	8000.0	cluster_2	BO-82Tapyta/BO-82TAPYTA_20250425_000302.wav
1518	1	1	10.0	14.0	0.0	8000.0	cluster_2	BO-82Tapyta/BO-82TAPYTA_20250417_004702.wav
1519	1	1			0.0	8000.0		
1520	1	1			0.0	8000.0		
1521	1	1			0.0	8000.0		
1522	1	1			0.0	8000.0		
1523	1	1			0.0	8000.0		
1524	1	1			0.0	8000.0		
1525	1	1			0.0	8000.0		
1526	1	1			0.0	8000.0		
1527	1	1			0.0	8000.0		
1528	1	1			0.0	8000.0		
1529	1	1			0.0	8000.0		
1530	1	1			0.0	8000.0		
1531	1	1			0.0	8000.0		
1532	1	1			0.0	8000.0		
1533	1	1			0.0	8000.0		
1534	1	1	2.0	6.0	0.0	8000.0	cluster_2	BO-82Tapyta/BO-82TAPYTA_20250424_224602.wav
1535	1	1			0.0	8000.0		
1536	1	1			0.0	8000.0		
1537	1	1	50.0	54.0	0.0	8000.0	cluster_2	BO-82Tapyta/BO-82TAPYTA_20250427_015702.wav
1538	1	1			0.0	8000.0		
1539	1	1			0.0	8000.0		
1540	1	1			0.0	8000.0		
1541	1	1			0.0	8000.0		
1542	1	1			0.0	8000.0		
1543	1	1			0.0	8000.0		
1544	1	1			0.0	8000.0		
1545	1	1			0.0	8000.0		
1546	1	1			0.0	8000.0		
1547	1	1			0.0	8000.0		
1548	1	1			0.0	8000.0		
1549	1	1			0.0	8000.0		
1550	1	1			0.0	8000.0		
1551	1	1			0.0	8000.0		
1552	1	1			0.0	8000.0		
1553	1	1			0.0	8000.0		
1554	1	1			0.0	8000.0		
1555	1	1			0.0	8000.0		
1556	1	1			0.0	8000.0		
1557	1	1			0.0	8000.0		
1558	1	1			0.0	8000.0		
1559	1	1			0.0	8000.0		
1560	1	1			0.0	8000.0		
1561	1	1			0.0	8000.0		
1562	1	1			0.0	8000.0		
1563	1	1			0.0	8000.0		
1564	1	1			0.0	8000.0		
1565	1	1			0.0	8000.0		
1566	1	1			0.0	8000.0		
1567	1	1			0.0	8000.0		
1568	1	1	26.0	30.0	0.0	8000.0	cluster_2	BO-82Tapyta/BO-82TAPYTA_20250416_201702.wav
1569	1	1			0.0	8000.0		
1570	1	1	4.0	8.0	0.0	8000.0	cluster_2	BO-82Tapyta/BO-82TAPYTA_20250417_031702.wav
1571	1	1			0.0	8000.0		
1572	1	1	48.0	52.0	0.0	8000.0	cluster_2	BO-82Tapyta/BO-82TAPYTA_20250427_204302.wav
1573	1	1			0.0	8000.0		
1574	1	1			0.0	8000.0		
1575	1	1			0.0	8000.0		
1576	1	1			0.0	8000.0		
1577	1	1			0.0	8000.0		
1578	1	1			0.0	8000.0		
1579	1	1			0.0	8000.0		
1580	1	1			0.0	8000.0		
1581	1	1			0.0	8000.0		
1582	1	1	10.0	14.0	0.0	8000.0	cluster_2	BO-82Tapyta/BO-82TAPYTA_20250424_234002.wav
1583	1	1	28.0	32.0	0.0	8000.0	cluster_2	BO-81Tapyta/BO-81TAPYTA_20250415_221202.wav
1584	1	1			0.0	8000.0		
1585	1	1			0.0	8000.0		
1586	1	1			0.0	8000.0		
1587	1	1	50.0	54.0	0.0	8000.0	cluster_2	BO-81Tapyta/BO-81TAPYTA_20250412_010502.wav
1588	1	1			0.0	8000.0		
1589	1	1			0.0	8000.0		
1590	1	1			0.0	8000.0		
1591	1	1			0.0	8000.0		
1592	1	1			0.0	8000.0		
1593	1	1			0.0	8000.0		
1594	1	1			0.0	8000.0		
1595	1	1	18.0	22.0	0.0	8000.0	cluster_2	BO-82Tapyta/BO-82TAPYTA_20250502_205602.wav
1596	1	1			0.0	8000.0		
1597	1	1			0.0	8000.0		
1598	1	1			0.0	8000.0		
1599	1	1	12.0	16.0	0.0	8000.0	cluster_2	BO-82Tapyta/BO-82TAPYTA_20250416_000402.wav
1600	1	1			0.0	8000.0		
1601	1	1			0.0	8000.0		
1602	1	1			0.0	8000.0		
1603	1	1			0.0	8000.0		
1604	1	1			0.0	8000.0		
1605	1	1	26.0	30.0	0.0	8000.0	cluster_2	BO-82Tapyta/BO-82TAPYTA_20250418_012202.wav
1606	1	1			0.0	8000.0		
1607	1	1			0.0	8000.0		
1608	1	1			0.0	8000.0		
1609	1	1			0.0	8000.0		
1610	1	1			0.0	8000.0		
1611	1	1			0.0	8000.0		
1612	1	1			0.0	8000.0		
1613	1	1	38.0	42.0	0.0	8000.0	cluster_2	BO-82Tapyta/BO-82TAPYTA_20250411_190002.wav
1614	1	1	34.0	38.0	0.0	8000.0	cluster_2	BO-82Tapyta/BO-82TAPYTA_20250427_033902.wav
1615	1	1	14.0	18.0	0.0	8000.0	cluster_2	BO-82Tapyta/BO-82TAPYTA_20250426_001602.wav
1616	1	1			0.0	8000.0		
1617	1	1			0.0	8000.0		
1618	1	1			0.0	8000.0		
1619	1	1			0.0	8000.0		
1620	1	1	48.0	52.0	0.0	8000.0	cluster_2	BO-82Tapyta/BO-82TAPYTA_20250413_222102.wav
1621	1	1			0.0	8000.0		
1622	1	1			0.0	8000.0		
1623	1	1			0.0	8000.0		
1624	1	1			0.0	8000.0		
1625	1	1			0.0	8000.0		
1626	1	1	48.0	52.0	0.0	8000.0	cluster_2	BO-82Tapyta/BO-82TAPYTA_20250426_193002.wav
1627	1	1			0.0	8000.0		
1628	1	1	12.0	16.0	0.0	8000.0	cluster_2	BO-82Tapyta/BO-82TAPYTA_20250427_195902.wav
1629	1	1			0.0	8000.0		
1630	1	1			0.0	8000.0		
1631	1	1			0.0	8000.0		
1632	1	1	4.0	8.0	0.0	8000.0	cluster_2	BO-82Tapyta/BO-82TAPYTA_20250425_011502.wav
1633	1	1	52.0	56.0	0.0	8000.0	cluster_2	BO-82Tapyta/BO-82TAPYTA_20250417_223802.wav
1634	1	1			0.0	8000.0		
1635	1	1			0.0	8000.0		
1636	1	1	2.0	6.0	0.0	8000.0	cluster_2	BO-82Tapyta/BO-82TAPYTA_20250416_214302.wav
1637	1	1			0.0	8000.0		
1638	1	1			0.0	8000.0		
1639	1	1			0.0	8000.0		
1640	1	1			0.0	8000.0		
1641	1	1			0.0	8000.0		
1642	1	1			0.0	8000.0		
1643	1	1			0.0	8000.0		
1644	1	1			0.0	8000.0		
1645	1	1			0.0	8000.0		
1646	1	1			0.0	8000.0		
1647	1	1			0.0	8000.0		
1648	1	1			0.0	8000.0		
1649	1	1			0.0	8000.0		
1650	1	1			0.0	8000.0		
1651	1	1	42.0	46.0	0.0	8000.0	cluster_2	BO-82Tapyta/BO-82TAPYTA_20250415_221002.wav
1652	1	1	16.0	20.0	0.0	8000.0	cluster_2	BO-81Tapyta/BO-81TAPYTA_20250416_022202.wav
1653	1	1			0.0	8000.0		
1654	1	1			0.0	8000.0		
1655	1	1	28.0	32.0	0.0	8000.0	cluster_2	BO-82Tapyta/BO-82TAPYTA_20250418_051802.wav
1656	1	1			0.0	8000.0		
1657	1	1			0.0	8000.0		
1658	1	1			0.0	8000.0		
1659	1	1			0.0	8000.0		
1660	1	1			0.0	8000.0		
1661	1	1	0.0	4.0	0.0	8000.0	cluster_2	BO-82Tapyta/BO-82TAPYTA_20250417_002602.wav
1662	1	1			0.0	8000.0		
1663	1	1			0.0	8000.0		
1664	1	1	32.0	36.0	0.0	8000.0	cluster_2	BO-82Tapyta/BO-82TAPYTA_20250417_000202.wav
1665	1	1	18.0	22.0	0.0	8000.0	cluster_2	BO-82Tapyta/BO-82TAPYTA_20250426_004302.wav
1666	1	1			0.0	8000.0		
1667	1	1	52.0	56.0	0.0	8000.0	cluster_2	BO-82Tapyta/BO-82TAPYTA_20250412_054902.wav
1668	1	1			0.0	8000.0		
1669	1	1			0.0	8000.0		
1670	1	1			0.0	8000.0		
1671	1	1			0.0	8000.0		
1672	1	1			0.0	8000.0		
1673	1	1			0.0	8000.0		
1674	1	1			0.0	8000.0		
1675	1	1			0.0	8000.0		
1676	1	1			0.0	8000.0		
1677	1	1			0.0	8000.0		
1678	1	1			0.0	8000.0		
1679	1	1			0.0	8000.0		
1680	1	1			0.0	8000.0		
1681	1	1			0.0	8000.0		
1682	1	1	44.0	48.0	0.0	8000.0	cluster_2	BO-81Tapyta/BO-81TAPYTA_20250413_211502.wav
1683	1	1	14.0	18.0	0.0	8000.0	cluster_2	BO-82Tapyta/BO-82TAPYTA_20250426_004702.wav
1684	1	1			0.0	8000.0		
1685	1	1			0.0	8000.0		
1686	1	1			0.0	8000.0		
1687	1	1			0.0	8000.0		
1688	1	1			0.0	8000.0		
1689	1	1			0.0	8000.0		
1690	1	1			0.0	8000.0		
1691	1	1			0.0	8000.0		
1692	1	1			0.0	8000.0		
1693	1	1			0.0	8000.0		
1694	1	1			0.0	8000.0		
1695	1	1	22.0	26.0	0.0	8000.0	cluster_2	BO-82Tapyta/BO-82TAPYTA_20250416_230302.wav
1696	1	1			0.0	8000.0		
1697	1	1			0.0	8000.0		
1698	1	1			0.0	8000.0		
1699	1	1			0.0	8000.0		
1700	1	1			0.0	8000.0		
1701	1	1			0.0	8000.0		
1702	1	1	42.0	46.0	0.0	8000.0	cluster_2	BO-82Tapyta/BO-82TAPYTA_20250424_204402.wav
1703	1	1			0.0	8000.0		
1704	1	1			0.0	8000.0		
1705	1	1	34.0	38.0	0.0	8000.0	cluster_2	BO-82Tapyta/BO-82TAPYTA_20250416_235602.wav
1706	1	1	44.0	48.0	0.0	8000.0	cluster_2	BO-82Tapyta/BO-82TAPYTA_20250426_002002.wav
1707	1	1			0.0	8000.0		
1708	1	1			0.0	8000.0		
1709	1	1			0.0	8000.0		
1710	1	1			0.0	8000.0		
1711	1	1	10.0	14.0	0.0	8000.0	cluster_2	BO-82Tapyta/BO-82TAPYTA_20250418_043302.wav
1712	1	1			0.0	8000.0		
1713	1	1			0.0	8000.0		
1714	1	1	46.0	50.0	0.0	8000.0	cluster_2	BO-82Tapyta/BO-82TAPYTA_20250426_013302.wav
1715	1	1			0.0	8000.0		
1716	1	1			0.0	8000.0		
1717	1	1			0.0	8000.0		
1718	1	1			0.0	8000.0		
1719	1	1	48.0	52.0	0.0	8000.0	cluster_2	BO-82Tapyta/BO-82TAPYTA_20250417_044702.wav
1720	1	1			0.0	8000.0		
1721	1	1	14.0	18.0	0.0	8000.0	cluster_2	BO-82Tapyta/BO-82TAPYTA_20250412_032902.wav
1722	1	1	8.0	12.0	0.0	8000.0	cluster_2	BO-82Tapyta/BO-82TAPYTA_20250411_193102.wav
1723	1	1	36.0	40.0	0.0	8000.0	cluster_2	BO-82Tapyta/BO-82TAPYTA_20250427_224602.wav
1724	1	1			0.0	8000.0		
1725	1	1			0.0	8000.0		
1726	1	1			0.0	8000.0		
1727	1	1			0.0	8000.0		
1728	1	1			0.0	8000.0		
1729	1	1			0.0	8000.0		
1730	1	1			0.0	8000.0		
1731	1	1	48.0	52.0	0.0	8000.0	cluster_2	BO-81Tapyta/BO-81TAPYTA_20250416_005402.wav
1732	1	1	6.0	10.0	0.0	8000.0	cluster_2	BO-82Tapyta/BO-82TAPYTA_20250417_003302.wav
1733	1	1			0.0	8000.0		
1734	1	1			0.0	8000.0		
1735	1	1			0.0	8000.0		
1736	1	1			0.0	8000.0		
1737	1	1			0.0	8000.0		
1738	1	1			0.0	8000.0		
1739	1	1			0.0	8000.0		
1740	1	1			0.0	8000.0		
1741	1	1			0.0	8000.0		
1742	1	1			0.0	8000.0		
1743	1	1	26.0	30.0	0.0	8000.0	cluster_2	BO-82Tapyta/BO-82TAPYTA_20250417_200702.wav
1744	1	1			0.0	8000.0		
1745	1	1			0.0	8000.0		
1746	1	1			0.0	8000.0		
1747	1	1			0.0	8000.0		
1748	1	1	42.0	46.0	0.0	8000.0	cluster_2	BO-81Tapyta/BO-81TAPYTA_20250416_054002.wav
1749	1	1			0.0	8000.0		
1750	1	1			0.0	8000.0		
1751	1	1			0.0	8000.0		
1752	1	1			0.0	8000.0		
1753	1	1	34.0	38.0	0.0	8000.0	cluster_2	BO-82Tapyta/BO-82TAPYTA_20250411_222602.wav
1754	1	1			0.0	8000.0		
1755	1	1	2.0	6.0	0.0	8000.0	cluster_2	BO-82Tapyta/BO-82TAPYTA_20250424_204502.wav
1756	1	1			0.0	8000.0		
1757	1	1			0.0	8000.0		
1758	1	1			0.0	8000.0		
1759	1	1			0.0	8000.0		
1760	1	1	44.0	48.0	0.0	8000.0	cluster_2	BO-81Tapyta/BO-81TAPYTA_20250416_015102.wav
1761	1	1			0.0	8000.0		
1762	1	1			0.0	8000.0		
1763	1	1	8.0	12.0	0.0	8000.0	cluster_2	BO-82Tapyta/BO-82TAPYTA_20250411_205502.wav
1764	1	1			0.0	8000.0		
1765	1	1			0.0	8000.0		
1766	1	1			0.0	8000.0		
1767	1	1	52.0	56.0	0.0	8000.0	cluster_2	BO-82Tapyta/BO-82TAPYTA_20250416_003002.wav
1768	1	1			0.0	8000.0		
1769	1	1	6.0	10.0	0.0	8000.0	cluster_2	BO-82Tapyta/BO-82TAPYTA_20250425_211502.wav
1770	1	1			0.0	8000.0		
1771	1	1			0.0	8000.0		
1772	1	1	0.0	4.0	0.0	8000.0	cluster_2	BO-82Tapyta/BO-82TAPYTA_20250411_193702.wav
1773	1	1	2.0	6.0	0.0	8000.0	cluster_2	BO-82Tapyta/BO-82TAPYTA_20250416_000702.wav
1774	1	1			0.0	8000.0		
1775	1	1			0.0	8000.0		
1776	1	1			0.0	8000.0		
1777	1	1			0.0	8000.0		
1778	1	1			0.0	8000.0		
1779	1	1	14.0	18.0	0.0	8000.0	cluster_2	BO-82Tapyta/BO-82TAPYTA_20250427_195202.wav
1780	1	1			0.0	8000.0		
1781	1	1			0.0	8000.0		
1782	1	1			0.0	8000.0		
1783	1	1			0.0	8000.0		
1784	1	1			0.0	8000.0		
1785	1	1			0.0	8000.0		
1786	1	1			0.0	8000.0		
1787	1	1			0.0	8000.0		
1788	1	1			0.0	8000.0		
1789	1	1			0.0	8000.0		
1790	1	1			0.0	8000.0		
1791	1	1			0.0	8000.0		
1792	1	1			0.0	8000.0		
1793	1	1			0.0	8000.0		
1794	1	1			0.0	8000.0		
1795	1	1	40.0	44.0	0.0	8000.0	cluster_2	BO-82Tapyta/BO-82TAPYTA_20250426_231902.wav
1796	1	1			0.0	8000.0		
1797	1	1			0.0	8000.0		
1798	1	1			0.0	8000.0		
1799	1	1	18.0	22.0	0.0	8000.0	cluster_2	BO-82Tapyta/BO-82TAPYTA_20250416_210602.wav
1800	1	1			0.0	8000.0		
1801	1	1			0.0	8000.0		
1802	1	1			0.0	8000.0		
1803	1	1			0.0	8000.0		
1804	1	1			0.0	8000.0		
1805	1	1			0.0	8000.0		
1806	1	1			0.0	8000.0		
1807	1	1	28.0	32.0	0.0	8000.0	cluster_2	BO-82Tapyta/BO-82TAPYTA_20250427_044602.wav
1808	1	1			0.0	8000.0		
1809	1	1			0.0	8000.0		
1810	1	1	44.0	48.0	0.0	8000.0	cluster_2	BO-82Tapyta/BO-82TAPYTA_20250416_031002.wav
1811	1	1			0.0	8000.0		
1812	1	1			0.0	8000.0		
1813	1	1			0.0	8000.0		
1814	1	1			0.0	8000.0		
1815	1	1	46.0	50.0	0.0	8000.0	cluster_2	BO-81Tapyta/BO-81TAPYTA_20250412_001702.wav
1816	1	1			0.0	8000.0		
1817	1	1			0.0	8000.0		
1818	1	1			0.0	8000.0		
1819	1	1			0.0	8000.0		
1820	1	1			0.0	8000.0		
1821	1	1			0.0	8000.0		
1822	1	1	22.0	26.0	0.0	8000.0	cluster_2	BO-82Tapyta/BO-82TAPYTA_20250502_210802.wav
1823	1	1			0.0	8000.0		
1824	1	1	12.0	16.0	0.0	8000.0	cluster_2	BO-82Tapyta/BO-82TAPYTA_20250427_033402.wav
1825	1	1			0.0	8000.0		
1826	1	1			0.0	8000.0		
1827	1	1			0.0	8000.0		
1828	1	1	24.0	28.0	0.0	8000.0	cluster_2	BO-82Tapyta/BO-82TAPYTA_20250426_222402.wav
1829	1	1	18.0	22.0	0.0	8000.0	cluster_2	BO-82Tapyta/BO-82TAPYTA_20250425_235302.wav
1830	1	1	8.0	12.0	0.0	8000.0	cluster_2	BO-82Tapyta/BO-82TAPYTA_20250415_212102.wav
1831	1	1			0.0	8000.0		
1832	1	1			0.0	8000.0		
1833	1	1	32.0	36.0	0.0	8000.0	cluster_2	BO-81Tapyta/BO-81TAPYTA_20250415_220802.wav
1834	1	1			0.0	8000.0		
1835	1	1			0.0	8000.0		
1836	1	1	40.0	44.0	0.0	8000.0	cluster_2	BO-82Tapyta/BO-82TAPYTA_20250412_055502.wav
1837	1	1			0.0	8000.0		
1838	1	1			0.0	8000.0		
1839	1	1			0.0	8000.0		
1840	1	1	38.0	42.0	0.0	8000.0	cluster_2	BO-82Tapyta/BO-82TAPYTA_20250418_031002.wav
1841	1	1			0.0	8000.0		
1842	1	1	32.0	36.0	0.0	8000.0	cluster_2	BO-82Tapyta/BO-82TAPYTA_20250418_040102.wav
1843	1	1			0.0	8000.0		
1844	1	1	4.0	8.0	0.0	8000.0	cluster_2	BO-82Tapyta/BO-82TAPYTA_20250502_202402.wav
1845	1	1	12.0	16.0	0.0	8000.0	cluster_2	BO-82Tapyta/BO-82TAPYTA_20250426_212302.wav
1846	1	1	40.0	44.0	0.0	8000.0	cluster_2	BO-81Tapyta/BO-81TAPYTA_20250414_221202.wav
1847	1	1			0.0	8000.0		
1848	1	1			0.0	8000.0		
1849	1	1	8.0	12.0	0.0	8000.0	cluster_2	BO-82Tapyta/BO-82TAPYTA_20250411_215302.wav
1850	1	1			0.0	8000.0		
1851	1	1	16.0	20.0	0.0	8000.0	cluster_2	BO-82Tapyta/BO-82TAPYTA_20250426_214402.wav
1852	1	1	50.0	54.0	0.0	8000.0	cluster_2	BO-82Tapyta/BO-82TAPYTA_20250416_200602.wav
1853	1	1			0.0	8000.0		
1854	1	1	0.0	4.0	0.0	8000.0	cluster_2	BO-82Tapyta/BO-82TAPYTA_20250416_031302.wav
1855	1	1			0.0	8000.0		
1856	1	1			0.0	8000.0		
1857	1	1			0.0	8000.0		
1858	1	1			0.0	8000.0		
1859	1	1			0.0	8000.0		
1860	1	1			0.0	8000.0		
1861	1	1			0.0	8000.0		
1862	1	1			0.0	8000.0		
1863	1	1			0.0	8000.0		
1864	1	1			0.0	8000.0		
1865	1	1	46.0	50.0	0.0	8000.0	cluster_2	BO-82Tapyta/BO-82TAPYTA_20250417_035602.wav
1866	1	1	24.0	28.0	0.0	8000.0	cluster_2	BO-82Tapyta/BO-82TAPYTA_20250416_215602.wav
1867	1	1			0.0	8000.0		
1868	1	1			0.0	8000.0		
1869	1	1			0.0	8000.0		
1870	1	1			0.0	8000.0		
1871	1	1			0.0	8000.0		
1872	1	1			0.0	8000.0		
1873	1	1	46.0	50.0	0.0	8000.0	cluster_2	BO-82Tapyta/BO-82TAPYTA_20250411_213502.wav
1874	1	1			0.0	8000.0		
1875	1	1			0.0	8000.0		
1876	1	1	42.0	46.0	0.0	8000.0	cluster_2	BO-82Tapyta/BO-82TAPYTA_20250423_221202.wav
1877	1	1			0.0	8000.0		
1878	1	1			0.0	8000.0		
1879	1	1			0.0	8000.0		
1880	1	1	4.0	8.0	0.0	8000.0	cluster_2	BO-81Tapyta/BO-81TAPYTA_20250416_042802.wav
1881	1	1	44.0	48.0	0.0	8000.0	cluster_2	BO-82Tapyta/BO-82TAPYTA_20250416_011102.wav
1882	1	1			0.0	8000.0		
1883	1	1			0.0	8000.0		
1884	1	1			0.0	8000.0		
1885	1	1	12.0	16.0	0.0	8000.0	cluster_2	BO-81Tapyta/BO-81TAPYTA_20250414_205602.wav
1886	1	1			0.0	8000.0		
1887	1	1	12.0	16.0	0.0	8000.0	cluster_2	BO-81Tapyta/BO-81TAPYTA_20250414_212202.wav
1888	1	1	40.0	44.0	0.0	8000.0	cluster_2	BO-82Tapyta/BO-82TAPYTA_20250417_195302.wav
1889	1	1			0.0	8000.0		
1890	1	1			0.0	8000.0		
1891	1	1			0.0	8000.0		
1892	1	1			0.0	8000.0		
1893	1	1			0.0	8000.0		
1894	1	1			0.0	8000.0		
1895	1	1			0.0	8000.0		
1896	1	1	12.0	16.0	0.0	8000.0	cluster_2	BO-81Tapyta/BO-81TAPYTA_20250412_003602.wav
1897	1	1			0.0	8000.0		
1898	1	1			0.0	8000.0		
1899	1	1			0.0	8000.0		
1900	1	1	16.0	20.0	0.0	8000.0	cluster_2	BO-82Tapyta/BO-82TAPYTA_20250416_014602.wav
1901	1	1			0.0	8000.0		
1902	1	1			0.0	8000.0		
1903	1	1			0.0	8000.0		
1904	1	1			0.0	8000.0		
1905	1	1			0.0	8000.0		
1906	1	1			0.0	8000.0		
1907	1	1			0.0	8000.0		
1908	1	1			0.0	8000.0		
1909	1	1			0.0	8000.0		
1910	1	1			0.0	8000.0		
1911	1	1	30.0	34.0	0.0	8000.0	cluster_2	BO-82Tapyta/BO-82TAPYTA_20250502_221402.wav
1912	1	1			0.0	8000.0		
1913	1	1	20.0	24.0	0.0	8000.0	cluster_2	BO-82Tapyta/BO-82TAPYTA_20250502_214802.wav
1914	1	1	30.0	34.0	0.0	8000.0	cluster_2	BO-82Tapyta/BO-82TAPYTA_20250425_022702.wav
1915	1	1	48.0	52.0	0.0	8000.0	cluster_2	BO-82Tapyta/BO-82TAPYTA_20250426_223702.wav
1916	1	1			0.0	8000.0		
1917	1	1			0.0	8000.0		
1918	1	1			0.0	8000.0		
1919	1	1			0.0	8000.0		
1920	1	1			0.0	8000.0		
1921	1	1			0.0	8000.0		
1922	1	1	48.0	52.0	0.0	8000.0	cluster_2	BO-82Tapyta/BO-82TAPYTA_20250416_232202.wav
1923	1	1	10.0	14.0	0.0	8000.0	cluster_2	BO-81Tapyta/BO-81TAPYTA_20250414_210902.wav
1924	1	1	16.0	20.0	0.0	8000.0	cluster_2	BO-81Tapyta/BO-81TAPYTA_20250412_045102.wav
1925	1	1			0.0	8000.0		
1926	1	1	34.0	38.0	0.0	8000.0	cluster_2	BO-82Tapyta/BO-82TAPYTA_20250416_222502.wav
1927	1	1			0.0	8000.0		
1928	1	1			0.0	8000.0		
1929	1	1			0.0	8000.0		
1930	1	1	52.0	56.0	0.0	8000.0	cluster_2	BO-82Tapyta/BO-82TAPYTA_20250418_024202.wav
1931	1	1			0.0	8000.0		
1932	1	1			0.0	8000.0		
1933	1	1			0.0	8000.0		
1934	1	1			0.0	8000.0		
1935	1	1			0.0	8000.0		
1936	1	1			0.0	8000.0		
1937	1	1			0.0	8000.0		
1938	1	1			0.0	8000.0		
1939	1	1			0.0	8000.0		
1940	1	1			0.0	8000.0		
1941	1	1			0.0	8000.0		
1942	1	1			0.0	8000.0		
1943	1	1			0.0	8000.0		
1944	1	1			0.0	8000.0		
1945	1	1	30.0	34.0	0.0	8000.0	cluster_2	BO-82Tapyta/BO-82TAPYTA_20250415_211502.wav
1946	1	1			0.0	8000.0		
1947	1	1			0.0	8000.0		
1948	1	1			0.0	8000.0		
1949	1	1			0.0	8000.0		
1950	1	1			0.0	8000.0		
1951	1	1			0.0	8000.0		
1952	1	1			0.0	8000.0		
1953	1	1			0.0	8000.0		
1954	1	1			0.0	8000.0		
1955	1	1			0.0	8000.0		
1956	1	1			0.0	8000.0		
1957	1	1			0.0	8000.0		
1958	1	1			0.0	8000.0		
1959	1	1			0.0	8000.0		
1960	1	1	22.0	26.0	0.0	8000.0	cluster_2	BO-82Tapyta/BO-82TAPYTA_20250427_004802.wav
1961	1	1	32.0	36.0	0.0	8000.0	cluster_2	BO-82Tapyta/BO-82TAPYTA_20250416_233102.wav
1962	1	1			0.0	8000.0		
1963	1	1			0.0	8000.0		
1964	1	1			0.0	8000.0		
1965	1	1			0.0	8000.0		
1966	1	1			0.0	8000.0		
1967	1	1	42.0	46.0	0.0	8000.0	cluster_2	BO-82Tapyta/BO-82TAPYTA_20250424_210702.wav
1968	1	1			0.0	8000.0		
1969	1	1			0.0	8000.0		
1970	1	1			0.0	8000.0		
1971	1	1	14.0	18.0	0.0	8000.0	cluster_2	BO-82Tapyta/BO-82TAPYTA_20250425_214402.wav
1972	1	1			0.0	8000.0		
1973	1	1	48.0	52.0	0.0	8000.0	cluster_2	BO-82Tapyta/BO-82TAPYTA_20250415_192502.wav
1974	1	1			0.0	8000.0		
1975	1	1			0.0	8000.0		
1976	1	1			0.0	8000.0		
1977	1	1	4.0	8.0	0.0	8000.0	cluster_2	BO-82Tapyta/BO-82TAPYTA_20250417_220602.wav
1978	1	1			0.0	8000.0		
1979	1	1	40.0	44.0	0.0	8000.0	cluster_2	BO-82Tapyta/BO-82TAPYTA_20250411_212702.wav
1980	1	1			0.0	8000.0		
1981	1	1			0.0	8000.0		
1982	1	1			0.0	8000.0		
1983	1	1			0.0	8000.0		
1984	1	1			0.0	8000.0		
1985	1	1	28.0	32.0	0.0	8000.0	cluster_2	BO-82Tapyta/BO-82TAPYTA_20250424_220502.wav
1986	1	1			0.0	8000.0		
1987	1	1			0.0	8000.0		
1988	1	1			0.0	8000.0		
1989	1	1	44.0	48.0	0.0	8000.0	cluster_2	BO-82Tapyta/BO-82TAPYTA_20250425_020502.wav
1990	1	1			0.0	8000.0		
1991	1	1			0.0	8000.0		
1992	1	1	26.0	30.0	0.0	8000.0	cluster_2	BO-82Tapyta/BO-82TAPYTA_20250415_221602.wav
1993	1	1	52.0	56.0	0.0	8000.0	cluster_2	BO-82Tapyta/BO-82TAPYTA_20250425_192402.wav
1994	1	1			0.0	8000.0		
1995	1	1			0.0	8000.0		
1996	1	1			0.0	8000.0		
1997	1	1			0.0	8000.0		
1998	1	1			0.0	8000.0		
1999	1	1			0.0	8000.0		
2000	1	1			0.0	8000.0		
2001	1	1			0.0	8000.0		
2002	1	1			0.0	8000.0		
2003	1	1	4.0	8.0	0.0	8000.0	cluster_2	BO-82Tapyta/BO-82TAPYTA_20250414_211402.wav
2004	1	1			0.0	8000.0		
2005	1	1			0.0	8000.0		
2006	1	1			0.0	8000.0		
2007	1	1			0.0	8000.0		
2008	1	1	32.0	36.0	0.0	8000.0	cluster_2	BO-82Tapyta/BO-82TAPYTA_20250427_002802.wav
2009	1	1	2.0	6.0	0.0	8000.0	cluster_2	BO-82Tapyta/BO-82TAPYTA_20250424_004202.wav
2010	1	1			0.0	8000.0		
2011	1	1			0.0	8000.0		
2012	1	1	16.0	20.0	0.0	8000.0	cluster_2	BO-82Tapyta/BO-82TAPYTA_20250502_225702.wav
2013	1	1			0.0	8000.0		
2014	1	1			0.0	8000.0		
2015	1	1			0.0	8000.0		
2016	1	1			0.0	8000.0		
2017	1	1			0.0	8000.0		
2018	1	1			0.0	8000.0		
2019	1	1	40.0	44.0	0.0	8000.0	cluster_2	BO-82Tapyta/BO-82TAPYTA_20250416_011502.wav
2020	1	1	6.0	10.0	0.0	8000.0	cluster_2	BO-82Tapyta/BO-82TAPYTA_20250414_213502.wav
2021	1	1			0.0	8000.0		
2022	1	1			0.0	8000.0		
2023	1	1	14.0	18.0	0.0	8000.0	cluster_2	BO-82Tapyta/BO-82TAPYTA_20250411_190302.wav
2024	1	1			0.0	8000.0		
2025	1	1			0.0	8000.0		
2026	1	1			0.0	8000.0		
2027	1	1			0.0	8000.0		
2028	1	1			0.0	8000.0		
2029	1	1	18.0	22.0	0.0	8000.0	cluster_2	BO-81Tapyta/BO-81TAPYTA_20250412_014102.wav
2030	1	1	12.0	16.0	0.0	8000.0	cluster_2	BO-81Tapyta/BO-81TAPYTA_20250415_210202.wav
2031	1	1			0.0	8000.0		
2032	1	1	42.0	46.0	0.0	8000.0	cluster_2	BO-82Tapyta/BO-82TAPYTA_20250426_232902.wav
2033	1	1			0.0	8000.0		
2034	1	1	2.0	6.0	0.0	8000.0	cluster_2	BO-82Tapyta/BO-82TAPYTA_20250424_202702.wav
2035	1	1			0.0	8000.0		
2036	1	1			0.0	8000.0		
2037	1	1			0.0	8000.0		
2038	1	1			0.0	8000.0		
2039	1	1			0.0	8000.0		
2040	1	1			0.0	8000.0		
2041	1	1			0.0	8000.0		
2042	1	1	38.0	42.0	0.0	8000.0	cluster_2	BO-82Tapyta/BO-82TAPYTA_20250425_024502.wav
2043	1	1	50.0	54.0	0.0	8000.0	cluster_2	BO-81Tapyta/BO-81TAPYTA_20250415_234402.wav
2044	1	1			0.0	8000.0		
2045	1	1			0.0	8000.0		
2046	1	1			0.0	8000.0		
2047	1	1	14.0	18.0	0.0	8000.0	cluster_2	BO-82Tapyta/BO-82TAPYTA_20250418_015802.wav
2048	1	1			0.0	8000.0		
2049	1	1			0.0	8000.0		
2050	1	1			0.0	8000.0		
2051	1	1	10.0	14.0	0.0	8000.0	cluster_2	BO-82Tapyta/BO-82TAPYTA_20250426_200202.wav
2052	1	1			0.0	8000.0		
2053	1	1			0.0	8000.0		
2054	1	1			0.0	8000.0		
2055	1	1			0.0	8000.0		
2056	1	1			0.0	8000.0		
2057	1	1			0.0	8000.0		
2058	1	1	20.0	24.0	0.0	8000.0	cluster_2	BO-82Tapyta/BO-82TAPYTA_20250425_021602.wav
2059	1	1			0.0	8000.0		
2060	1	1			0.0	8000.0		
2061	1	1			0.0	8000.0		
2062	1	1			0.0	8000.0		
2063	1	1			0.0	8000.0		
2064	1	1	16.0	20.0	0.0	8000.0	cluster_2	BO-82Tapyta/BO-82TAPYTA_20250426_234202.wav
2065	1	1			0.0	8000.0		
2066	1	1			0.0	8000.0		
2067	1	1			0.0	8000.0		
2068	1	1			0.0	8000.0		
2069	1	1			0.0	8000.0		
2070	1	1	26.0	30.0	0.0	8000.0	cluster_2	BO-82Tapyta/BO-82TAPYTA_20250415_192202.wav
2071	1	1			0.0	8000.0		
2072	1	1			0.0	8000.0		
2073	1	1			0.0	8000.0		
2074	1	1			0.0	8000.0		
2075	1	1			0.0	8000.0		
2076	1	1			0.0	8000.0		
2077	1	1			0.0	8000.0		
2078	1	1			0.0	8000.0		
2079	1	1	26.0	30.0	0.0	8000.0	cluster_2	BO-81Tapyta/BO-81TAPYTA_20250416_040102.wav
2080	1	1			0.0	8000.0		
2081	1	1			0.0	8000.0		
2082	1	1			0.0	8000.0		
2083	1	1	20.0	24.0	0.0	8000.0	cluster_2	BO-82Tapyta/BO-82TAPYTA_20250427_031802.wav
2084	1	1			0.0	8000.0		
2085	1	1	38.0	42.0	0.0	8000.0	cluster_2	BO-81Tapyta/BO-81TAPYTA_20250416_031902.wav
2086	1	1			0.0	8000.0		
2087	1	1	4.0	8.0	0.0	8000.0	cluster_2	BO-82Tapyta/BO-82TAPYTA_20250424_230802.wav
2088	1	1			0.0	8000.0		
2089	1	1			0.0	8000.0		
2090	1	1			0.0	8000.0		
2091	1	1			0.0	8000.0		
2092	1	1	30.0	34.0	0.0	8000.0	cluster_2	BO-82Tapyta/BO-82TAPYTA_20250417_013602.wav
2093	1	1			0.0	8000.0		
2094	1	1			0.0	8000.0		
2095	1	1			0.0	8000.0		
2096	1	1			0.0	8000.0		
2097	1	1			0.0	8000.0		
2098	1	1			0.0	8000.0		
2099	1	1	16.0	20.0	0.0	8000.0	cluster_2	BO-82Tapyta/BO-82TAPYTA_20250418_054102.wav
2100	1	1			0.0	8000.0		
2101	1	1	50.0	54.0	0.0	8000.0	cluster_2	BO-82Tapyta/BO-82TAPYTA_20250425_024702.wav
2102	1	1			0.0	8000.0		
2103	1	1			0.0	8000.0		
2104	1	1			0.0	8000.0		
2105	1	1			0.0	8000.0		
2106	1	1			0.0	8000.0		
2107	1	1			0.0	8000.0		
2108	1	1	8.0	12.0	0.0	8000.0	cluster_2	BO-82Tapyta/BO-82TAPYTA_20250411_230502.wav
2109	1	1			0.0	8000.0		
2110	1	1			0.0	8000.0		
2111	1	1	2.0	6.0	0.0	8000.0	cluster_2	BO-82Tapyta/BO-82TAPYTA_20250412_042002.wav
2112	1	1			0.0	8000.0		
2113	1	1			0.0	8000.0		
2114	1	1			0.0	8000.0		
2115	1	1			0.0	8000.0		
2116	1	1			0.0	8000.0		
2117	1	1			0.0	8000.0		
2118	1	1			0.0	8000.0		
2119	1	1	32.0	36.0	0.0	8000.0	cluster_2	BO-81Tapyta/BO-81TAPYTA_20250416_042802.wav
2120	1	1			0.0	8000.0		
2121	1	1	10.0	14.0	0.0	8000.0	cluster_2	BO-82Tapyta/BO-82TAPYTA_20250427_021202.wav
2122	1	1			0.0	8000.0		
2123	1	1	10.0	14.0	0.0	8000.0	cluster_2	BO-82Tapyta/BO-82TAPYTA_20250415_233002.wav
2124	1	1			0.0	8000.0		
2125	1	1			0.0	8000.0		
2126	1	1			0.0	8000.0		
2127	1	1			0.0	8000.0		
2128	1	1			0.0	8000.0		
2129	1	1			0.0	8000.0		
2130	1	1			0.0	8000.0		
2131	1	1			0.0	8000.0		
2132	1	1			0.0	8000.0		
2133	1	1			0.0	8000.0		
2134	1	1			0.0	8000.0		
2135	1	1			0.0	8000.0		
2136	1	1	8.0	12.0	0.0	8000.0	cluster_2	BO-82Tapyta/BO-82TAPYTA_20250425_205102.wav
2137	1	1			0.0	8000.0		
2138	1	1	52.0	56.0	0.0	8000.0	cluster_2	BO-82Tapyta/BO-82TAPYTA_20250426_221502.wav
2139	1	1			0.0	8000.0		
2140	1	1			0.0	8000.0		
2141	1	1			0.0	8000.0		
2142	1	1			0.0	8000.0		
2143	1	1			0.0	8000.0		
2144	1	1			0.0	8000.0		
2145	1	1	22.0	26.0	0.0	8000.0	cluster_2	BO-82Tapyta/BO-82TAPYTA_20250415_221602.wav
2146	1	1	12.0	16.0	0.0	8000.0	cluster_2	BO-81Tapyta/BO-81TAPYTA_20250415_235702.wav
2147	1	1			0.0	8000.0		
2148	1	1			0.0	8000.0		
2149	1	1			0.0	8000.0		
2150	1	1	16.0	20.0	0.0	8000.0	cluster_2	BO-82Tapyta/BO-82TAPYTA_20250424_235802.wav
2151	1	1	38.0	42.0	0.0	8000.0	cluster_2	BO-81Tapyta/BO-81TAPYTA_20250411_204002.wav
2152	1	1			0.0	8000.0		
2153	1	1			0.0	8000.0		
2154	1	1	20.0	24.0	0.0	8000.0	cluster_2	BO-82Tapyta/BO-82TAPYTA_20250411_233002.wav
2155	1	1			0.0	8000.0		
2156	1	1	2.0	6.0	0.0	8000.0	cluster_2	BO-82Tapyta/BO-82TAPYTA_20250416_034302.wav
2157	1	1			0.0	8000.0		
2158	1	1			0.0	8000.0		
2159	1	1			0.0	8000.0		
2160	1	1			0.0	8000.0		
2161	1	1	42.0	46.0	0.0	8000.0	cluster_2	BO-82Tapyta/BO-82TAPYTA_20250425_205302.wav
2162	1	1			0.0	8000.0		
2163	1	1	52.0	56.0	0.0	8000.0	cluster_2	BO-82Tapyta/BO-82TAPYTA_20250417_004902.wav
2164	1	1			0.0	8000.0		
2165	1	1			0.0	8000.0		
2166	1	1			0.0	8000.0		
2167	1	1			0.0	8000.0		
2168	1	1			0.0	8000.0		
2169	1	1			0.0	8000.0		
2170	1	1			0.0	8000.0		
2171	1	1			0.0	8000.0		
2172	1	1			0.0	8000.0		
2173	1	1			0.0	8000.0		
2174	1	1	18.0	22.0	0.0	8000.0	cluster_2	BO-82Tapyta/BO-82TAPYTA_20250414_215602.wav
2175	1	1			0.0	8000.0		
2176	1	1			0.0	8000.0		
2177	1	1			0.0	8000.0		
2178	1	1			0.0	8000.0		
2179	1	1			0.0	8000.0		
2180	1	1			0.0	8000.0		
2181	1	1			0.0	8000.0		
2182	1	1			0.0	8000.0		
2183	1	1			0.0	8000.0		
2184	1	1	52.0	56.0	0.0	8000.0	cluster_2	BO-82Tapyta/BO-82TAPYTA_20250411_232102.wav
2185	1	1	48.0	52.0	0.0	8000.0	cluster_2	BO-82Tapyta/BO-82TAPYTA_20250418_024602.wav
2186	1	1	6.0	10.0	0.0	8000.0	cluster_2	BO-82Tapyta/BO-82TAPYTA_20250427_020402.wav
2187	1	1	24.0	28.0	0.0	8000.0	cluster_2	BO-81Tapyta/BO-81TAPYTA_20250413_205602.wav
2188	1	1	32.0	36.0	0.0	8000.0	cluster_2	BO-82Tapyta/BO-82TAPYTA_20250427_052502.wav
2189	1	1			0.0	8000.0		
2190	1	1			0.0	8000.0		
2191	1	1			0.0	8000.0		
2192	1	1	42.0	46.0	0.0	8000.0	cluster_2	BO-82Tapyta/BO-82TAPYTA_20250411_202802.wav
2193	1	1			0.0	8000.0		
2194	1	1			0.0	8000.0		
2195	1	1			0.0	8000.0		
2196	1	1			0.0	8000.0		
2197	1	1	18.0	22.0	0.0	8000.0	cluster_2	BO-81Tapyta/BO-81TAPYTA_20250416_044902.wav
2198	1	1	52.0	56.0	0.0	8000.0	cluster_2	BO-82Tapyta/BO-82TAPYTA_20250416_223802.wav
2199	1	1			0.0	8000.0		
2200	1	1			0.0	8000.0		
2201	1	1	18.0	22.0	0.0	8000.0	cluster_2	BO-82Tapyta/BO-82TAPYTA_20250414_195502.wav
2202	1	1			0.0	8000.0		
2203	1	1			0.0	8000.0		
2204	1	1			0.0	8000.0		
2205	1	1			0.0	8000.0		
2206	1	1			0.0	8000.0		
2207	1	1	28.0	32.0	0.0	8000.0	cluster_2	BO-82Tapyta/BO-82TAPYTA_20250415_233002.wav
2208	1	1	52.0	56.0	0.0	8000.0	cluster_2	BO-82Tapyta/BO-82TAPYTA_20250416_003502.wav
2209	1	1			0.0	8000.0		
2210	1	1			0.0	8000.0		
2211	1	1			0.0	8000.0		
2212	1	1			0.0	8000.0		
2213	1	1			0.0	8000.0		
2214	1	1			0.0	8000.0		
2215	1	1			0.0	8000.0		
2216	1	1			0.0	8000.0		
2217	1	1			0.0	8000.0		
2218	1	1			0.0	8000.0		
2219	1	1			0.0	8000.0		
2220	1	1			0.0	8000.0		
2221	1	1			0.0	8000.0		
2222	1	1	24.0	28.0	0.0	8000.0	cluster_2	BO-82Tapyta/BO-82TAPYTA_20250417_015002.wav
2223	1	1	42.0	46.0	0.0	8000.0	cluster_2	BO-82Tapyta/BO-82TAPYTA_20250417_015802.wav
2224	1	1			0.0	8000.0		
2225	1	1			0.0	8000.0		
2226	1	1			0.0	8000.0		
2227	1	1			0.0	8000.0		
2228	1	1			0.0	8000.0		
2229	1	1	46.0	50.0	0.0	8000.0	cluster_2	BO-82Tapyta/BO-82TAPYTA_20250416_022302.wav
2230	1	1			0.0	8000.0		
2231	1	1			0.0	8000.0		
2232	1	1			0.0	8000.0		
2233	1	1	12.0	16.0	0.0	8000.0	cluster_2	BO-82Tapyta/BO-82TAPYTA_20250424_225802.wav
2234	1	1			0.0	8000.0		
2235	1	1			0.0	8000.0		
2236	1	1			0.0	8000.0		
2237	1	1	30.0	34.0	0.0	8000.0	cluster_2	BO-82Tapyta/BO-82TAPYTA_20250425_235102.wav
2238	1	1			0.0	8000.0		
2239	1	1			0.0	8000.0		
2240	1	1	6.0	10.0	0.0	8000.0	cluster_2	BO-82Tapyta/BO-82TAPYTA_20250416_030502.wav
2241	1	1	22.0	26.0	0.0	8000.0	cluster_2	BO-81Tapyta/BO-81TAPYTA_20250416_043402.wav
2242	1	1			0.0	8000.0		
2243	1	1			0.0	8000.0		
2244	1	1			0.0	8000.0		
2245	1	1	30.0	34.0	0.0	8000.0	cluster_2	BO-82Tapyta/BO-82TAPYTA_20250425_030002.wav
2246	1	1			0.0	8000.0		
2247	1	1			0.0	8000.0		
2248	1	1			0.0	8000.0		
2249	1	1			0.0	8000.0		
2250	1	1			0.0	8000.0		
2251	1	1			0.0	8000.0		
2252	1	1			0.0	8000.0		
2253	1	1			0.0	8000.0		
2254	1	1			0.0	8000.0		
2255	1	1	48.0	52.0	0.0	8000.0	cluster_2	BO-81Tapyta/BO-81TAPYTA_20250416_005002.wav
2256	1	1			0.0	8000.0		
2257	1	1	52.0	56.0	0.0	8000.0	cluster_2	BO-82Tapyta/BO-82TAPYTA_20250417_195402.wav
2258	1	1			0.0	8000.0		
2259	1	1			0.0	8000.0		
2260	1	1			0.0	8000.0		
2261	1	1			0.0	8000.0		
2262	1	1			0.0	8000.0		
2263	1	1			0.0	8000.0		
2264	1	1			0.0	8000.0		
2265	1	1			0.0	8000.0		
2266	1	1			0.0	8000.0		
2267	1	1			0.0	8000.0		
2268	1	1			0.0	8000.0		
2269	1	1			0.0	8000.0		
2270	1	1			0.0	8000.0		
2271	1	1	28.0	32.0	0.0	8000.0	cluster_2	BO-82Tapyta/BO-82TAPYTA_20250414_202602.wav
2272	1	1			0.0	8000.0		
2273	1	1	12.0	16.0	0.0	8000.0	cluster_2	BO-82Tapyta/BO-82TAPYTA_20250426_053902.wav
2274	1	1			0.0	8000.0		
2275	1	1			0.0	8000.0		
2276	1	1			0.0	8000.0		
2277	1	1	34.0	38.0	0.0	8000.0	cluster_2	BO-82Tapyta/BO-82TAPYTA_20250412_024502.wav
2278	1	1			0.0	8000.0		
2279	1	1			0.0	8000.0		
2280	1	1			0.0	8000.0		
2281	1	1			0.0	8000.0		
2282	1	1			0.0	8000.0		
2283	1	1			0.0	8000.0		
2284	1	1			0.0	8000.0		
2285	1	1			0.0	8000.0		
2286	1	1			0.0	8000.0		
2287	1	1			0.0	8000.0		
2288	1	1			0.0	8000.0		
2289	1	1			0.0	8000.0		
2290	1	1			0.0	8000.0		
2291	1	1			0.0	8000.0		
2292	1	1			0.0	8000.0		
2293	1	1	6.0	10.0	0.0	8000.0	cluster_2	BO-82Tapyta/BO-82TAPYTA_20250426_210002.wav
2294	1	1			0.0	8000.0		
2295	1	1			0.0	8000.0		
2296	1	1			0.0	8000.0		
2297	1	1			0.0	8000.0		
2298	1	1			0.0	8000.0		
2299	1	1			0.0	8000.0		
2300	1	1			0.0	8000.0		
2301	1	1	24.0	28.0	0.0	8000.0	cluster_2	BO-82Tapyta/BO-82TAPYTA_20250418_045702.wav
2302	1	1	48.0	52.0	0.0	8000.0	cluster_2	BO-82Tapyta/BO-82TAPYTA_20250424_223902.wav
2303	1	1	40.0	44.0	0.0	8000.0	cluster_2	BO-82Tapyta/BO-82TAPYTA_20250418_002402.wav
2304	1	1			0.0	8000.0		
2305	1	1			0.0	8000.0		
2306	1	1	18.0	22.0	0.0	8000.0	cluster_2	BO-82Tapyta/BO-82TAPYTA_20250416_032202.wav
2307	1	1			0.0	8000.0		
2308	1	1			0.0	8000.0		
2309	1	1			0.0	8000.0		
2310	1	1			0.0	8000.0		
2311	1	1	24.0	28.0	0.0	8000.0	cluster_2	BO-82Tapyta/BO-82TAPYTA_20250412_052302.wav
2312	1	1			0.0	8000.0		
2313	1	1			0.0	8000.0		
2314	1	1	12.0	16.0	0.0	8000.0	cluster_2	BO-82Tapyta/BO-82TAPYTA_20250418_000202.wav
2315	1	1			0.0	8000.0		
2316	1	1			0.0	8000.0		
2317	1	1			0.0	8000.0		
2318	1	1			0.0	8000.0		
2319	1	1			0.0	8000.0		
2320	1	1			0.0	8000.0		
2321	1	1			0.0	8000.0		
2322	1	1	4.0	8.0	0.0	8000.0	cluster_2	BO-82Tapyta/BO-82TAPYTA_20250427_211502.wav
2323	1	1			0.0	8000.0		
2324	1	1			0.0	8000.0		
2325	1	1			0.0	8000.0		
2326	1	1			0.0	8000.0		
2327	1	1	42.0	46.0	0.0	8000.0	cluster_2	BO-81Tapyta/BO-81TAPYTA_20250416_044902.wav
2328	1	1			0.0	8000.0		
2329	1	1			0.0	8000.0		
2330	1	1			0.0	8000.0		
2331	1	1			0.0	8000.0		
2332	1	1			0.0	8000.0		
2333	1	1			0.0	8000.0		
2334	1	1			0.0	8000.0		
2335	1	1			0.0	8000.0		
2336	1	1	12.0	16.0	0.0	8000.0	cluster_2	BO-82Tapyta/BO-82TAPYTA_20250417_024002.wav
2337	1	1			0.0	8000.0		
2338	1	1			0.0	8000.0		
2339	1	1			0.0	8000.0		
2340	1	1			0.0	8000.0		
2341	1	1			0.0	8000.0		
2342	1	1			0.0	8000.0		
2343	1	1			0.0	8000.0		
2344	1	1	42.0	46.0	0.0	8000.0	cluster_2	BO-82Tapyta/BO-82TAPYTA_20250427_003602.wav
2345	1	1			0.0	8000.0		
2346	1	1			0.0	8000.0		
2347	1	1			0.0	8000.0		
2348	1	1	52.0	56.0	0.0	8000.0	cluster_2	BO-82Tapyta/BO-82TAPYTA_20250417_223602.wav
2349	1	1			0.0	8000.0		
2350	1	1	50.0	54.0	0.0	8000.0	cluster_2	BO-81Tapyta/BO-81TAPYTA_20250416_012802.wav
2351	1	1			0.0	8000.0		
2352	1	1	6.0	10.0	0.0	8000.0	cluster_2	BO-82Tapyta/BO-82TAPYTA_20250425_001002.wav
2353	1	1			0.0	8000.0		
2354	1	1			0.0	8000.0		
2355	1	1	4.0	8.0	0.0	8000.0	cluster_2	BO-81Tapyta/BO-81TAPYTA_20250414_221102.wav
2356	1	1			0.0	8000.0		
2357	1	1			0.0	8000.0		
2358	1	1			0.0	8000.0		
2359	1	1			0.0	8000.0		
2360	1	1			0.0	8000.0		
2361	1	1			0.0	8000.0		
2362	1	1	12.0	16.0	0.0	8000.0	cluster_2	BO-82Tapyta/BO-82TAPYTA_20250426_010602.wav
2363	1	1			0.0	8000.0		
2364	1	1			0.0	8000.0		
2365	1	1			0.0	8000.0		
2366	1	1			0.0	8000.0		
2367	1	1	52.0	56.0	0.0	8000.0	cluster_2	BO-82Tapyta/BO-82TAPYTA_20250424_211802.wav
2368	1	1	6.0	10.0	0.0	8000.0	cluster_2	BO-82Tapyta/BO-82TAPYTA_20250413_202402.wav
2369	1	1			0.0	8000.0		
2370	1	1			0.0	8000.0		
2371	1	1	50.0	54.0	0.0	8000.0	cluster_2	BO-82Tapyta/BO-82TAPYTA_20250415_221302.wav
2372	1	1			0.0	8000.0		
2373	1	1			0.0	8000.0		
2374	1	1			0.0	8000.0		
2375	1	1			0.0	8000.0		
2376	1	1			0.0	8000.0		
2377	1	1	8.0	12.0	0.0	8000.0	cluster_2	BO-82Tapyta/BO-82TAPYTA_20250426_203202.wav
2378	1	1	6.0	10.0	0.0	8000.0	cluster_2	BO-82Tapyta/BO-82TAPYTA_20250417_203702.wav
2379	1	1			0.0	8000.0		
2380	1	1	12.0	16.0	0.0	8000.0	cluster_2	BO-82Tapyta/BO-82TAPYTA_20250416_014702.wav
2381	1	1			0.0	8000.0		
2382	1	1	44.0	48.0	0.0	8000.0	cluster_2	BO-82Tapyta/BO-82TAPYTA_20250415_193202.wav
2383	1	1			0.0	8000.0		
2384	1	1	10.0	14.0	0.0	8000.0	cluster_2	BO-82Tapyta/BO-82TAPYTA_20250413_212802.wav
2385	1	1	32.0	36.0	0.0	8000.0	cluster_2	BO-82Tapyta/BO-82TAPYTA_20250426_042502.wav
2386	1	1			0.0	8000.0		
2387	1	1			0.0	8000.0		
2388	1	1			0.0	8000.0		
2389	1	1	30.0	34.0	0.0	8000.0	cluster_2	BO-81Tapyta/BO-81TAPYTA_20250411_215902.wav
2390	1	1			0.0	8000.0		
2391	1	1	40.0	44.0	0.0	8000.0	cluster_2	BO-82Tapyta/BO-82TAPYTA_20250414_191202.wav
2392	1	1	46.0	50.0	0.0	8000.0	cluster_2	BO-81Tapyta/BO-81TAPYTA_20250412_014402.wav
2393	1	1			0.0	8000.0		
2394	1	1	26.0	30.0	0.0	8000.0	cluster_2	BO-82Tapyta/BO-82TAPYTA_20250414_203702.wav
2395	1	1			0.0	8000.0		
2396	1	1	28.0	32.0	0.0	8000.0	cluster_2	BO-82Tapyta/BO-82TAPYTA_20250416_215102.wav
2397	1	1			0.0	8000.0		
2398	1	1			0.0	8000.0		
2399	1	1			0.0	8000.0		
2400	1	1			0.0	8000.0		
2401	1	1	0.0	4.0	0.0	8000.0	cluster_2	BO-82Tapyta/BO-82TAPYTA_20250411_223202.wav
2402	1	1	24.0	28.0	0.0	8000.0	cluster_2	BO-82Tapyta/BO-82TAPYTA_20250425_194402.wav
2403	1	1			0.0	8000.0		
2404	1	1			0.0	8000.0		
2405	1	1			0.0	8000.0		
2406	1	1			0.0	8000.0		
2407	1	1	2.0	6.0	0.0	8000.0	cluster_2	BO-81Tapyta/BO-81TAPYTA_20250411_232502.wav
2408	1	1			0.0	8000.0		
2409	1	1			0.0	8000.0		
2410	1	1			0.0	8000.0		
2411	1	1			0.0	8000.0		
2412	1	1	14.0	18.0	0.0	8000.0	cluster_2	BO-82Tapyta/BO-82TAPYTA_20250427_203602.wav
2413	1	1			0.0	8000.0		
2414	1	1			0.0	8000.0		
2415	1	1			0.0	8000.0		
2416	1	1			0.0	8000.0		
2417	1	1			0.0	8000.0		
2418	1	1			0.0	8000.0		
2419	1	1			0.0	8000.0		
2420	1	1			0.0	8000.0		
2421	1	1			0.0	8000.0		
2422	1	1			0.0	8000.0		
2423	1	1			0.0	8000.0		
2424	1	1			0.0	8000.0		
2425	1	1			0.0	8000.0		
2426	1	1			0.0	8000.0		
2427	1	1			0.0	8000.0		
2428	1	1			0.0	8000.0		
2429	1	1			0.0	8000.0		
2430	1	1			0.0	8000.0		
2431	1	1			0.0	8000.0		
2432	1	1			0.0	8000.0		
2433	1	1			0.0	8000.0		
2434	1	1			0.0	8000.0		
2435	1	1			0.0	8000.0		
2436	1	1			0.0	8000.0		
2437	1	1	28.0	32.0	0.0	8000.0	cluster_2	BO-82Tapyta/BO-82TAPYTA_20250425_005802.wav
2438	1	1	22.0	26.0	0.0	8000.0	cluster_2	BO-82Tapyta/BO-82TAPYTA_20250416_213402.wav
2439	1	1	50.0	54.0	0.0	8000.0	cluster_2	BO-81Tapyta/BO-81TAPYTA_20250412_022402.wav
2440	1	1			0.0	8000.0		
2441	1	1			0.0	8000.0		
2442	1	1			0.0	8000.0		
2443	1	1			0.0	8000.0		
2444	1	1			0.0	8000.0		
2445	1	1			0.0	8000.0		
2446	1	1	38.0	42.0	0.0	8000.0	cluster_2	BO-81Tapyta/BO-81TAPYTA_20250416_014102.wav
2447	1	1			0.0	8000.0		
2448	1	1			0.0	8000.0		
2449	1	1			0.0	8000.0		
2450	1	1			0.0	8000.0		
2451	1	1			0.0	8000.0		
2452	1	1			0.0	8000.0		
2453	1	1			0.0	8000.0		
2454	1	1			0.0	8000.0		
2455	1	1	26.0	30.0	0.0	8000.0	cluster_2	BO-82Tapyta/BO-82TAPYTA_20250426_031802.wav
2456	1	1			0.0	8000.0		
2457	1	1			0.0	8000.0		
2458	1	1			0.0	8000.0		
2459	1	1	38.0	42.0	0.0	8000.0	cluster_2	BO-82Tapyta/BO-82TAPYTA_20250424_213202.wav
2460	1	1	46.0	50.0	0.0	8000.0	cluster_2	BO-82Tapyta/BO-82TAPYTA_20250411_185902.wav
2461	1	1	2.0	6.0	0.0	8000.0	cluster_2	BO-82Tapyta/BO-82TAPYTA_20250412_054402.wav
2462	1	1			0.0	8000.0		
2463	1	1	24.0	28.0	0.0	8000.0	cluster_2	BO-82Tapyta/BO-82TAPYTA_20250417_032302.wav
2464	1	1			0.0	8000.0		
2465	1	1			0.0	8000.0		
2466	1	1			0.0	8000.0		
2467	1	1			0.0	8000.0		
2468	1	1			0.0	8000.0		
2469	1	1	42.0	46.0	0.0	8000.0	cluster_2	BO-82Tapyta/BO-82TAPYTA_20250425_010002.wav
2470	1	1	46.0	50.0	0.0	8000.0	cluster_2	BO-82Tapyta/BO-82TAPYTA_20250412_043602.wav
2471	1	1			0.0	8000.0		
2472	1	1	18.0	22.0	0.0	8000.0	cluster_2	BO-82Tapyta/BO-82TAPYTA_20250424_214402.wav
2473	1	1			0.0	8000.0		
2474	1	1			0.0	8000.0		
2475	1	1	52.0	56.0	0.0	8000.0	cluster_2	BO-82Tapyta/BO-82TAPYTA_20250414_191502.wav
2476	1	1			0.0	8000.0		
2477	1	1			0.0	8000.0		
2478	1	1			0.0	8000.0		
2479	1	1			0.0	8000.0		
2480	1	1			0.0	8000.0		
2481	1	1			0.0	8000.0		
2482	1	1			0.0	8000.0		
2483	1	1			0.0	8000.0		
2484	1	1	18.0	22.0	0.0	8000.0	cluster_2	BO-82Tapyta/BO-82TAPYTA_20250415_212102.wav
2485	1	1			0.0	8000.0		
2486	1	1			0.0	8000.0		
2487	1	1			0.0	8000.0		
2488	1	1			0.0	8000.0		
2489	1	1			0.0	8000.0		
2490	1	1	24.0	28.0	0.0	8000.0	cluster_2	BO-82Tapyta/BO-82TAPYTA_20250426_022102.wav
2491	1	1	18.0	22.0	0.0	8000.0	cluster_2	BO-82Tapyta/BO-82TAPYTA_20250412_042602.wav
2492	1	1			0.0	8000.0		
2493	1	1			0.0	8000.0		
2494	1	1			0.0	8000.0		
2495	1	1			0.0	8000.0		
2496	1	1	20.0	24.0	0.0	8000.0	cluster_2	BO-82Tapyta/BO-82TAPYTA_20250416_040102.wav
2497	1	1			0.0	8000.0		
2498	1	1	8.0	12.0	0.0	8000.0	cluster_2	BO-82Tapyta/BO-82TAPYTA_20250418_013102.wav
2499	1	1			0.0	8000.0		
2500	1	1			0.0	8000.0		
2501	1	1			0.0	8000.0		
2502	1	1			0.0	8000.0		
2503	1	1			0.0	8000.0		
2504	1	1			0.0	8000.0		
2505	1	1			0.0	8000.0		
2506	1	1			0.0	8000.0		
2507	1	1			0.0	8000.0		
2508	1	1	4.0	8.0	0.0	8000.0	cluster_2	BO-82Tapyta/BO-82TAPYTA_20250427_031002.wav
2509	1	1			0.0	8000.0		
2510	1	1			0.0	8000.0		
2511	1	1	8.0	12.0	0.0	8000.0	cluster_2	BO-82Tapyta/BO-82TAPYTA_20250416_033602.wav
2512	1	1			0.0	8000.0		
2513	1	1			0.0	8000.0		
2514	1	1			0.0	8000.0		
2515	1	1			0.0	8000.0		
2516	1	1			0.0	8000.0		
2517	1	1			0.0	8000.0		
2518	1	1			0.0	8000.0		
2519	1	1			0.0	8000.0		
2520	1	1			0.0	8000.0		
2521	1	1			0.0	8000.0		
2522	1	1			0.0	8000.0		
2523	1	1			0.0	8000.0		
2524	1	1			0.0	8000.0		
2525	1	1			0.0	8000.0		
2526	1	1			0.0	8000.0		
2527	1	1			0.0	8000.0		
2528	1	1			0.0	8000.0		
2529	1	1			0.0	8000.0		
2530	1	1			0.0	8000.0		
2531	1	1	2.0	6.0	0.0	8000.0	cluster_2	BO-82Tapyta/BO-82TAPYTA_20250418_010402.wav
2532	1	1			0.0	8000.0		
2533	1	1	36.0	40.0	0.0	8000.0	cluster_2	BO-81Tapyta/BO-81TAPYTA_20250416_053502.wav
2534	1	1			0.0	8000.0		
2535	1	1			0.0	8000.0		
2536	1	1			0.0	8000.0		
2537	1	1	48.0	52.0	0.0	8000.0	cluster_2	BO-82Tapyta/BO-82TAPYTA_20250411_214802.wav
2538	1	1	8.0	12.0	0.0	8000.0	cluster_2	BO-82Tapyta/BO-82TAPYTA_20250418_011202.wav
2539	1	1	38.0	42.0	0.0	8000.0	cluster_2	BO-82Tapyta/BO-82TAPYTA_20250427_211002.wav
2540	1	1			0.0	8000.0		
2541	1	1	24.0	28.0	0.0	8000.0	cluster_2	BO-82Tapyta/BO-82TAPYTA_20250417_022902.wav
2542	1	1			0.0	8000.0		
2543	1	1			0.0	8000.0		
2544	1	1			0.0	8000.0		
2545	1	1			0.0	8000.0		
2546	1	1	16.0	20.0	0.0	8000.0	cluster_2	BO-82Tapyta/BO-82TAPYTA_20250413_010602.wav
2547	1	1			0.0	8000.0		
2548	1	1			0.0	8000.0		
2549	1	1	36.0	40.0	0.0	8000.0	cluster_2	BO-82Tapyta/BO-82TAPYTA_20250413_211102.wav
2550	1	1	30.0	34.0	0.0	8000.0	cluster_2	BO-82Tapyta/BO-82TAPYTA_20250415_202402.wav
2551	1	1			0.0	8000.0		
2552	1	1			0.0	8000.0		
2553	1	1			0.0	8000.0		
2554	1	1			0.0	8000.0		
2555	1	1	12.0	16.0	0.0	8000.0	cluster_2	BO-82Tapyta/BO-82TAPYTA_20250415_194102.wav
2556	1	1			0.0	8000.0		
2557	1	1			0.0	8000.0		
2558	1	1			0.0	8000.0		
2559	1	1			0.0	8000.0		
2560	1	1			0.0	8000.0		
2561	1	1			0.0	8000.0		
2562	1	1			0.0	8000.0		
2563	1	1	0.0	4.0	0.0	8000.0	cluster_2	BO-82Tapyta/BO-82TAPYTA_20250417_024802.wav
2564	1	1	12.0	16.0	0.0	8000.0	cluster_2	BO-82Tapyta/BO-82TAPYTA_20250417_201402.wav
2565	1	1			0.0	8000.0		
2566	1	1			0.0	8000.0		
2567	1	1			0.0	8000.0		
2568	1	1			0.0	8000.0		
2569	1	1			0.0	8000.0		
2570	1	1			0.0	8000.0		
2571	1	1			0.0	8000.0		
2572	1	1			0.0	8000.0		
2573	1	1	46.0	50.0	0.0	8000.0	cluster_2	BO-82Tapyta/BO-82TAPYTA_20250415_233402.wav
2574	1	1			0.0	8000.0		
2575	1	1			0.0	8000.0		
2576	1	1			0.0	8000.0		
2577	1	1			0.0	8000.0		
2578	1	1	4.0	8.0	0.0	8000.0	cluster_2	BO-82Tapyta/BO-82TAPYTA_20250416_021302.wav
2579	1	1			0.0	8000.0		
2580	1	1	38.0	42.0	0.0	8000.0	cluster_2	BO-82Tapyta/BO-82TAPYTA_20250426_234502.wav
2581	1	1			0.0	8000.0		
2582	1	1			0.0	8000.0		
2583	1	1			0.0	8000.0		
2584	1	1	48.0	52.0	0.0	8000.0	cluster_2	BO-81Tapyta/BO-81TAPYTA_20250415_221202.wav
2585	1	1	44.0	48.0	0.0	8000.0	cluster_2	BO-81Tapyta/BO-81TAPYTA_20250412_002602.wav
2586	1	1	24.0	28.0	0.0	8000.0	cluster_2	BO-81Tapyta/BO-81TAPYTA_20250416_034202.wav
2587	1	1	40.0	44.0	0.0	8000.0	cluster_2	BO-82Tapyta/BO-82TAPYTA_20250418_034202.wav
2588	1	1			0.0	8000.0		
2589	1	1			0.0	8000.0		
2590	1	1			0.0	8000.0		
2591	1	1			0.0	8000.0		
2592	1	1			0.0	8000.0		
2593	1	1			0.0	8000.0		
2594	1	1			0.0	8000.0		
2595	1	1	38.0	42.0	0.0	8000.0	cluster_2	BO-82Tapyta/BO-82TAPYTA_20250426_050502.wav
2596	1	1	40.0	44.0	0.0	8000.0	cluster_2	BO-82Tapyta/BO-82TAPYTA_20250417_222702.wav
2597	1	1			0.0	8000.0		
2598	1	1	18.0	22.0	0.0	8000.0	cluster_2	BO-82Tapyta/BO-82TAPYTA_20250426_010302.wav
2599	1	1			0.0	8000.0		
2600	1	1	6.0	10.0	0.0	8000.0	cluster_2	BO-82Tapyta/BO-82TAPYTA_20250417_223702.wav
2601	1	1			0.0	8000.0		
2602	1	1	50.0	54.0	0.0	8000.0	cluster_2	BO-81Tapyta/BO-81TAPYTA_20250411_213902.wav
2603	1	1			0.0	8000.0		
2604	1	1	42.0	46.0	0.0	8000.0	cluster_2	BO-82Tapyta/BO-82TAPYTA_20250425_215102.wav
2605	1	1			0.0	8000.0		
2606	1	1			0.0	8000.0		
2607	1	1	2.0	6.0	0.0	8000.0	cluster_2	BO-82Tapyta/BO-82TAPYTA_20250413_011402.wav
2608	1	1			0.0	8000.0		
2609	1	1			0.0	8000.0		
2610	1	1	48.0	52.0	0.0	8000.0	cluster_2	BO-82Tapyta/BO-82TAPYTA_20250425_195202.wav
2611	1	1	2.0	6.0	0.0	8000.0	cluster_2	BO-82Tapyta/BO-82TAPYTA_20250414_202902.wav
2612	1	1			0.0	8000.0		
2613	1	1			0.0	8000.0		
2614	1	1			0.0	8000.0		
2615	1	1			0.0	8000.0		
2616	1	1			0.0	8000.0		
2617	1	1			0.0	8000.0		
2618	1	1			0.0	8000.0		
2619	1	1	14.0	18.0	0.0	8000.0	cluster_2	BO-82Tapyta/BO-82TAPYTA_20250425_212902.wav
2620	1	1	20.0	24.0	0.0	8000.0	cluster_2	BO-82Tapyta/BO-82TAPYTA_20250418_050802.wav
2621	1	1			0.0	8000.0		
2622	1	1			0.0	8000.0		
2623	1	1			0.0	8000.0		
2624	1	1	34.0	38.0	0.0	8000.0	cluster_2	BO-81Tapyta/BO-81TAPYTA_20250412_024802.wav
2625	1	1			0.0	8000.0		
2626	1	1	20.0	24.0	0.0	8000.0	cluster_2	BO-82Tapyta/BO-82TAPYTA_20250426_020602.wav
2627	1	1			0.0	8000.0		
2628	1	1			0.0	8000.0		
2629	1	1	10.0	14.0	0.0	8000.0	cluster_2	BO-81Tapyta/BO-81TAPYTA_20250416_034302.wav
2630	1	1			0.0	8000.0		
2631	1	1			0.0	8000.0		
2632	1	1			0.0	8000.0		
2633	1	1			0.0	8000.0		
2634	1	1			0.0	8000.0		
2635	1	1	16.0	20.0	0.0	8000.0	cluster_2	BO-82Tapyta/BO-82TAPYTA_20250415_212202.wav
2636	1	1			0.0	8000.0		
2637	1	1			0.0	8000.0		
2638	1	1			0.0	8000.0		
2639	1	1	12.0	16.0	0.0	8000.0	cluster_2	BO-82Tapyta/BO-82TAPYTA_20250426_040902.wav
2640	1	1			0.0	8000.0		
2641	1	1	24.0	28.0	0.0	8000.0	cluster_2	BO-82Tapyta/BO-82TAPYTA_20250417_200002.wav
2642	1	1	38.0	42.0	0.0	8000.0	cluster_2	BO-82Tapyta/BO-82TAPYTA_20250427_231302.wav
2643	1	1			0.0	8000.0		
2644	1	1	42.0	46.0	0.0	8000.0	cluster_2	BO-82Tapyta/BO-82TAPYTA_20250414_212002.wav
2645	1	1			0.0	8000.0		
2646	1	1			0.0	8000.0		
2647	1	1			0.0	8000.0		
2648	1	1	18.0	22.0	0.0	8000.0	cluster_2	BO-82Tapyta/BO-82TAPYTA_20250418_032102.wav
2649	1	1			0.0	8000.0		
2650	1	1			0.0	8000.0		
2651	1	1			0.0	8000.0		
2652	1	1			0.0	8000.0		
2653	1	1			0.0	8000.0		
2654	1	1	8.0	12.0	0.0	8000.0	cluster_2	BO-82Tapyta/BO-82TAPYTA_20250427_021802.wav
2655	1	1	4.0	8.0	0.0	8000.0	cluster_2	BO-82Tapyta/BO-82TAPYTA_20250415_233002.wav
2656	1	1			0.0	8000.0		
2657	1	1			0.0	8000.0		
2658	1	1			0.0	8000.0		
2659	1	1			0.0	8000.0		
2660	1	1			0.0	8000.0		
2661	1	1			0.0	8000.0		
2662	1	1			0.0	8000.0		
2663	1	1			0.0	8000.0		
2664	1	1			0.0	8000.0		
2665	1	1	6.0	10.0	0.0	8000.0	cluster_2	BO-81Tapyta/BO-81TAPYTA_20250412_015202.wav
2666	1	1			0.0	8000.0		
2667	1	1			0.0	8000.0		
2668	1	1	48.0	52.0	0.0	8000.0	cluster_2	BO-82Tapyta/BO-82TAPYTA_20250417_034702.wav
2669	1	1			0.0	8000.0		
2670	1	1			0.0	8000.0		
2671	1	1			0.0	8000.0		
2672	1	1			0.0	8000.0		
2673	1	1			0.0	8000.0		
2674	1	1			0.0	8000.0		
2675	1	1	44.0	48.0	0.0	8000.0	cluster_2	BO-82Tapyta/BO-82TAPYTA_20250427_022202.wav
2676	1	1	30.0	34.0	0.0	8000.0	cluster_2	BO-82Tapyta/BO-82TAPYTA_20250418_043502.wav
2677	1	1			0.0	8000.0		
2678	1	1			0.0	8000.0		
2679	1	1	46.0	50.0	0.0	8000.0	cluster_2	BO-82Tapyta/BO-82TAPYTA_20250415_194602.wav
2680	1	1			0.0	8000.0		
2681	1	1			0.0	8000.0		
2682	1	1			0.0	8000.0		
2683	1	1			0.0	8000.0		
2684	1	1			0.0	8000.0		
2685	1	1			0.0	8000.0		
2686	1	1			0.0	8000.0		
2687	1	1			0.0	8000.0		
2688	1	1			0.0	8000.0		
2689	1	1			0.0	8000.0		
2690	1	1			0.0	8000.0		
2691	1	1			0.0	8000.0		
2692	1	1	6.0	10.0	0.0	8000.0	cluster_2	BO-82Tapyta/BO-82TAPYTA_20250418_031802.wav
2693	1	1			0.0	8000.0		
2694	1	1			0.0	8000.0		
2695	1	1			0.0	8000.0		
2696	1	1	36.0	40.0	0.0	8000.0	cluster_2	BO-81Tapyta/BO-81TAPYTA_20250415_195602.wav
2697	1	1			0.0	8000.0		
2698	1	1			0.0	8000.0		
2699	1	1			0.0	8000.0		
2700	1	1			0.0	8000.0		
2701	1	1			0.0	8000.0		
2702	1	1			0.0	8000.0		
2703	1	1	40.0	44.0	0.0	8000.0	cluster_2	BO-82Tapyta/BO-82TAPYTA_20250417_011002.wav
2704	1	1			0.0	8000.0		
2705	1	1	12.0	16.0	0.0	8000.0	cluster_2	BO-82Tapyta/BO-82TAPYTA_20250427_011402.wav
2706	1	1			0.0	8000.0		
2707	1	1			0.0	8000.0		
2708	1	1			0.0	8000.0		
2709	1	1			0.0	8000.0		
2710	1	1			0.0	8000.0		
2711	1	1			0.0	8000.0		
2712	1	1	50.0	54.0	0.0	8000.0	cluster_2	BO-82Tapyta/BO-82TAPYTA_20250416_005802.wav
2713	1	1	26.0	30.0	0.0	8000.0	cluster_2	BO-82Tapyta/BO-82TAPYTA_20250412_005202.wav
2714	1	1			0.0	8000.0		
2715	1	1	6.0	10.0	0.0	8000.0	cluster_2	BO-82Tapyta/BO-82TAPYTA_20250415_231102.wav
2716	1	1			0.0	8000.0		
2717	1	1			0.0	8000.0		
2718	1	1	10.0	14.0	0.0	8000.0	cluster_2	BO-82Tapyta/BO-82TAPYTA_20250424_200102.wav
2719	1	1			0.0	8000.0		
2720	1	1	32.0	36.0	0.0	8000.0	cluster_2	BO-82Tapyta/BO-82TAPYTA_20250417_204102.wav
2721	1	1	0.0	4.0	0.0	8000.0	cluster_2	BO-82Tapyta/BO-82TAPYTA_20250417_032702.wav
2722	1	1	36.0	40.0	0.0	8000.0	cluster_2	BO-82Tapyta/BO-82TAPYTA_20250416_025502.wav
2723	1	1	30.0	34.0	0.0	8000.0	cluster_2	BO-82Tapyta/BO-82TAPYTA_20250417_222902.wav
2724	1	1			0.0	8000.0		
2725	1	1			0.0	8000.0		
2726	1	1			0.0	8000.0		
2727	1	1	0.0	4.0	0.0	8000.0	cluster_2	BO-82Tapyta/BO-82TAPYTA_20250425_001602.wav
2728	1	1			0.0	8000.0		
2729	1	1			0.0	8000.0		
2730	1	1			0.0	8000.0		
2731	1	1			0.0	8000.0		
2732	1	1			0.0	8000.0		
2733	1	1			0.0	8000.0		
2734	1	1			0.0	8000.0		
2735	1	1			0.0	8000.0		
2736	1	1			0.0	8000.0		
2737	1	1			0.0	8000.0		
2738	1	1			0.0	8000.0		
2739	1	1	4.0	8.0	0.0	8000.0	cluster_2	BO-82Tapyta/BO-82TAPYTA_20250417_055002.wav
2740	1	1			0.0	8000.0		
2741	1	1			0.0	8000.0		
2742	1	1			0.0	8000.0		
2743	1	1			0.0	8000.0		
2744	1	1			0.0	8000.0		
2745	1	1			0.0	8000.0		
2746	1	1			0.0	8000.0		
2747	1	1			0.0	8000.0		
2748	1	1	38.0	42.0	0.0	8000.0	cluster_2	BO-82Tapyta/BO-82TAPYTA_20250425_212002.wav
2749	1	1	36.0	40.0	0.0	8000.0	cluster_2	BO-81Tapyta/BO-81TAPYTA_20250414_215602.wav
2750	1	1	46.0	50.0	0.0	8000.0	cluster_2	BO-82Tapyta/BO-82TAPYTA_20250425_003402.wav
2751	1	1			0.0	8000.0		
2752	1	1			0.0	8000.0		
2753	1	1	4.0	8.0	0.0	8000.0	cluster_2	BO-82Tapyta/BO-82TAPYTA_20250426_222102.wav
2754	1	1			0.0	8000.0		
2755	1	1			0.0	8000.0		
2756	1	1	26.0	30.0	0.0	8000.0	cluster_2	BO-81Tapyta/BO-81TAPYTA_20250415_195202.wav
2757	1	1			0.0	8000.0		
2758	1	1			0.0	8000.0		
2759	1	1			0.0	8000.0		
2760	1	1			0.0	8000.0		
2761	1	1			0.0	8000.0		
2762	1	1	16.0	20.0	0.0	8000.0	cluster_2	BO-81Tapyta/BO-81TAPYTA_20250413_211102.wav
2763	1	1			0.0	8000.0		
2764	1	1	52.0	56.0	0.0	8000.0	cluster_2	BO-82Tapyta/BO-82TAPYTA_20250417_011002.wav
2765	1	1			0.0	8000.0		
2766	1	1			0.0	8000.0		
2767	1	1			0.0	8000.0		
2768	1	1			0.0	8000.0		
2769	1	1			0.0	8000.0		
2770	1	1	12.0	16.0	0.0	8000.0	cluster_2	BO-82Tapyta/BO-82TAPYTA_20250411_230302.wav
2771	1	1	20.0	24.0	0.0	8000.0	cluster_2	BO-82Tapyta/BO-82TAPYTA_20250427_022202.wav
2772	1	1	52.0	56.0	0.0	8000.0	cluster_2	BO-82Tapyta/BO-82TAPYTA_20250427_225202.wav
2773	1	1			0.0	8000.0		
2774	1	1			0.0	8000.0		
2775	1	1			0.0	8000.0		
2776	1	1			0.0	8000.0		
2777	1	1			0.0	8000.0		
2778	1	1			0.0	8000.0		
2779	1	1			0.0	8000.0		
2780	1	1	26.0	30.0	0.0	8000.0	cluster_2	BO-82Tapyta/BO-82TAPYTA_20250427_050402.wav
2781	1	1			0.0	8000.0		
2782	1	1			0.0	8000.0		
2783	1	1			0.0	8000.0		
2784	1	1	8.0	12.0	0.0	8000.0	cluster_2	BO-82Tapyta/BO-82TAPYTA_20250418_051302.wav
2785	1	1	28.0	32.0	0.0	8000.0	cluster_2	BO-82Tapyta/BO-82TAPYTA_20250425_193302.wav
2786	1	1	18.0	22.0	0.0	8000.0	cluster_2	BO-82Tapyta/BO-82TAPYTA_20250425_004202.wav
2787	1	1	28.0	32.0	0.0	8000.0	cluster_2	BO-82Tapyta/BO-82TAPYTA_20250426_001502.wav
2788	1	1			0.0	8000.0		
2789	1	1			0.0	8000.0		
2790	1	1			0.0	8000.0		
2791	1	1			0.0	8000.0		
2792	1	1			0.0	8000.0		
2793	1	1			0.0	8000.0		
2794	1	1			0.0	8000.0		
2795	1	1			0.0	8000.0		
2796	1	1	12.0	16.0	0.0	8000.0	cluster_2	BO-81Tapyta/BO-81TAPYTA_20250415_203102.wav
2797	1	1			0.0	8000.0		
2798	1	1			0.0	8000.0		
2799	1	1			0.0	8000.0		
2800	1	1	22.0	26.0	0.0	8000.0	cluster_2	BO-81Tapyta/BO-81TAPYTA_20250412_023402.wav
2801	1	1			0.0	8000.0		
2802	1	1			0.0	8000.0		
2803	1	1			0.0	8000.0		
2804	1	1	18.0	22.0	0.0	8000.0	cluster_2	BO-82Tapyta/BO-82TAPYTA_20250427_194502.wav
2805	1	1	42.0	46.0	0.0	8000.0	cluster_2	BO-82Tapyta/BO-82TAPYTA_20250427_223202.wav
2806	1	1	30.0	34.0	0.0	8000.0	cluster_2	BO-82Tapyta/BO-82TAPYTA_20250427_054702.wav
2807	1	1			0.0	8000.0		
2808	1	1			0.0	8000.0		
2809	1	1			0.0	8000.0		
2810	1	1			0.0	8000.0		
2811	1	1	20.0	24.0	0.0	8000.0	cluster_2	BO-82Tapyta/BO-82TAPYTA_20250413_193302.wav
2812	1	1			0.0	8000.0		
2813	1	1	48.0	52.0	0.0	8000.0	cluster_2	BO-82Tapyta/BO-82TAPYTA_20250412_023102.wav
2814	1	1			0.0	8000.0		
2815	1	1			0.0	8000.0		
2816	1	1	32.0	36.0	0.0	8000.0	cluster_2	BO-82Tapyta/BO-82TAPYTA_20250417_053802.wav
2817	1	1			0.0	8000.0		
2818	1	1	28.0	32.0	0.0	8000.0	cluster_2	BO-82Tapyta/BO-82TAPYTA_20250417_225802.wav
2819	1	1	50.0	54.0	0.0	8000.0	cluster_2	BO-82Tapyta/BO-82TAPYTA_20250415_214002.wav
2820	1	1			0.0	8000.0		
2821	1	1			0.0	8000.0		
2822	1	1			0.0	8000.0		
2823	1	1			0.0	8000.0		
2824	1	1			0.0	8000.0		
2825	1	1	24.0	28.0	0.0	8000.0	cluster_2	BO-82Tapyta/BO-82TAPYTA_20250426_024802.wav
2826	1	1	30.0	34.0	0.0	8000.0	cluster_2	BO-82Tapyta/BO-82TAPYTA_20250416_205002.wav
2827	1	1			0.0	8000.0		
2828	1	1			0.0	8000.0		
2829	1	1	52.0	56.0	0.0	8000.0	cluster_2	BO-82Tapyta/BO-82TAPYTA_20250427_215402.wav
2830	1	1			0.0	8000.0		
2831	1	1	14.0	18.0	0.0	8000.0	cluster_2	BO-82Tapyta/BO-82TAPYTA_20250416_032902.wav
2832	1	1			0.0	8000.0		
2833	1	1			0.0	8000.0		
2834	1	1			0.0	8000.0		
2835	1	1			0.0	8000.0		
2836	1	1			0.0	8000.0		
2837	1	1			0.0	8000.0		
2838	1	1	8.0	12.0	0.0	8000.0	cluster_2	BO-82Tapyta/BO-82TAPYTA_20250419_223002.wav
2839	1	1			0.0	8000.0		
2840	1	1			0.0	8000.0		
2841	1	1	46.0	50.0	0.0	8000.0	cluster_2	BO-82Tapyta/BO-82TAPYTA_20250416_054202.wav
2842	1	1			0.0	8000.0		
2843	1	1			0.0	8000.0		
2844	1	1			0.0	8000.0		
2845	1	1	38.0	42.0	0.0	8000.0	cluster_2	BO-82Tapyta/BO-82TAPYTA_20250416_211102.wav
2846	1	1			0.0	8000.0		
2847	1	1			0.0	8000.0		
2848	1	1	30.0	34.0	0.0	8000.0	cluster_2	BO-82Tapyta/BO-82TAPYTA_20250416_052302.wav
2849	1	1			0.0	8000.0		
2850	1	1			0.0	8000.0		
2851	1	1			0.0	8000.0		
2852	1	1			0.0	8000.0		
2853	1	1	38.0	42.0	0.0	8000.0	cluster_2	BO-82Tapyta/BO-82TAPYTA_20250411_202302.wav
2854	1	1	38.0	42.0	0.0	8000.0	cluster_2	BO-82Tapyta/BO-82TAPYTA_20250424_211002.wav
2855	1	1			0.0	8000.0		
2856	1	1			0.0	8000.0		
2857	1	1	6.0	10.0	0.0	8000.0	cluster_2	BO-82Tapyta/BO-82TAPYTA_20250415_195002.wav
2858	1	1			0.0	8000.0		
2859	1	1			0.0	8000.0		
2860	1	1			0.0	8000.0		
2861	1	1			0.0	8000.0		
2862	1	1	38.0	42.0	0.0	8000.0	cluster_2	BO-82Tapyta/BO-82TAPYTA_20250416_193102.wav
2863	1	1			0.0	8000.0		
2864	1	1	4.0	8.0	0.0	8000.0	cluster_2	BO-81Tapyta/BO-81TAPYTA_20250416_022602.wav
2865	1	1			0.0	8000.0		
2866	1	1			0.0	8000.0		
2867	1	1			0.0	8000.0		
2868	1	1			0.0	8000.0		
2869	1	1			0.0	8000.0		
2870	1	1	28.0	32.0	0.0	8000.0	cluster_2	BO-82Tapyta/BO-82TAPYTA_20250417_213902.wav
2871	1	1			0.0	8000.0		
2872	1	1			0.0	8000.0		
2873	1	1			0.0	8000.0		
2874	1	1	46.0	50.0	0.0	8000.0	cluster_2	BO-82Tapyta/BO-82TAPYTA_20250411_211002.wav
2875	1	1			0.0	8000.0		
2876	1	1	26.0	30.0	0.0	8000.0	cluster_2	BO-82Tapyta/BO-82TAPYTA_20250411_224302.wav
2877	1	1			0.0	8000.0		
2878	1	1	22.0	26.0	0.0	8000.0	cluster_2	BO-82Tapyta/BO-82TAPYTA_20250415_235502.wav
2879	1	1			0.0	8000.0		
2880	1	1			0.0	8000.0		
2881	1	1			0.0	8000.0		
2882	1	1			0.0	8000.0		
2883	1	1			0.0	8000.0		
2884	1	1			0.0	8000.0		
2885	1	1			0.0	8000.0		
2886	1	1			0.0	8000.0		
2887	1	1	16.0	20.0	0.0	8000.0	cluster_2	BO-82Tapyta/BO-82TAPYTA_20250426_054702.wav
2888	1	1	36.0	40.0	0.0	8000.0	cluster_2	BO-82Tapyta/BO-82TAPYTA_20250427_013002.wav
2889	1	1			0.0	8000.0		
2890	1	1	40.0	44.0	0.0	8000.0	cluster_2	BO-82Tapyta/BO-82TAPYTA_20250412_000202.wav
2891	1	1			0.0	8000.0		
2892	1	1			0.0	8000.0		
2893	1	1			0.0	8000.0		
2894	1	1			0.0	8000.0		
2895	1	1			0.0	8000.0		
2896	1	1	12.0	16.0	0.0	8000.0	cluster_2	BO-82Tapyta/BO-82TAPYTA_20250426_210802.wav
2897	1	1	18.0	22.0	0.0	8000.0	cluster_2	BO-82Tapyta/BO-82TAPYTA_20250415_233402.wav
2898	1	1			0.0	8000.0		
2899	1	1			0.0	8000.0		
2900	1	1			0.0	8000.0		
2901	1	1			0.0	8000.0		
2902	1	1			0.0	8000.0		
2903	1	1			0.0	8000.0		
2904	1	1			0.0	8000.0		
2905	1	1			0.0	8000.0		
2906	1	1			0.0	8000.0		
2907	1	1			0.0	8000.0		
2908	1	1	38.0	42.0	0.0	8000.0	cluster_2	BO-82Tapyta/BO-82TAPYTA_20250426_032502.wav
2909	1	1			0.0	8000.0		
2910	1	1			0.0	8000.0		
2911	1	1			0.0	8000.0		
2912	1	1	48.0	52.0	0.0	8000.0	cluster_2	BO-82Tapyta/BO-82TAPYTA_20250427_010202.wav
2913	1	1			0.0	8000.0		
2914	1	1			0.0	8000.0		
2915	1	1			0.0	8000.0		
2916	1	1			0.0	8000.0		
2917	1	1	16.0	20.0	0.0	8000.0	cluster_2	BO-82Tapyta/BO-82TAPYTA_20250417_210302.wav
2918	1	1	50.0	54.0	0.0	8000.0	cluster_2	BO-82Tapyta/BO-82TAPYTA_20250426_200202.wav
2919	1	1			0.0	8000.0		
2920	1	1			0.0	8000.0		
2921	1	1			0.0	8000.0		
2922	1	1			0.0	8000.0		
2923	1	1			0.0	8000.0		
2924	1	1			0.0	8000.0		
2925	1	1			0.0	8000.0		
2926	1	1			0.0	8000.0		
2927	1	1			0.0	8000.0		
2928	1	1			0.0	8000.0		
2929	1	1			0.0	8000.0		
2930	1	1	44.0	48.0	0.0	8000.0	cluster_2	BO-82Tapyta/BO-82TAPYTA_20250502_211702.wav
2931	1	1			0.0	8000.0		
2932	1	1			0.0	8000.0		
2933	1	1			0.0	8000.0		
2934	1	1			0.0	8000.0		
2935	1	1	28.0	32.0	0.0	8000.0	cluster_2	BO-81Tapyta/BO-81TAPYTA_20250412_040302.wav
2936	1	1			0.0	8000.0		
2937	1	1			0.0	8000.0		
2938	1	1	0.0	4.0	0.0	8000.0	cluster_2	BO-82Tapyta/BO-82TAPYTA_20250418_001802.wav
2939	1	1			0.0	8000.0		
2940	1	1			0.0	8000.0		
2941	1	1	22.0	26.0	0.0	8000.0	cluster_2	BO-82Tapyta/BO-82TAPYTA_20250418_000502.wav
2942	1	1			0.0	8000.0		
2943	1	1			0.0	8000.0		
2944	1	1			0.0	8000.0		
2945	1	1			0.0	8000.0		
2946	1	1			0.0	8000.0		
2947	1	1	30.0	34.0	0.0	8000.0	cluster_2	BO-82Tapyta/BO-82TAPYTA_20250416_233202.wav
2948	1	1			0.0	8000.0		
2949	1	1			0.0	8000.0		
2950	1	1			0.0	8000.0		
2951	1	1			0.0	8000.0		
2952	1	1	0.0	4.0	0.0	8000.0	cluster_2	BO-82Tapyta/BO-82TAPYTA_20250413_204402.wav
2953	1	1	32.0	36.0	0.0	8000.0	cluster_2	BO-82Tapyta/BO-82TAPYTA_20250417_025102.wav
2954	1	1	16.0	20.0	0.0	8000.0	cluster_2	BO-81Tapyta/BO-81TAPYTA_20250412_021302.wav
2955	1	1	44.0	48.0	0.0	8000.0	cluster_2	BO-82Tapyta/BO-82TAPYTA_20250414_203502.wav
2956	1	1			0.0	8000.0		
2957	1	1	14.0	18.0	0.0	8000.0	cluster_2	BO-82Tapyta/BO-82TAPYTA_20250414_214602.wav
2958	1	1			0.0	8000.0		
2959	1	1			0.0	8000.0		
2960	1	1			0.0	8000.0		
2961	1	1			0.0	8000.0		
2962	1	1			0.0	8000.0		
2963	1	1	4.0	8.0	0.0	8000.0	cluster_2	BO-82Tapyta/BO-82TAPYTA_20250418_013102.wav
2964	1	1			0.0	8000.0		
2965	1	1			0.0	8000.0		
2966	1	1	8.0	12.0	0.0	8000.0	cluster_2	BO-82Tapyta/BO-82TAPYTA_20250418_030402.wav
2967	1	1	24.0	28.0	0.0	8000.0	cluster_2	BO-82Tapyta/BO-82TAPYTA_20250427_002902.wav
2968	1	1	30.0	34.0	0.0	8000.0	cluster_2	BO-81Tapyta/BO-81TAPYTA_20250416_030402.wav
2969	1	1			0.0	8000.0		
2970	1	1	16.0	20.0	0.0	8000.0	cluster_2	BO-81Tapyta/BO-81TAPYTA_20250415_235202.wav
2971	1	1			0.0	8000.0		
2972	1	1	18.0	22.0	0.0	8000.0	cluster_2	BO-82Tapyta/BO-82TAPYTA_20250416_200502.wav
2973	1	1			0.0	8000.0		
2974	1	1	12.0	16.0	0.0	8000.0	cluster_2	BO-82Tapyta/BO-82TAPYTA_20250411_221902.wav
2975	1	1			0.0	8000.0		
2976	1	1			0.0	8000.0		
2977	1	1			0.0	8000.0		
2978	1	1			0.0	8000.0		
2979	1	1			0.0	8000.0		
2980	1	1			0.0	8000.0		
2981	1	1			0.0	8000.0		
2982	1	1			0.0	8000.0		
2983	1	1			0.0	8000.0		
2984	1	1			0.0	8000.0		
2985	1	1	22.0	26.0	0.0	8000.0	cluster_2	BO-82Tapyta/BO-82TAPYTA_20250411_225402.wav
2986	1	1			0.0	8000.0		
2987	1	1			0.0	8000.0		
2988	1	1			0.0	8000.0		
2989	1	1	52.0	56.0	0.0	8000.0	cluster_2	BO-82Tapyta/BO-82TAPYTA_20250418_013802.wav
2990	1	1	52.0	56.0	0.0	8000.0	cluster_2	BO-81Tapyta/BO-81TAPYTA_20250412_031502.wav
2991	1	1			0.0	8000.0		
2992	1	1			0.0	8000.0		
2993	1	1			0.0	8000.0		
2994	1	1			0.0	8000.0		
2995	1	1			0.0	8000.0		
2996	1	1	50.0	54.0	0.0	8000.0	cluster_2	BO-82Tapyta/BO-82TAPYTA_20250416_192502.wav
2997	1	1	30.0	34.0	0.0	8000.0	cluster_2	BO-81Tapyta/BO-81TAPYTA_20250416_024902.wav
2998	1	1			0.0	8000.0		
2999	1	1			0.0	8000.0		
3000	1	1			0.0	8000.0		
3001	1	1			0.0	8000.0		
3002	1	1			0.0	8000.0		
3003	1	1			0.0	8000.0		
3004	1	1			0.0	8000.0		
3005	1	1			0.0	8000.0		
3006	1	1			0.0	8000.0		
3007	1	1			0.0	8000.0		
3008	1	1	52.0	56.0	0.0	8000.0	cluster_2	BO-82Tapyta/BO-82TAPYTA_20250418_013502.wav
3009	1	1			0.0	8000.0		
3010	1	1			0.0	8000.0		
3011	1	1			0.0	8000.0		
3012	1	1			0.0	8000.0		
3013	1	1			0.0	8000.0		
3014	1	1	32.0	36.0	0.0	8000.0	cluster_2	BO-82Tapyta/BO-82TAPYTA_20250413_212002.wav
3015	1	1			0.0	8000.0		
3016	1	1			0.0	8000.0		
3017	1	1	32.0	36.0	0.0	8000.0	cluster_2	BO-82Tapyta/BO-82TAPYTA_20250427_195902.wav
3018	1	1			0.0	8000.0		
3019	1	1			0.0	8000.0		
3020	1	1			0.0	8000.0		
3021	1	1			0.0	8000.0		
3022	1	1			0.0	8000.0		
3023	1	1			0.0	8000.0		
3024	1	1			0.0	8000.0		
3025	1	1			0.0	8000.0		
3026	1	1			0.0	8000.0		
3027	1	1			0.0	8000.0		
3028	1	1			0.0	8000.0		
3029	1	1	38.0	42.0	0.0	8000.0	cluster_2	BO-81Tapyta/BO-81TAPYTA_20250415_225902.wav
3030	1	1	36.0	40.0	0.0	8000.0	cluster_2	BO-81Tapyta/BO-81TAPYTA_20250412_010702.wav
3031	1	1			0.0	8000.0		
3032	1	1			0.0	8000.0		
3033	1	1			0.0	8000.0		
3034	1	1			0.0	8000.0		
3035	1	1	24.0	28.0	0.0	8000.0	cluster_2	BO-82Tapyta/BO-82TAPYTA_20250427_030202.wav
3036	1	1	26.0	30.0	0.0	8000.0	cluster_2	BO-82Tapyta/BO-82TAPYTA_20250412_001602.wav
3037	1	1	48.0	52.0	0.0	8000.0	cluster_2	BO-81Tapyta/BO-81TAPYTA_20250415_224002.wav
3038	1	1			0.0	8000.0		
3039	1	1			0.0	8000.0		
3040	1	1			0.0	8000.0		
3041	1	1			0.0	8000.0		
3042	1	1			0.0	8000.0		
3043	1	1			0.0	8000.0		
3044	1	1			0.0	8000.0		
3045	1	1			0.0	8000.0		
3046	1	1			0.0	8000.0		
3047	1	1			0.0	8000.0		
3048	1	1			0.0	8000.0		
3049	1	1			0.0	8000.0		
3050	1	1	50.0	54.0	0.0	8000.0	cluster_2	BO-81Tapyta/BO-81TAPYTA_20250415_232702.wav
3051	1	1			0.0	8000.0		
3052	1	1			0.0	8000.0		
3053	1	1			0.0	8000.0		
3054	1	1			0.0	8000.0		
3055	1	1			0.0	8000.0		
3056	1	1			0.0	8000.0		
3057	1	1	14.0	18.0	0.0	8000.0	cluster_2	BO-82Tapyta/BO-82TAPYTA_20250426_205602.wav
3058	1	1	46.0	50.0	0.0	8000.0	cluster_2	BO-82Tapyta/BO-82TAPYTA_20250426_053102.wav
3059	1	1	40.0	44.0	0.0	8000.0	cluster_2	BO-82Tapyta/BO-82TAPYTA_20250425_210502.wav
3060	1	1			0.0	8000.0		
3061	1	1			0.0	8000.0		
3062	1	1	2.0	6.0	0.0	8000.0	cluster_2	BO-82Tapyta/BO-82TAPYTA_20250413_202302.wav
3063	1	1	22.0	26.0	0.0	8000.0	cluster_2	BO-82Tapyta/BO-82TAPYTA_20250427_021002.wav
3064	1	1			0.0	8000.0		
3065	1	1			0.0	8000.0		
3066	1	1			0.0	8000.0		
3067	1	1			0.0	8000.0		
3068	1	1			0.0	8000.0		
3069	1	1			0.0	8000.0		
3070	1	1			0.0	8000.0		
3071	1	1			0.0	8000.0		
3072	1	1			0.0	8000.0		
3073	1	1	22.0	26.0	0.0	8000.0	cluster_2	BO-82Tapyta/BO-82TAPYTA_20250425_202102.wav
3074	1	1	12.0	16.0	0.0	8000.0	cluster_2	BO-82Tapyta/BO-82TAPYTA_20250416_195702.wav
3075	1	1			0.0	8000.0		
3076	1	1			0.0	8000.0		
3077	1	1	8.0	12.0	0.0	8000.0	cluster_2	BO-82Tapyta/BO-82TAPYTA_20250427_011802.wav
3078	1	1			0.0	8000.0		
3079	1	1	28.0	32.0	0.0	8000.0	cluster_2	BO-82Tapyta/BO-82TAPYTA_20250413_222202.wav
3080	1	1			0.0	8000.0		
3081	1	1			0.0	8000.0		
3082	1	1			0.0	8000.0		
3083	1	1			0.0	8000.0		
3084	1	1			0.0	8000.0		
3085	1	1			0.0	8000.0		
3086	1	1			0.0	8000.0		
3087	1	1	18.0	22.0	0.0	8000.0	cluster_2	BO-82Tapyta/BO-82TAPYTA_20250418_032402.wav
3088	1	1			0.0	8000.0		
3089	1	1			0.0	8000.0		
3090	1	1			0.0	8000.0		
3091	1	1	50.0	54.0	0.0	8000.0	cluster_2	BO-82Tapyta/BO-82TAPYTA_20250414_205902.wav
3092	1	1			0.0	8000.0		
3093	1	1			0.0	8000.0		
3094	1	1			0.0	8000.0		
3095	1	1			0.0	8000.0		
3096	1	1			0.0	8000.0		
3097	1	1			0.0	8000.0		
3098	1	1	30.0	34.0	0.0	8000.0	cluster_2	BO-81Tapyta/BO-81TAPYTA_20250414_215202.wav
3099	1	1			0.0	8000.0		
3100	1	1			0.0	8000.0		
3101	1	1			0.0	8000.0		
3102	1	1			0.0	8000.0		
3103	1	1	2.0	6.0	0.0	8000.0	cluster_2	BO-82Tapyta/BO-82TAPYTA_20250416_193002.wav
3104	1	1	10.0	14.0	0.0	8000.0	cluster_2	BO-82Tapyta/BO-82TAPYTA_20250417_222602.wav
3105	1	1			0.0	8000.0		
3106	1	1			0.0	8000.0		
3107	1	1			0.0	8000.0		
3108	1	1			0.0	8000.0		
3109	1	1			0.0	8000.0		
3110	1	1			0.0	8000.0		
3111	1	1	44.0	48.0	0.0	8000.0	cluster_2	BO-82Tapyta/BO-82TAPYTA_20250413_220402.wav
3112	1	1	46.0	50.0	0.0	8000.0	cluster_2	BO-82Tapyta/BO-82TAPYTA_20250416_024202.wav
3113	1	1	42.0	46.0	0.0	8000.0	cluster_2	BO-82Tapyta/BO-82TAPYTA_20250415_222202.wav
3114	1	1			0.0	8000.0		
3115	1	1			0.0	8000.0		
3116	1	1			0.0	8000.0		
3117	1	1			0.0	8000.0		
3118	1	1	48.0	52.0	0.0	8000.0	cluster_2	BO-82Tapyta/BO-82TAPYTA_20250413_192302.wav
3119	1	1			0.0	8000.0		
3120	1	1			0.0	8000.0		
3121	1	1			0.0	8000.0		
3122	1	1	6.0	10.0	0.0	8000.0	cluster_2	BO-82Tapyta/BO-82TAPYTA_20250413_220502.wav
3123	1	1			0.0	8000.0		
3124	1	1	42.0	46.0	0.0	8000.0	cluster_2	BO-82Tapyta/BO-82TAPYTA_20250417_220402.wav
3125	1	1	10.0	14.0	0.0	8000.0	cluster_2	BO-82Tapyta/BO-82TAPYTA_20250417_012602.wav
3126	1	1			0.0	8000.0		
3127	1	1			0.0	8000.0		
3128	1	1			0.0	8000.0		
3129	1	1			0.0	8000.0		
3130	1	1			0.0	8000.0		
3131	1	1	28.0	32.0	0.0	8000.0	cluster_2	BO-82Tapyta/BO-82TAPYTA_20250424_010302.wav
3132	1	1			0.0	8000.0		
3133	1	1			0.0	8000.0		
3134	1	1			0.0	8000.0		
3135	1	1			0.0	8000.0		
3136	1	1	36.0	40.0	0.0	8000.0	cluster_2	BO-82Tapyta/BO-82TAPYTA_20250417_012102.wav
3137	1	1			0.0	8000.0		
3138	1	1			0.0	8000.0		
3139	1	1	42.0	46.0	0.0	8000.0	cluster_2	BO-82Tapyta/BO-82TAPYTA_20250417_213502.wav
3140	1	1			0.0	8000.0		
3141	1	1	26.0	30.0	0.0	8000.0	cluster_2	BO-82Tapyta/BO-82TAPYTA_20250416_031702.wav
3142	1	1			0.0	8000.0		
3143	1	1			0.0	8000.0		
3144	1	1			0.0	8000.0		
3145	1	1	8.0	12.0	0.0	8000.0	cluster_2	BO-82Tapyta/BO-82TAPYTA_20250413_192302.wav
3146	1	1	22.0	26.0	0.0	8000.0	cluster_2	BO-82Tapyta/BO-82TAPYTA_20250416_002902.wav
3147	1	1	36.0	40.0	0.0	8000.0	cluster_2	BO-82Tapyta/BO-82TAPYTA_20250417_040502.wav
3148	1	1			0.0	8000.0		
3149	1	1			0.0	8000.0		
3150	1	1			0.0	8000.0		
3151	1	1	4.0	8.0	0.0	8000.0	cluster_2	BO-82Tapyta/BO-82TAPYTA_20250425_210302.wav
3152	1	1			0.0	8000.0		
3153	1	1			0.0	8000.0		
3154	1	1			0.0	8000.0		
3155	1	1	18.0	22.0	0.0	8000.0	cluster_2	BO-82Tapyta/BO-82TAPYTA_20250417_020702.wav
3156	1	1			0.0	8000.0		
3157	1	1	14.0	18.0	0.0	8000.0	cluster_2	BO-82Tapyta/BO-82TAPYTA_20250412_004702.wav
3158	1	1			0.0	8000.0		
3159	1	1			0.0	8000.0		
3160	1	1	26.0	30.0	0.0	8000.0	cluster_2	BO-82Tapyta/BO-82TAPYTA_20250426_020902.wav
3161	1	1	48.0	52.0	0.0	8000.0	cluster_2	BO-82Tapyta/BO-82TAPYTA_20250427_053702.wav
3162	1	1			0.0	8000.0		
3163	1	1			0.0	8000.0		
3164	1	1	20.0	24.0	0.0	8000.0	cluster_2	BO-82Tapyta/BO-82TAPYTA_20250418_032002.wav
3165	1	1	20.0	24.0	0.0	8000.0	cluster_2	BO-82Tapyta/BO-82TAPYTA_20250412_045302.wav
3166	1	1	20.0	24.0	0.0	8000.0	cluster_2	BO-82Tapyta/BO-82TAPYTA_20250426_002402.wav
3167	1	1			0.0	8000.0		
3168	1	1			0.0	8000.0		
3169	1	1			0.0	8000.0		
3170	1	1			0.0	8000.0		
3171	1	1			0.0	8000.0		
3172	1	1			0.0	8000.0		
3173	1	1			0.0	8000.0		
3174	1	1			0.0	8000.0		
3175	1	1			0.0	8000.0		
3176	1	1			0.0	8000.0		
3177	1	1			0.0	8000.0		
3178	1	1	24.0	28.0	0.0	8000.0	cluster_2	BO-82Tapyta/BO-82TAPYTA_20250418_054602.wav
3179	1	1			0.0	8000.0		
3180	1	1			0.0	8000.0		
3181	1	1	48.0	52.0	0.0	8000.0	cluster_2	BO-82Tapyta/BO-82TAPYTA_20250426_204902.wav
3182	1	1			0.0	8000.0		
3183	1	1			0.0	8000.0		
3184	1	1	40.0	44.0	0.0	8000.0	cluster_2	BO-82Tapyta/BO-82TAPYTA_20250427_215602.wav
3185	1	1			0.0	8000.0		
3186	1	1			0.0	8000.0		
3187	1	1			0.0	8000.0		
3188	1	1			0.0	8000.0		
3189	1	1			0.0	8000.0		
3190	1	1			0.0	8000.0		
3191	1	1			0.0	8000.0		
3192	1	1			0.0	8000.0		
3193	1	1			0.0	8000.0		
3194	1	1			0.0	8000.0		
3195	1	1	0.0	4.0	0.0	8000.0	cluster_2	BO-81Tapyta/BO-81TAPYTA_20250416_042202.wav
3196	1	1			0.0	8000.0		
3197	1	1			0.0	8000.0		
3198	1	1			0.0	8000.0		
3199	1	1			0.0	8000.0		
3200	1	1	4.0	8.0	0.0	8000.0	cluster_2	BO-82Tapyta/BO-82TAPYTA_20250425_210602.wav
3201	1	1			0.0	8000.0		
3202	1	1			0.0	8000.0		
3203	1	1	28.0	32.0	0.0	8000.0	cluster_2	BO-82Tapyta/BO-82TAPYTA_20250411_214302.wav
3204	1	1			0.0	8000.0		
3205	1	1			0.0	8000.0		
3206	1	1			0.0	8000.0		
3207	1	1			0.0	8000.0		
3208	1	1	6.0	10.0	0.0	8000.0	cluster_2	BO-82Tapyta/BO-82TAPYTA_20250427_054702.wav
3209	1	1			0.0	8000.0		
3210	1	1			0.0	8000.0		
3211	1	1			0.0	8000.0		
3212	1	1			0.0	8000.0		
3213	1	1	42.0	46.0	0.0	8000.0	cluster_2	BO-82Tapyta/BO-82TAPYTA_20250417_234002.wav
3214	1	1	38.0	42.0	0.0	8000.0	cluster_2	BO-82Tapyta/BO-82TAPYTA_20250412_050602.wav
3215	1	1			0.0	8000.0		
3216	1	1			0.0	8000.0		
3217	1	1			0.0	8000.0		
3218	1	1			0.0	8000.0		
3219	1	1			0.0	8000.0		
3220	1	1			0.0	8000.0		
3221	1	1			0.0	8000.0		
3222	1	1			0.0	8000.0		
3223	1	1	16.0	20.0	0.0	8000.0	cluster_2	BO-82Tapyta/BO-82TAPYTA_20250426_192302.wav
3224	1	1			0.0	8000.0		
3225	1	1			0.0	8000.0		
3226	1	1			0.0	8000.0		
3227	1	1			0.0	8000.0		
3228	1	1	6.0	10.0	0.0	8000.0	cluster_2	BO-82Tapyta/BO-82TAPYTA_20250412_035802.wav
3229	1	1	28.0	32.0	0.0	8000.0	cluster_2	BO-82Tapyta/BO-82TAPYTA_20250427_030502.wav
3230	1	1			0.0	8000.0		
3231	1	1	6.0	10.0	0.0	8000.0	cluster_2	BO-82Tapyta/BO-82TAPYTA_20250424_204202.wav
3232	1	1			0.0	8000.0		
3233	1	1			0.0	8000.0		
3234	1	1			0.0	8000.0		
3235	1	1			0.0	8000.0		
3236	1	1			0.0	8000.0		
3237	1	1	14.0	18.0	0.0	8000.0	cluster_2	BO-81Tapyta/BO-81TAPYTA_20250416_024002.wav
3238	1	1			0.0	8000.0		
3239	1	1			0.0	8000.0		
3240	1	1			0.0	8000.0		
3241	1	1			0.0	8000.0		
3242	1	1			0.0	8000.0		
3243	1	1			0.0	8000.0		
3244	1	1	24.0	28.0	0.0	8000.0	cluster_2	BO-82Tapyta/BO-82TAPYTA_20250426_215902.wav
3245	1	1			0.0	8000.0		
3246	1	1			0.0	8000.0		
3247	1	1			0.0	8000.0		
3248	1	1			0.0	8000.0		
3249	1	1			0.0	8000.0		
3250	1	1	44.0	48.0	0.0	8000.0	cluster_2	BO-82Tapyta/BO-82TAPYTA_20250427_010302.wav
3251	1	1	32.0	36.0	0.0	8000.0	cluster_2	BO-82Tapyta/BO-82TAPYTA_20250424_234702.wav
3252	1	1			0.0	8000.0		
3253	1	1			0.0	8000.0		
3254	1	1			0.0	8000.0		
3255	1	1	18.0	22.0	0.0	8000.0	cluster_2	BO-82Tapyta/BO-82TAPYTA_20250414_200802.wav
3256	1	1			0.0	8000.0		
3257	1	1			0.0	8000.0		
3258	1	1			0.0	8000.0		
3259	1	1	34.0	38.0	0.0	8000.0	cluster_2	BO-82Tapyta/BO-82TAPYTA_20250425_015002.wav
3260	1	1			0.0	8000.0		
3261	1	1			0.0	8000.0		
3262	1	1			0.0	8000.0		
3263	1	1			0.0	8000.0		
3264	1	1	14.0	18.0	0.0	8000.0	cluster_2	BO-82Tapyta/BO-82TAPYTA_20250426_210602.wav
3265	1	1			0.0	8000.0		
3266	1	1			0.0	8000.0		
3267	1	1			0.0	8000.0		
3268	1	1	52.0	56.0	0.0	8000.0	cluster_2	BO-82Tapyta/BO-82TAPYTA_20250426_193902.wav
3269	1	1			0.0	8000.0		
3270	1	1			0.0	8000.0		
3271	1	1	36.0	40.0	0.0	8000.0	cluster_2	BO-82Tapyta/BO-82TAPYTA_20250411_233702.wav
3272	1	1			0.0	8000.0		
3273	1	1			0.0	8000.0		
3274	1	1			0.0	8000.0		
3275	1	1	22.0	26.0	0.0	8000.0	cluster_2	BO-82Tapyta/BO-82TAPYTA_20250416_021102.wav
3276	1	1			0.0	8000.0		
3277	1	1	4.0	8.0	0.0	8000.0	cluster_2	BO-82Tapyta/BO-82TAPYTA_20250502_193102.wav
3278	1	1			0.0	8000.0		
3279	1	1	38.0	42.0	0.0	8000.0	cluster_2	BO-82Tapyta/BO-82TAPYTA_20250424_202902.wav
3280	1	1			0.0	8000.0		
3281	1	1			0.0	8000.0		
3282	1	1			0.0	8000.0		
3283	1	1			0.0	8000.0		
3284	1	1			0.0	8000.0		
3285	1	1			0.0	8000.0		
3286	1	1			0.0	8000.0		
3287	1	1			0.0	8000.0		
3288	1	1			0.0	8000.0		
3289	1	1	4.0	8.0	0.0	8000.0	cluster_2	BO-82Tapyta/BO-82TAPYTA_20250415_224502.wav
3290	1	1	30.0	34.0	0.0	8000.0	cluster_2	BO-82Tapyta/BO-82TAPYTA_20250415_055802.wav
3291	1	1	16.0	20.0	0.0	8000.0	cluster_2	BO-82Tapyta/BO-82TAPYTA_20250412_032602.wav
3292	1	1			0.0	8000.0		
3293	1	1			0.0	8000.0		
3294	1	1			0.0	8000.0		
3295	1	1			0.0	8000.0		
3296	1	1			0.0	8000.0		
3297	1	1	36.0	40.0	0.0	8000.0	cluster_2	BO-82Tapyta/BO-82TAPYTA_20250425_011102.wav
3298	1	1			0.0	8000.0		
3299	1	1			0.0	8000.0		
3300	1	1	4.0	8.0	0.0	8000.0	cluster_2	BO-82Tapyta/BO-82TAPYTA_20250427_045102.wav
3301	1	1	8.0	12.0	0.0	8000.0	cluster_2	BO-82Tapyta/BO-82TAPYTA_20250417_212602.wav
3302	1	1			0.0	8000.0		
3303	1	1	2.0	6.0	0.0	8000.0	cluster_2	BO-81Tapyta/BO-81TAPYTA_20250415_200702.wav
3304	1	1			0.0	8000.0		
3305	1	1			0.0	8000.0		
3306	1	1			0.0	8000.0		
3307	1	1			0.0	8000.0		
3308	1	1			0.0	8000.0		
3309	1	1	32.0	36.0	0.0	8000.0	cluster_2	BO-82Tapyta/BO-82TAPYTA_20250411_200202.wav
3310	1	1			0.0	8000.0		
3311	1	1			0.0	8000.0		
3312	1	1	48.0	52.0	0.0	8000.0	cluster_2	BO-82Tapyta/BO-82TAPYTA_20250424_222102.wav
3313	1	1			0.0	8000.0		
3314	1	1			0.0	8000.0		
3315	1	1			0.0	8000.0		
3316	1	1			0.0	8000.0		
3317	1	1			0.0	8000.0		
3318	1	1	16.0	20.0	0.0	8000.0	cluster_2	BO-82Tapyta/BO-82TAPYTA_20250416_202102.wav
3319	1	1	16.0	20.0	0.0	8000.0	cluster_2	BO-81Tapyta/BO-81TAPYTA_20250415_202902.wav
3320	1	1			0.0	8000.0		
3321	1	1			0.0	8000.0		
3322	1	1			0.0	8000.0		
3323	1	1			0.0	8000.0		
3324	1	1			0.0	8000.0		
3325	1	1			0.0	8000.0		
3326	1	1			0.0	8000.0		
3327	1	1			0.0	8000.0		
3328	1	1			0.0	8000.0		
3329	1	1	10.0	14.0	0.0	8000.0	cluster_2	BO-82Tapyta/BO-82TAPYTA_20250415_194902.wav
3330	1	1			0.0	8000.0		
3331	1	1			0.0	8000.0		
3332	1	1			0.0	8000.0		
3333	1	1			0.0	8000.0		
3334	1	1			0.0	8000.0		
3335	1	1			0.0	8000.0		
3336	1	1			0.0	8000.0		
3337	1	1			0.0	8000.0		
3338	1	1			0.0	8000.0		
3339	1	1			0.0	8000.0		
3340	1	1			0.0	8000.0		
3341	1	1			0.0	8000.0		
3342	1	1			0.0	8000.0		
3343	1	1			0.0	8000.0		
3344	1	1			0.0	8000.0		
3345	1	1			0.0	8000.0		
3346	1	1			0.0	8000.0		
3347	1	1	20.0	24.0	0.0	8000.0	cluster_2	BO-82Tapyta/BO-82TAPYTA_20250417_051902.wav
3348	1	1			0.0	8000.0		
3349	1	1			0.0	8000.0		
3350	1	1			0.0	8000.0		
3351	1	1			0.0	8000.0		
3352	1	1			0.0	8000.0		
3353	1	1			0.0	8000.0		
3354	1	1			0.0	8000.0		
3355	1	1	30.0	34.0	0.0	8000.0	cluster_2	BO-82Tapyta/BO-82TAPYTA_20250411_231702.wav
3356	1	1	8.0	12.0	0.0	8000.0	cluster_2	BO-82Tapyta/BO-82TAPYTA_20250418_004902.wav
3357	1	1			0.0	8000.0		
3358	1	1			0.0	8000.0		
3359	1	1			0.0	8000.0		
3360	1	1			0.0	8000.0		
3361	1	1	32.0	36.0	0.0	8000.0	cluster_2	BO-82Tapyta/BO-82TAPYTA_20250411_215002.wav
3362	1	1			0.0	8000.0		
3363	1	1			0.0	8000.0		
3364	1	1			0.0	8000.0		
3365	1	1			0.0	8000.0		
3366	1	1			0.0	8000.0		
3367	1	1			0.0	8000.0		
3368	1	1			0.0	8000.0		
3369	1	1			0.0	8000.0		
3370	1	1			0.0	8000.0		
3371	1	1			0.0	8000.0		
3372	1	1			0.0	8000.0		
3373	1	1			0.0	8000.0		
3374	1	1	4.0	8.0	0.0	8000.0	cluster_2	BO-82Tapyta/BO-82TAPYTA_20250424_192702.wav
3375	1	1			0.0	8000.0		
3376	1	1			0.0	8000.0		
3377	1	1			0.0	8000.0		
3378	1	1			0.0	8000.0		
3379	1	1			0.0	8000.0		
3380	1	1			0.0	8000.0		
3381	1	1			0.0	8000.0		
3382	1	1	44.0	48.0	0.0	8000.0	cluster_2	BO-81Tapyta/BO-81TAPYTA_20250412_002702.wav
3383	1	1			0.0	8000.0		
3384	1	1	42.0	46.0	0.0	8000.0	cluster_2	BO-82Tapyta/BO-82TAPYTA_20250425_193602.wav
3385	1	1	4.0	8.0	0.0	8000.0	cluster_2	BO-82Tapyta/BO-82TAPYTA_20250427_233002.wav
3386	1	1			0.0	8000.0		
3387	1	1	30.0	34.0	0.0	8000.0	cluster_2	BO-82Tapyta/BO-82TAPYTA_20250416_214802.wav
3388	1	1	38.0	42.0	0.0	8000.0	cluster_2	BO-81Tapyta/BO-81TAPYTA_20250416_002602.wav
3389	1	1			0.0	8000.0		
3390	1	1	8.0	12.0	0.0	8000.0	cluster_2	BO-82Tapyta/BO-82TAPYTA_20250502_191602.wav
3391	1	1			0.0	8000.0		
3392	1	1			0.0	8000.0		
3393	1	1	44.0	48.0	0.0	8000.0	cluster_2	BO-82Tapyta/BO-82TAPYTA_20250423_204002.wav
3394	1	1			0.0	8000.0		
3395	1	1			0.0	8000.0		
3396	1	1			0.0	8000.0		
3397	1	1			0.0	8000.0		
3398	1	1			0.0	8000.0		
3399	1	1	6.0	10.0	0.0	8000.0	cluster_2	BO-82Tapyta/BO-82TAPYTA_20250416_204102.wav
3400	1	1			0.0	8000.0		
3401	1	1			0.0	8000.0		
3402	1	1			0.0	8000.0		
3403	1	1			0.0	8000.0		
3404	1	1			0.0	8000.0		
3405	1	1			0.0	8000.0		
3406	1	1	32.0	36.0	0.0	8000.0	cluster_2	BO-82Tapyta/BO-82TAPYTA_20250417_195202.wav
3407	1	1	2.0	6.0	0.0	8000.0	cluster_2	BO-82Tapyta/BO-82TAPYTA_20250416_223902.wav
3408	1	1			0.0	8000.0		
3409	1	1			0.0	8000.0		
3410	1	1			0.0	8000.0		
3411	1	1			0.0	8000.0		
3412	1	1			0.0	8000.0		
3413	1	1			0.0	8000.0		
3414	1	1			0.0	8000.0		
3415	1	1	40.0	44.0	0.0	8000.0	cluster_2	BO-82Tapyta/BO-82TAPYTA_20250414_202002.wav
3416	1	1			0.0	8000.0		
3417	1	1	28.0	32.0	0.0	8000.0	cluster_2	BO-82Tapyta/BO-82TAPYTA_20250413_212002.wav
3418	1	1			0.0	8000.0		
3419	1	1	40.0	44.0	0.0	8000.0	cluster_2	BO-82Tapyta/BO-82TAPYTA_20250427_023502.wav
3420	1	1			0.0	8000.0		
3421	1	1			0.0	8000.0		
3422	1	1			0.0	8000.0		
3423	1	1			0.0	8000.0		
3424	1	1			0.0	8000.0		
3425	1	1			0.0	8000.0		
3426	1	1			0.0	8000.0		
3427	1	1			0.0	8000.0		
3428	1	1			0.0	8000.0		
3429	1	1			0.0	8000.0		
3430	1	1			0.0	8000.0		
3431	1	1			0.0	8000.0		
3432	1	1			0.0	8000.0		
3433	1	1			0.0	8000.0		
3434	1	1			0.0	8000.0		
3435	1	1			0.0	8000.0		
3436	1	1			0.0	8000.0		
3437	1	1	28.0	32.0	0.0	8000.0	cluster_2	BO-82Tapyta/BO-82TAPYTA_20250417_234602.wav
3438	1	1			0.0	8000.0		
3439	1	1			0.0	8000.0		
3440	1	1			0.0	8000.0		
3441	1	1			0.0	8000.0		
3442	1	1			0.0	8000.0		
3443	1	1	4.0	8.0	0.0	8000.0	cluster_2	BO-82Tapyta/BO-82TAPYTA_20250418_044402.wav
3444	1	1	12.0	16.0	0.0	8000.0	cluster_2	BO-82Tapyta/BO-82TAPYTA_20250417_022202.wav
3445	1	1			0.0	8000.0		
3446	1	1			0.0	8000.0		
3447	1	1	44.0	48.0	0.0	8000.0	cluster_2	BO-82Tapyta/BO-82TAPYTA_20250412_041002.wav
3448	1	1			0.0	8000.0		
3449	1	1			0.0	8000.0		
3450	1	1	42.0	46.0	0.0	8000.0	cluster_2	BO-82Tapyta/BO-82TAPYTA_20250425_192202.wav
3451	1	1			0.0	8000.0		
3452	1	1			0.0	8000.0		
3453	1	1			0.0	8000.0		
3454	1	1			0.0	8000.0		
3455	1	1			0.0	8000.0		
3456	1	1	52.0	56.0	0.0	8000.0	cluster_2	BO-82Tapyta/BO-82TAPYTA_20250417_194302.wav
3457	1	1			0.0	8000.0		
3458	1	1	10.0	14.0	0.0	8000.0	cluster_2	BO-82Tapyta/BO-82TAPYTA_20250426_211002.wav
3459	1	1			0.0	8000.0		
3460	1	1			0.0	8000.0		
3461	1	1			0.0	8000.0		
3462	1	1	44.0	48.0	0.0	8000.0	cluster_2	BO-82Tapyta/BO-82TAPYTA_20250425_000002.wav
3463	1	1	46.0	50.0	0.0	8000.0	cluster_2	BO-82Tapyta/BO-82TAPYTA_20250417_211402.wav
3464	1	1			0.0	8000.0		
3465	1	1			0.0	8000.0		
3466	1	1			0.0	8000.0		
3467	1	1	8.0	12.0	0.0	8000.0	cluster_2	BO-82Tapyta/BO-82TAPYTA_20250416_005402.wav
3468	1	1			0.0	8000.0		
3469	1	1			0.0	8000.0		
3470	1	1			0.0	8000.0		
3471	1	1			0.0	8000.0		
3472	1	1			0.0	8000.0		
3473	1	1			0.0	8000.0		
3474	1	1			0.0	8000.0		
3475	1	1	4.0	8.0	0.0	8000.0	cluster_2	BO-82Tapyta/BO-82TAPYTA_20250418_031602.wav
3476	1	1	4.0	8.0	0.0	8000.0	cluster_2	BO-82Tapyta/BO-82TAPYTA_20250411_203202.wav
3477	1	1			0.0	8000.0		
3478	1	1	50.0	54.0	0.0	8000.0	cluster_2	BO-82Tapyta/BO-82TAPYTA_20250417_052902.wav
3479	1	1			0.0	8000.0		
3480	1	1			0.0	8000.0		
3481	1	1	0.0	4.0	0.0	8000.0	cluster_2	BO-82Tapyta/BO-82TAPYTA_20250416_024102.wav
3482	1	1			0.0	8000.0		
3483	1	1			0.0	8000.0		
3484	1	1			0.0	8000.0		
3485	1	1	42.0	46.0	0.0	8000.0	cluster_2	BO-82Tapyta/BO-82TAPYTA_20250413_001302.wav
3486	1	1			0.0	8000.0		
3487	1	1			0.0	8000.0		
3488	1	1			0.0	8000.0		
3489	1	1			0.0	8000.0		
3490	1	1			0.0	8000.0		
3491	1	1			0.0	8000.0		
3492	1	1			0.0	8000.0		
3493	1	1			0.0	8000.0		
3494	1	1			0.0	8000.0		
3495	1	1	38.0	42.0	0.0	8000.0	cluster_2	BO-82Tapyta/BO-82TAPYTA_20250414_220802.wav
3496	1	1			0.0	8000.0		
3497	1	1			0.0	8000.0		
3498	1	1			0.0	8000.0		
3499	1	1			0.0	8000.0		
3500	1	1			0.0	8000.0		
3501	1	1			0.0	8000.0		
3502	1	1			0.0	8000.0		
3503	1	1	4.0	8.0	0.0	8000.0	cluster_2	BO-82Tapyta/BO-82TAPYTA_20250414_204602.wav
3504	1	1			0.0	8000.0		
3505	1	1			0.0	8000.0		
3506	1	1			0.0	8000.0		
3507	1	1			0.0	8000.0		
3508	1	1			0.0	8000.0		
3509	1	1	46.0	50.0	0.0	8000.0	cluster_2	BO-82Tapyta/BO-82TAPYTA_20250413_221802.wav
3510	1	1			0.0	8000.0		
3511	1	1			0.0	8000.0		
3512	1	1			0.0	8000.0		
3513	1	1			0.0	8000.0		
3514	1	1			0.0	8000.0		
3515	1	1			0.0	8000.0		
3516	1	1	42.0	46.0	0.0	8000.0	cluster_2	BO-82Tapyta/BO-82TAPYTA_20250412_033002.wav
3517	1	1	30.0	34.0	0.0	8000.0	cluster_2	BO-82Tapyta/BO-82TAPYTA_20250424_232002.wav
3518	1	1			0.0	8000.0		
3519	1	1			0.0	8000.0		
3520	1	1			0.0	8000.0		
3521	1	1			0.0	8000.0		
3522	1	1			0.0	8000.0		
3523	1	1			0.0	8000.0		
3524	1	1			0.0	8000.0		
3525	1	1	24.0	28.0	0.0	8000.0	cluster_2	BO-82Tapyta/BO-82TAPYTA_20250412_022202.wav
3526	1	1			0.0	8000.0		
3527	1	1	40.0	44.0	0.0	8000.0	cluster_2	BO-82Tapyta/BO-82TAPYTA_20250417_220602.wav
3528	1	1			0.0	8000.0		
3529	1	1	52.0	56.0	0.0	8000.0	cluster_2	BO-82Tapyta/BO-82TAPYTA_20250417_211502.wav
3530	1	1			0.0	8000.0		
3531	1	1			0.0	8000.0		
3532	1	1			0.0	8000.0		
3533	1	1			0.0	8000.0		
3534	1	1			0.0	8000.0		
3535	1	1	40.0	44.0	0.0	8000.0	cluster_2	BO-82Tapyta/BO-82TAPYTA_20250426_023502.wav
3536	1	1			0.0	8000.0		
3537	1	1			0.0	8000.0		
3538	1	1			0.0	8000.0		
3539	1	1			0.0	8000.0		
3540	1	1			0.0	8000.0		
3541	1	1			0.0	8000.0		
3542	1	1			0.0	8000.0		
3543	1	1	46.0	50.0	0.0	8000.0	cluster_2	BO-81Tapyta/BO-81TAPYTA_20250416_004902.wav
3544	1	1			0.0	8000.0		
3545	1	1	14.0	18.0	0.0	8000.0	cluster_2	BO-82Tapyta/BO-82TAPYTA_20250416_041002.wav
3546	1	1			0.0	8000.0		
3547	1	1			0.0	8000.0		
3548	1	1			0.0	8000.0		
3549	1	1	18.0	22.0	0.0	8000.0	cluster_2	BO-82Tapyta/BO-82TAPYTA_20250424_231902.wav
3550	1	1			0.0	8000.0		
3551	1	1	48.0	52.0	0.0	8000.0	cluster_2	BO-82Tapyta/BO-82TAPYTA_20250411_221102.wav
3552	1	1			0.0	8000.0		
3553	1	1			0.0	8000.0		
3554	1	1			0.0	8000.0		
3555	1	1			0.0	8000.0		
3556	1	1			0.0	8000.0		
3557	1	1			0.0	8000.0		
3558	1	1			0.0	8000.0		
3559	1	1			0.0	8000.0		
3560	1	1			0.0	8000.0		
3561	1	1	4.0	8.0	0.0	8000.0	cluster_2	BO-82Tapyta/BO-82TAPYTA_20250413_205202.wav
3562	1	1	28.0	32.0	0.0	8000.0	cluster_2	BO-82Tapyta/BO-82TAPYTA_20250417_210602.wav
3563	1	1			0.0	8000.0		
3564	1	1			0.0	8000.0		
3565	1	1			0.0	8000.0		
3566	1	1			0.0	8000.0		
3567	1	1			0.0	8000.0		
3568	1	1	52.0	56.0	0.0	8000.0	cluster_2	BO-82Tapyta/BO-82TAPYTA_20250425_000002.wav
3569	1	1			0.0	8000.0		
3570	1	1			0.0	8000.0		
3571	1	1			0.0	8000.0		
3572	1	1	30.0	34.0	0.0	8000.0	cluster_2	BO-82Tapyta/BO-82TAPYTA_20250417_011302.wav
3573	1	1	12.0	16.0	0.0	8000.0	cluster_2	BO-82Tapyta/BO-82TAPYTA_20250426_224802.wav
3574	1	1			0.0	8000.0		
3575	1	1			0.0	8000.0		
3576	1	1	46.0	50.0	0.0	8000.0	cluster_2	BO-82Tapyta/BO-82TAPYTA_20250502_220502.wav
3577	1	1	24.0	28.0	0.0	8000.0	cluster_2	BO-82Tapyta/BO-82TAPYTA_20250412_013202.wav
3578	1	1	32.0	36.0	0.0	8000.0	cluster_2	BO-82Tapyta/BO-82TAPYTA_20250412_035302.wav
3579	1	1			0.0	8000.0		
3580	1	1			0.0	8000.0		
3581	1	1	42.0	46.0	0.0	8000.0	cluster_2	BO-81Tapyta/BO-81TAPYTA_20250413_183202.wav
3582	1	1			0.0	8000.0		
3583	1	1			0.0	8000.0		
3584	1	1			0.0	8000.0		
3585	1	1			0.0	8000.0		
3586	1	1			0.0	8000.0		
3587	1	1			0.0	8000.0		
3588	1	1	40.0	44.0	0.0	8000.0	cluster_2	BO-82Tapyta/BO-82TAPYTA_20250416_043902.wav
3589	1	1			0.0	8000.0		
3590	1	1			0.0	8000.0		
3591	1	1			0.0	8000.0		
3592	1	1	52.0	56.0	0.0	8000.0	cluster_2	BO-82Tapyta/BO-82TAPYTA_20250414_213702.wav
3593	1	1			0.0	8000.0		
3594	1	1			0.0	8000.0		
3595	1	1			0.0	8000.0		
3596	1	1			0.0	8000.0		
3597	1	1			0.0	8000.0		
3598	1	1	12.0	16.0	0.0	8000.0	cluster_2	BO-82Tapyta/BO-82TAPYTA_20250427_040902.wav
3599	1	1			0.0	8000.0		
3600	1	1			0.0	8000.0		
3601	1	1	46.0	50.0	0.0	8000.0	cluster_2	BO-82Tapyta/BO-82TAPYTA_20250416_041502.wav
3602	1	1			0.0	8000.0		
3603	1	1			0.0	8000.0		
3604	1	1			0.0	8000.0		
3605	1	1			0.0	8000.0		
3606	1	1			0.0	8000.0		
3607	1	1			0.0	8000.0		
3608	1	1			0.0	8000.0		
3609	1	1			0.0	8000.0		
3610	1	1			0.0	8000.0		
3611	1	1			0.0	8000.0		
3612	1	1			0.0	8000.0		
3613	1	1			0.0	8000.0		
3614	1	1			0.0	8000.0		
3615	1	1			0.0	8000.0		
3616	1	1			0.0	8000.0		
3617	1	1			0.0	8000.0		
3618	1	1	48.0	52.0	0.0	8000.0	cluster_2	BO-82Tapyta/BO-82TAPYTA_20250417_032002.wav
3619	1	1	34.0	38.0	0.0	8000.0	cluster_2	BO-82Tapyta/BO-82TAPYTA_20250415_223002.wav
3620	1	1			0.0	8000.0		
3621	1	1			0.0	8000.0		
3622	1	1	36.0	40.0	0.0	8000.0	cluster_2	BO-81Tapyta/BO-81TAPYTA_20250414_205902.wav
3623	1	1			0.0	8000.0		
3624	1	1			0.0	8000.0		
3625	1	1			0.0	8000.0		
3626	1	1			0.0	8000.0		
3627	1	1	26.0	30.0	0.0	8000.0	cluster_2	BO-82Tapyta/BO-82TAPYTA_20250418_035102.wav
3628	1	1	2.0	6.0	0.0	8000.0	cluster_2	BO-82Tapyta/BO-82TAPYTA_20250412_043702.wav
3629	1	1			0.0	8000.0		
3630	1	1			0.0	8000.0		
3631	1	1	52.0	56.0	0.0	8000.0	cluster_2	BO-82Tapyta/BO-82TAPYTA_20250427_000502.wav
3632	1	1			0.0	8000.0		
3633	1	1			0.0	8000.0		
3634	1	1	36.0	40.0	0.0	8000.0	cluster_2	BO-82Tapyta/BO-82TAPYTA_20250417_005402.wav
3635	1	1	50.0	54.0	0.0	8000.0	cluster_2	BO-82Tapyta/BO-82TAPYTA_20250411_224402.wav
3636	1	1			0.0	8000.0		
3637	1	1			0.0	8000.0		
3638	1	1			0.0	8000.0		
3639	1	1			0.0	8000.0		
3640	1	1			0.0	8000.0		
3641	1	1			0.0	8000.0		
3642	1	1			0.0	8000.0		
3643	1	1			0.0	8000.0		
3644	1	1	32.0	36.0	0.0	8000.0	cluster_2	BO-82Tapyta/BO-82TAPYTA_20250417_205102.wav
3645	1	1			0.0	8000.0		
3646	1	1			0.0	8000.0		
3647	1	1			0.0	8000.0		
3648	1	1	22.0	26.0	0.0	8000.0	cluster_2	BO-82Tapyta/BO-82TAPYTA_20250425_011102.wav
3649	1	1			0.0	8000.0		
3650	1	1	46.0	50.0	0.0	8000.0	cluster_2	BO-82Tapyta/BO-82TAPYTA_20250502_201502.wav
3651	1	1			0.0	8000.0		
3652	1	1			0.0	8000.0		
3653	1	1	30.0	34.0	0.0	8000.0	cluster_2	BO-82Tapyta/BO-82TAPYTA_20250425_212402.wav
3654	1	1			0.0	8000.0		
3655	1	1			0.0	8000.0		
3656	1	1	4.0	8.0	0.0	8000.0	cluster_2	BO-82Tapyta/BO-82TAPYTA_20250427_031202.wav
3657	1	1	2.0	6.0	0.0	8000.0	cluster_2	BO-82Tapyta/BO-82TAPYTA_20250417_030202.wav
3658	1	1			0.0	8000.0		
3659	1	1			0.0	8000.0		
3660	1	1			0.0	8000.0		
3661	1	1			0.0	8000.0		
3662	1	1			0.0	8000.0		
3663	1	1			0.0	8000.0		
3664	1	1			0.0	8000.0		
3665	1	1			0.0	8000.0		
3666	1	1	2.0	6.0	0.0	8000.0	cluster_2	BO-82Tapyta/BO-82TAPYTA_20250424_194802.wav
3667	1	1			0.0	8000.0		
3668	1	1			0.0	8000.0		
3669	1	1			0.0	8000.0		
3670	1	1			0.0	8000.0		
3671	1	1			0.0	8000.0		
3672	1	1	40.0	44.0	0.0	8000.0	cluster_2	BO-82Tapyta/BO-82TAPYTA_20250416_204802.wav
3673	1	1			0.0	8000.0		
3674	1	1			0.0	8000.0		
3675	1	1	32.0	36.0	0.0	8000.0	cluster_2	BO-81Tapyta/BO-81TAPYTA_20250412_020202.wav
3676	1	1			0.0	8000.0		
3677	1	1	28.0	32.0	0.0	8000.0	cluster_2	BO-82Tapyta/BO-82TAPYTA_20250426_232702.wav
3678	1	1			0.0	8000.0		
3679	1	1			0.0	8000.0		
3680	1	1	52.0	56.0	0.0	8000.0	cluster_2	BO-82Tapyta/BO-82TAPYTA_20250416_012902.wav
3681	1	1	28.0	32.0	0.0	8000.0	cluster_2	BO-82Tapyta/BO-82TAPYTA_20250415_212102.wav
3682	1	1	52.0	56.0	0.0	8000.0	cluster_2	BO-81Tapyta/BO-81TAPYTA_20250416_011702.wav
3683	1	1	44.0	48.0	0.0	8000.0	cluster_2	BO-82Tapyta/BO-82TAPYTA_20250415_215002.wav
3684	1	1	28.0	32.0	0.0	8000.0	cluster_2	BO-82Tapyta/BO-82TAPYTA_20250415_234202.wav
3685	1	1			0.0	8000.0		
3686	1	1			0.0	8000.0		
3687	1	1			0.0	8000.0		
3688	1	1			0.0	8000.0		
3689	1	1	36.0	40.0	0.0	8000.0	cluster_2	BO-82Tapyta/BO-82TAPYTA_20250501_180202.wav
3690	1	1	42.0	46.0	0.0	8000.0	cluster_2	BO-82Tapyta/BO-82TAPYTA_20250502_202802.wav
3691	1	1			0.0	8000.0		
3692	1	1			0.0	8000.0		
3693	1	1			0.0	8000.0		
3694	1	1	2.0	6.0	0.0	8000.0	cluster_2	BO-82Tapyta/BO-82TAPYTA_20250425_025202.wav
3695	1	1			0.0	8000.0		
3696	1	1			0.0	8000.0		
3697	1	1	48.0	52.0	0.0	8000.0	cluster_2	BO-82Tapyta/BO-82TAPYTA_20250417_013902.wav
3698	1	1			0.0	8000.0		
3699	1	1	8.0	12.0	0.0	8000.0	cluster_2	BO-82Tapyta/BO-82TAPYTA_20250414_200702.wav
3700	1	1			0.0	8000.0		
3701	1	1			0.0	8000.0		
3702	1	1			0.0	8000.0		
3703	1	1	26.0	30.0	0.0	8000.0	cluster_2	BO-82Tapyta/BO-82TAPYTA_20250426_015502.wav
3704	1	1			0.0	8000.0		
3705	1	1			0.0	8000.0		
3706	1	1			0.0	8000.0		
3707	1	1	6.0	10.0	0.0	8000.0	cluster_2	BO-82Tapyta/BO-82TAPYTA_20250424_225102.wav
3708	1	1			0.0	8000.0		
3709	1	1			0.0	8000.0		
3710	1	1			0.0	8000.0		
3711	1	1			0.0	8000.0		
3712	1	1			0.0	8000.0		
3713	1	1			0.0	8000.0		
3714	1	1	24.0	28.0	0.0	8000.0	cluster_2	BO-82Tapyta/BO-82TAPYTA_20250416_215002.wav
3715	1	1			0.0	8000.0		
3716	1	1			0.0	8000.0		
3717	1	1			0.0	8000.0		
3718	1	1	8.0	12.0	0.0	8000.0	cluster_2	BO-82Tapyta/BO-82TAPYTA_20250418_034402.wav
3719	1	1			0.0	8000.0		
3720	1	1			0.0	8000.0		
3721	1	1	28.0	32.0	0.0	8000.0	cluster_2	BO-82Tapyta/BO-82TAPYTA_20250416_004902.wav
3722	1	1	44.0	48.0	0.0	8000.0	cluster_2	BO-81Tapyta/BO-81TAPYTA_20250411_233502.wav
3723	1	1			0.0	8000.0		
3724	1	1			0.0	8000.0		
3725	1	1			0.0	8000.0		
3726	1	1			0.0	8000.0		
3727	1	1	30.0	34.0	0.0	8000.0	cluster_2	BO-81Tapyta/BO-81TAPYTA_20250415_203902.wav
3728	1	1	10.0	14.0	0.0	8000.0	cluster_2	BO-82Tapyta/BO-82TAPYTA_20250411_225202.wav
3729	1	1			0.0	8000.0		
3730	1	1			0.0	8000.0		
3731	1	1			0.0	8000.0		
3732	1	1			0.0	8000.0		
3733	1	1			0.0	8000.0		
3734	1	1			0.0	8000.0		
3735	1	1			0.0	8000.0		
3736	1	1			0.0	8000.0		
3737	1	1			0.0	8000.0		
3738	1	1	8.0	12.0	0.0	8000.0	cluster_2	BO-82Tapyta/BO-82TAPYTA_20250413_224702.wav
3739	1	1	6.0	10.0	0.0	8000.0	cluster_2	BO-82Tapyta/BO-82TAPYTA_20250415_234402.wav
3740	1	1			0.0	8000.0		
3741	1	1			0.0	8000.0		
3742	1	1	2.0	6.0	0.0	8000.0	cluster_2	BO-82Tapyta/BO-82TAPYTA_20250426_014602.wav
3743	1	1	20.0	24.0	0.0	8000.0	cluster_2	BO-82Tapyta/BO-82TAPYTA_20250416_003602.wav
3744	1	1			0.0	8000.0		
3745	1	1	6.0	10.0	0.0	8000.0	cluster_2	BO-82Tapyta/BO-82TAPYTA_20250414_220002.wav
3746	1	1			0.0	8000.0		
3747	1	1			0.0	8000.0		
3748	1	1			0.0	8000.0		
3749	1	1			0.0	8000.0		
3750	1	1	2.0	6.0	0.0	8000.0	cluster_2	BO-82Tapyta/BO-82TAPYTA_20250412_000702.wav
3751	1	1			0.0	8000.0		
3752	1	1			0.0	8000.0		
3753	1	1			0.0	8000.0		
3754	1	1			0.0	8000.0		
3755	1	1	2.0	6.0	0.0	8000.0	cluster_2	BO-81Tapyta/BO-81TAPYTA_20250415_200102.wav
3756	1	1			0.0	8000.0		
3757	1	1			0.0	8000.0		
3758	1	1	28.0	32.0	0.0	8000.0	cluster_2	BO-82Tapyta/BO-82TAPYTA_20250415_230302.wav
3759	1	1	46.0	50.0	0.0	8000.0	cluster_2	BO-82Tapyta/BO-82TAPYTA_20250416_045102.wav
3760	1	1			0.0	8000.0		
3761	1	1	18.0	22.0	0.0	8000.0	cluster_2	BO-82Tapyta/BO-82TAPYTA_20250418_010702.wav
3762	1	1			0.0	8000.0		
3763	1	1	50.0	54.0	0.0	8000.0	cluster_2	BO-82Tapyta/BO-82TAPYTA_20250423_223102.wav
3764	1	1			0.0	8000.0		
3765	1	1			0.0	8000.0		
3766	1	1	52.0	56.0	0.0	8000.0	cluster_2	BO-82Tapyta/BO-82TAPYTA_20250417_033102.wav
3767	1	1			0.0	8000.0		
3768	1	1	30.0	34.0	0.0	8000.0	cluster_2	BO-82Tapyta/BO-82TAPYTA_20250411_194302.wav
3769	1	1			0.0	8000.0		
3770	1	1			0.0	8000.0		
3771	1	1	4.0	8.0	0.0	8000.0	cluster_2	BO-82Tapyta/BO-82TAPYTA_20250417_214102.wav
3772	1	1			0.0	8000.0		
3773	1	1			0.0	8000.0		
3774	1	1			0.0	8000.0		
3775	1	1	16.0	20.0	0.0	8000.0	cluster_2	BO-82Tapyta/BO-82TAPYTA_20250426_203802.wav
3776	1	1	36.0	40.0	0.0	8000.0	cluster_2	BO-81Tapyta/BO-81TAPYTA_20250412_014302.wav
3777	1	1			0.0	8000.0		
3778	1	1			0.0	8000.0		
3779	1	1			0.0	8000.0		
3780	1	1			0.0	8000.0		
3781	1	1	38.0	42.0	0.0	8000.0	cluster_2	BO-81Tapyta/BO-81TAPYTA_20250412_002302.wav
3782	1	1			0.0	8000.0		
3783	1	1			0.0	8000.0		
3784	1	1	2.0	6.0	0.0	8000.0	cluster_2	BO-82Tapyta/BO-82TAPYTA_20250415_223102.wav
3785	1	1	48.0	52.0	0.0	8000.0	cluster_2	BO-82Tapyta/BO-82TAPYTA_20250417_194002.wav
3786	1	1			0.0	8000.0		
3787	1	1			0.0	8000.0		
3788	1	1	38.0	42.0	0.0	8000.0	cluster_2	BO-82Tapyta/BO-82TAPYTA_20250411_215502.wav
3789	1	1			0.0	8000.0		
3790	1	1			0.0	8000.0		
3791	1	1	42.0	46.0	0.0	8000.0	cluster_2	BO-81Tapyta/BO-81TAPYTA_20250415_213902.wav
3792	1	1			0.0	8000.0		
3793	1	1	10.0	14.0	0.0	8000.0	cluster_2	BO-82Tapyta/BO-82TAPYTA_20250415_234402.wav
3794	1	1			0.0	8000.0		
3795	1	1			0.0	8000.0		
3796	1	1			0.0	8000.0		
3797	1	1			0.0	8000.0		
3798	1	1			0.0	8000.0		
3799	1	1			0.0	8000.0		
3800	1	1			0.0	8000.0		
3801	1	1			0.0	8000.0		
3802	1	1			0.0	8000.0		
3803	1	1			0.0	8000.0		
3804	1	1			0.0	8000.0		
3805	1	1			0.0	8000.0		
3806	1	1			0.0	8000.0		
3807	1	1			0.0	8000.0		
3808	1	1			0.0	8000.0		
3809	1	1			0.0	8000.0		
3810	1	1	46.0	50.0	0.0	8000.0	cluster_2	BO-82Tapyta/BO-82TAPYTA_20250426_004202.wav
3811	1	1	46.0	50.0	0.0	8000.0	cluster_2	BO-82Tapyta/BO-82TAPYTA_20250426_235502.wav
3812	1	1	24.0	28.0	0.0	8000.0	cluster_2	BO-82Tapyta/BO-82TAPYTA_20250417_032602.wav
3813	1	1			0.0	8000.0		
3814	1	1			0.0	8000.0		
3815	1	1			0.0	8000.0		
3816	1	1			0.0	8000.0		
3817	1	1	46.0	50.0	0.0	8000.0	cluster_2	BO-82Tapyta/BO-82TAPYTA_20250424_191402.wav
3818	1	1	32.0	36.0	0.0	8000.0	cluster_2	BO-82Tapyta/BO-82TAPYTA_20250415_235902.wav
3819	1	1			0.0	8000.0		
3820	1	1			0.0	8000.0		
3821	1	1			0.0	8000.0		
3822	1	1			0.0	8000.0		
3823	1	1			0.0	8000.0		
3824	1	1			0.0	8000.0		
3825	1	1	28.0	32.0	0.0	8000.0	cluster_2	BO-82Tapyta/BO-82TAPYTA_20250416_035402.wav
3826	1	1			0.0	8000.0		
3827	1	1			0.0	8000.0		
3828	1	1			0.0	8000.0		
3829	1	1			0.0	8000.0		
3830	1	1			0.0	8000.0		
3831	1	1			0.0	8000.0		
3832	1	1	18.0	22.0	0.0	8000.0	cluster_2	BO-82Tapyta/BO-82TAPYTA_20250425_010002.wav
3833	1	1			0.0	8000.0		
3834	1	1			0.0	8000.0		
3835	1	1			0.0	8000.0		
3836	1	1			0.0	8000.0		
3837	1	1	6.0	10.0	0.0	8000.0	cluster_2	BO-82Tapyta/BO-82TAPYTA_20250415_224302.wav
3838	1	1			0.0	8000.0		
3839	1	1			0.0	8000.0		
3840	1	1	12.0	16.0	0.0	8000.0	cluster_2	BO-82Tapyta/BO-82TAPYTA_20250426_052702.wav
3841	1	1	20.0	24.0	0.0	8000.0	cluster_2	BO-82Tapyta/BO-82TAPYTA_20250411_224202.wav
3842	1	1			0.0	8000.0		
3843	1	1			0.0	8000.0		
3844	1	1	46.0	50.0	0.0	8000.0	cluster_2	BO-82Tapyta/BO-82TAPYTA_20250413_202302.wav
3845	1	1			0.0	8000.0		
3846	1	1			0.0	8000.0		
3847	1	1			0.0	8000.0		
3848	1	1			0.0	8000.0		
3849	1	1			0.0	8000.0		
3850	1	1			0.0	8000.0		
3851	1	1			0.0	8000.0		
3852	1	1			0.0	8000.0		
3853	1	1	30.0	34.0	0.0	8000.0	cluster_2	BO-82Tapyta/BO-82TAPYTA_20250426_222002.wav
3854	1	1			0.0	8000.0		
3855	1	1	22.0	26.0	0.0	8000.0	cluster_2	BO-82Tapyta/BO-82TAPYTA_20250416_044002.wav
3856	1	1	34.0	38.0	0.0	8000.0	cluster_2	BO-82Tapyta/BO-82TAPYTA_20250426_203402.wav
3857	1	1			0.0	8000.0		
3858	1	1	28.0	32.0	0.0	8000.0	cluster_2	BO-82Tapyta/BO-82TAPYTA_20250426_053302.wav
3859	1	1	24.0	28.0	0.0	8000.0	cluster_2	BO-82Tapyta/BO-82TAPYTA_20250417_221102.wav
3860	1	1			0.0	8000.0		
3861	1	1			0.0	8000.0		
3862	1	1			0.0	8000.0		
3863	1	1	40.0	44.0	0.0	8000.0	cluster_2	BO-82Tapyta/BO-82TAPYTA_20250417_013902.wav
3864	1	1			0.0	8000.0		
3865	1	1	20.0	24.0	0.0	8000.0	cluster_2	BO-82Tapyta/BO-82TAPYTA_20250418_003002.wav
3866	1	1			0.0	8000.0		
3867	1	1			0.0	8000.0		
3868	1	1			0.0	8000.0		
3869	1	1	32.0	36.0	0.0	8000.0	cluster_2	BO-82Tapyta/BO-82TAPYTA_20250417_205002.wav
3870	1	1	6.0	10.0	0.0	8000.0	cluster_2	BO-81Tapyta/BO-81TAPYTA_20250416_024902.wav
3871	1	1	12.0	16.0	0.0	8000.0	cluster_2	BO-82Tapyta/BO-82TAPYTA_20250427_230202.wav
3872	1	1			0.0	8000.0		
3873	1	1			0.0	8000.0		
3874	1	1			0.0	8000.0		
3875	1	1	6.0	10.0	0.0	8000.0	cluster_2	BO-82Tapyta/BO-82TAPYTA_20250416_022802.wav
3876	1	1	32.0	36.0	0.0	8000.0	cluster_2	BO-82Tapyta/BO-82TAPYTA_20250424_235302.wav
3877	1	1			0.0	8000.0		
3878	1	1			0.0	8000.0		
3879	1	1	26.0	30.0	0.0	8000.0	cluster_2	BO-82Tapyta/BO-82TAPYTA_20250416_223902.wav
3880	1	1			0.0	8000.0		
3881	1	1			0.0	8000.0		
3882	1	1			0.0	8000.0		
3883	1	1	40.0	44.0	0.0	8000.0	cluster_2	BO-81Tapyta/BO-81TAPYTA_20250412_042302.wav
3884	1	1	6.0	10.0	0.0	8000.0	cluster_2	BO-82Tapyta/BO-82TAPYTA_20250416_045302.wav
3885	1	1	10.0	14.0	0.0	8000.0	cluster_2	BO-82Tapyta/BO-82TAPYTA_20250416_043002.wav
3886	1	1	52.0	56.0	0.0	8000.0	cluster_2	BO-82Tapyta/BO-82TAPYTA_20250426_001902.wav
3887	1	1			0.0	8000.0		
3888	1	1			0.0	8000.0		
3889	1	1			0.0	8000.0		
3890	1	1	6.0	10.0	0.0	8000.0	cluster_2	BO-82Tapyta/BO-82TAPYTA_20250415_200202.wav
3891	1	1			0.0	8000.0		
3892	1	1			0.0	8000.0		
3893	1	1			0.0	8000.0		
3894	1	1			0.0	8000.0		
3895	1	1			0.0	8000.0		
3896	1	1			0.0	8000.0		
3897	1	1	8.0	12.0	0.0	8000.0	cluster_2	BO-82Tapyta/BO-82TAPYTA_20250502_190702.wav
3898	1	1	20.0	24.0	0.0	8000.0	cluster_2	BO-82Tapyta/BO-82TAPYTA_20250427_003202.wav
3899	1	1			0.0	8000.0		
3900	1	1			0.0	8000.0		
3901	1	1			0.0	8000.0		
3902	1	1	38.0	42.0	0.0	8000.0	cluster_2	BO-81Tapyta/BO-81TAPYTA_20250416_041702.wav
3903	1	1			0.0	8000.0		
3904	1	1	34.0	38.0	0.0	8000.0	cluster_2	BO-82Tapyta/BO-82TAPYTA_20250417_232002.wav
3905	1	1			0.0	8000.0		
3906	1	1			0.0	8000.0		
3907	1	1	40.0	44.0	0.0	8000.0	cluster_2	BO-82Tapyta/BO-82TAPYTA_20250416_031602.wav
3908	1	1			0.0	8000.0		
3909	1	1			0.0	8000.0		
3910	1	1			0.0	8000.0		
3911	1	1			0.0	8000.0		
3912	1	1			0.0	8000.0		
3913	1	1			0.0	8000.0		
3914	1	1			0.0	8000.0		
3915	1	1	0.0	4.0	0.0	8000.0	cluster_2	BO-82Tapyta/BO-82TAPYTA_20250412_032202.wav
3916	1	1			0.0	8000.0		
3917	1	1			0.0	8000.0		
3918	1	1			0.0	8000.0		
3919	1	1			0.0	8000.0		
3920	1	1	30.0	34.0	0.0	8000.0	cluster_2	BO-82Tapyta/BO-82TAPYTA_20250418_032502.wav
3921	1	1	20.0	24.0	0.0	8000.0	cluster_2	BO-81Tapyta/BO-81TAPYTA_20250412_004602.wav
3922	1	1			0.0	8000.0		
3923	1	1	18.0	22.0	0.0	8000.0	cluster_2	BO-82Tapyta/BO-82TAPYTA_20250416_001202.wav
3924	1	1			0.0	8000.0		
3925	1	1	2.0	6.0	0.0	8000.0	cluster_2	BO-82Tapyta/BO-82TAPYTA_20250427_021602.wav
3926	1	1			0.0	8000.0		
3927	1	1			0.0	8000.0		
3928	1	1			0.0	8000.0		
3929	1	1			0.0	8000.0		
3930	1	1			0.0	8000.0		
3931	1	1			0.0	8000.0		
3932	1	1			0.0	8000.0		
3933	1	1			0.0	8000.0		
3934	1	1			0.0	8000.0		
3935	1	1	20.0	24.0	0.0	8000.0	cluster_2	BO-82Tapyta/BO-82TAPYTA_20250416_233502.wav
3936	1	1			0.0	8000.0		
3937	1	1	34.0	38.0	0.0	8000.0	cluster_2	BO-81Tapyta/BO-81TAPYTA_20250411_223702.wav
3938	1	1			0.0	8000.0		
3939	1	1			0.0	8000.0		
3940	1	1			0.0	8000.0		
3941	1	1	6.0	10.0	0.0	8000.0	cluster_2	BO-82Tapyta/BO-82TAPYTA_20250424_231302.wav
3942	1	1			0.0	8000.0		
3943	1	1	20.0	24.0	0.0	8000.0	cluster_2	BO-82Tapyta/BO-82TAPYTA_20250418_050602.wav
3944	1	1			0.0	8000.0		
3945	1	1			0.0	8000.0		
3946	1	1			0.0	8000.0		
3947	1	1	50.0	54.0	0.0	8000.0	cluster_2	BO-82Tapyta/BO-82TAPYTA_20250410_191402.wav
3948	1	1			0.0	8000.0		
3949	1	1	20.0	24.0	0.0	8000.0	cluster_2	BO-81Tapyta/BO-81TAPYTA_20250416_022702.wav
3950	1	1			0.0	8000.0		
3951	1	1			0.0	8000.0		
3952	1	1			0.0	8000.0		
3953	1	1	50.0	54.0	0.0	8000.0	cluster_2	BO-82Tapyta/BO-82TAPYTA_20250417_021102.wav
3954	1	1			0.0	8000.0		
3955	1	1			0.0	8000.0		
3956	1	1	38.0	42.0	0.0	8000.0	cluster_2	BO-82Tapyta/BO-82TAPYTA_20250427_001802.wav
3957	1	1			0.0	8000.0		
3958	1	1	34.0	38.0	0.0	8000.0	cluster_2	BO-82Tapyta/BO-82TAPYTA_20250417_210302.wav
3959	1	1	12.0	16.0	0.0	8000.0	cluster_2	BO-82Tapyta/BO-82TAPYTA_20250424_230002.wav
3960	1	1			0.0	8000.0		
3961	1	1	48.0	52.0	0.0	8000.0	cluster_2	BO-81Tapyta/BO-81TAPYTA_20250411_204402.wav
3962	1	1			0.0	8000.0		
3963	1	1			0.0	8000.0		
3964	1	1			0.0	8000.0		
3965	1	1			0.0	8000.0		
3966	1	1			0.0	8000.0		
3967	1	1			0.0	8000.0		
3968	1	1			0.0	8000.0		
3969	1	1			0.0	8000.0		
3970	1	1			0.0	8000.0		
3971	1	1	0.0	4.0	0.0	8000.0	cluster_2	BO-81Tapyta/BO-81TAPYTA_20250415_202002.wav
3972	1	1	32.0	36.0	0.0	8000.0	cluster_2	BO-82Tapyta/BO-82TAPYTA_20250426_020302.wav
3973	1	1			0.0	8000.0		
3974	1	1	18.0	22.0	0.0	8000.0	cluster_2	BO-81Tapyta/BO-81TAPYTA_20250416_011302.wav
3975	1	1			0.0	8000.0		
3976	1	1			0.0	8000.0		
3977	1	1			0.0	8000.0		
3978	1	1			0.0	8000.0		
3979	1	1			0.0	8000.0		
3980	1	1	28.0	32.0	0.0	8000.0	cluster_2	BO-81Tapyta/BO-81TAPYTA_20250415_214702.wav
3981	1	1			0.0	8000.0		
3982	1	1	12.0	16.0	0.0	8000.0	cluster_2	BO-82Tapyta/BO-82TAPYTA_20250425_214802.wav
3983	1	1	10.0	14.0	0.0	8000.0	cluster_2	BO-82Tapyta/BO-82TAPYTA_20250417_205102.wav
3984	1	1			0.0	8000.0		
3985	1	1			0.0	8000.0		
3986	1	1			0.0	8000.0		
3987	1	1			0.0	8000.0		
3988	1	1			0.0	8000.0		
3989	1	1			0.0	8000.0		
3990	1	1			0.0	8000.0		
3991	1	1			0.0	8000.0		
3992	1	1			0.0	8000.0		
3993	1	1			0.0	8000.0		
3994	1	1			0.0	8000.0		
3995	1	1	40.0	44.0	0.0	8000.0	cluster_2	BO-82Tapyta/BO-82TAPYTA_20250419_231202.wav
3996	1	1			0.0	8000.0		
3997	1	1			0.0	8000.0		
3998	1	1			0.0	8000.0		
3999	1	1			0.0	8000.0		
4000	1	1			0.0	8000.0		
4001	1	1			0.0	8000.0		
4002	1	1			0.0	8000.0		
4003	1	1			0.0	8000.0		
4004	1	1			0.0	8000.0		
4005	1	1			0.0	8000.0		
4006	1	1			0.0	8000.0		
4007	1	1			0.0	8000.0		
4008	1	1			0.0	8000.0		
4009	1	1			0.0	8000.0		
4010	1	1			0.0	8000.0		
4011	1	1			0.0	8000.0		
4012	1	1	2.0	6.0	0.0	8000.0	cluster_2	BO-82Tapyta/BO-82TAPYTA_20250417_003402.wav
4013	1	1	10.0	14.0	0.0	8000.0	cluster_2	BO-82Tapyta/BO-82TAPYTA_20250413_214002.wav
4014	1	1			0.0	8000.0		
4015	1	1			0.0	8000.0		
4016	1	1			0.0	8000.0		
4017	1	1			0.0	8000.0		
4018	1	1			0.0	8000.0		
4019	1	1	32.0	36.0	0.0	8000.0	cluster_2	BO-82Tapyta/BO-82TAPYTA_20250426_005902.wav
4020	1	1	0.0	4.0	0.0	8000.0	cluster_2	BO-82Tapyta/BO-82TAPYTA_20250416_032202.wav
4021	1	1			0.0	8000.0		
4022	1	1			0.0	8000.0		
4023	1	1			0.0	8000.0		
4024	1	1			0.0	8000.0		
4025	1	1	0.0	4.0	0.0	8000.0	cluster_2	BO-82Tapyta/BO-82TAPYTA_20250427_223702.wav
4026	1	1			0.0	8000.0		
4027	1	1			0.0	8000.0		
4028	1	1			0.0	8000.0		
4029	1	1			0.0	8000.0		
4030	1	1			0.0	8000.0		
4031	1	1			0.0	8000.0		
4032	1	1			0.0	8000.0		
4033	1	1			0.0	8000.0		
4034	1	1			0.0	8000.0		
4035	1	1			0.0	8000.0		
4036	1	1			0.0	8000.0		
4037	1	1	24.0	28.0	0.0	8000.0	cluster_2	BO-82Tapyta/BO-82TAPYTA_20250417_192302.wav
4038	1	1			0.0	8000.0		
4039	1	1			0.0	8000.0		
4040	1	1			0.0	8000.0		
4041	1	1			0.0	8000.0		
4042	1	1			0.0	8000.0		
4043	1	1			0.0	8000.0		
4044	1	1			0.0	8000.0		
4045	1	1			0.0	8000.0		
4046	1	1			0.0	8000.0		
4047	1	1			0.0	8000.0		
4048	1	1			0.0	8000.0		
4049	1	1	50.0	54.0	0.0	8000.0	cluster_2	BO-82Tapyta/BO-82TAPYTA_20250418_010502.wav
4050	1	1			0.0	8000.0		
4051	1	1			0.0	8000.0		
4052	1	1	10.0	14.0	0.0	8000.0	cluster_2	BO-82Tapyta/BO-82TAPYTA_20250418_042302.wav
4053	1	1			0.0	8000.0		
4054	1	1	24.0	28.0	0.0	8000.0	cluster_2	BO-81Tapyta/BO-81TAPYTA_20250411_211602.wav
4055	1	1			0.0	8000.0		
4056	1	1	16.0	20.0	0.0	8000.0	cluster_2	BO-82Tapyta/BO-82TAPYTA_20250412_011802.wav
4057	1	1	14.0	18.0	0.0	8000.0	cluster_2	BO-82Tapyta/BO-82TAPYTA_20250413_010302.wav
4058	1	1			0.0	8000.0		
4059	1	1	20.0	24.0	0.0	8000.0	cluster_2	BO-82Tapyta/BO-82TAPYTA_20250427_223602.wav
4060	1	1			0.0	8000.0		
4061	1	1			0.0	8000.0		
4062	1	1	36.0	40.0	0.0	8000.0	cluster_2	BO-82Tapyta/BO-82TAPYTA_20250426_191802.wav
4063	1	1	42.0	46.0	0.0	8000.0	cluster_2	BO-81Tapyta/BO-81TAPYTA_20250411_204302.wav
4064	1	1			0.0	8000.0		
4065	1	1			0.0	8000.0		
4066	1	1	30.0	34.0	0.0	8000.0	cluster_2	BO-82Tapyta/BO-82TAPYTA_20250416_020402.wav
4067	1	1			0.0	8000.0		
4068	1	1			0.0	8000.0		
4069	1	1			0.0	8000.0		
4070	1	1			0.0	8000.0		
4071	1	1			0.0	8000.0		
4072	1	1	36.0	40.0	0.0	8000.0	cluster_2	BO-82Tapyta/BO-82TAPYTA_20250412_031402.wav
4073	1	1			0.0	8000.0		
4074	1	1			0.0	8000.0		
4075	1	1			0.0	8000.0		
4076	1	1			0.0	8000.0		
4077	1	1			0.0	8000.0		
4078	1	1			0.0	8000.0		
4079	1	1	32.0	36.0	0.0	8000.0	cluster_2	BO-82Tapyta/BO-82TAPYTA_20250426_014502.wav
4080	1	1			0.0	8000.0		
4081	1	1	10.0	14.0	0.0	8000.0	cluster_2	BO-82Tapyta/BO-82TAPYTA_20250413_213402.wav
4082	1	1			0.0	8000.0		
4083	1	1			0.0	8000.0		
4084	1	1			0.0	8000.0		
4085	1	1			0.0	8000.0		
4086	1	1			0.0	8000.0		
4087	1	1			0.0	8000.0		
4088	1	1			0.0	8000.0		
4089	1	1	38.0	42.0	0.0	8000.0	cluster_2	BO-82Tapyta/BO-82TAPYTA_20250417_010302.wav
4090	1	1			0.0	8000.0		
4091	1	1	16.0	20.0	0.0	8000.0	cluster_2	BO-82Tapyta/BO-82TAPYTA_20250426_225602.wav
4092	1	1			0.0	8000.0		
4093	1	1			0.0	8000.0		
4094	1	1			0.0	8000.0		
4095	1	1			0.0	8000.0		
4096	1	1			0.0	8000.0		
4097	1	1			0.0	8000.0		
4098	1	1	16.0	20.0	0.0	8000.0	cluster_2	BO-82Tapyta/BO-82TAPYTA_20250426_205302.wav
4099	1	1			0.0	8000.0		
4100	1	1			0.0	8000.0		
4101	1	1			0.0	8000.0		
4102	1	1			0.0	8000.0		
4103	1	1			0.0	8000.0		
4104	1	1	14.0	18.0	0.0	8000.0	cluster_2	BO-82Tapyta/BO-82TAPYTA_20250502_202002.wav
4105	1	1			0.0	8000.0		
4106	1	1			0.0	8000.0		
4107	1	1	16.0	20.0	0.0	8000.0	cluster_2	BO-81Tapyta/BO-81TAPYTA_20250413_222902.wav
4108	1	1			0.0	8000.0		
4109	1	1			0.0	8000.0		
4110	1	1			0.0	8000.0		
4111	1	1			0.0	8000.0		
4112	1	1	46.0	50.0	0.0	8000.0	cluster_2	BO-82Tapyta/BO-82TAPYTA_20250417_021702.wav
4113	1	1			0.0	8000.0		
4114	1	1			0.0	8000.0		
4115	1	1			0.0	8000.0		
4116	1	1	42.0	46.0	0.0	8000.0	cluster_2	BO-82Tapyta/BO-82TAPYTA_20250413_212502.wav
4117	1	1			0.0	8000.0		
4118	1	1	38.0	42.0	0.0	8000.0	cluster_2	BO-82Tapyta/BO-82TAPYTA_20250418_033702.wav
4119	1	1	2.0	6.0	0.0	8000.0	cluster_2	BO-82Tapyta/BO-82TAPYTA_20250418_031502.wav
4120	1	1	40.0	44.0	0.0	8000.0	cluster_2	BO-82Tapyta/BO-82TAPYTA_20250411_230902.wav
4121	1	1			0.0	8000.0		
4122	1	1			0.0	8000.0		
4123	1	1			0.0	8000.0		
4124	1	1			0.0	8000.0		
4125	1	1			0.0	8000.0		
4126	1	1			0.0	8000.0		
4127	1	1	52.0	56.0	0.0	8000.0	cluster_2	BO-82Tapyta/BO-82TAPYTA_20250417_204102.wav
4128	1	1	18.0	22.0	0.0	8000.0	cluster_2	BO-82Tapyta/BO-82TAPYTA_20250417_195102.wav
4129	1	1			0.0	8000.0		
4130	1	1			0.0	8000.0		
4131	1	1			0.0	8000.0		
4132	1	1			0.0	8000.0		
4133	1	1	4.0	8.0	0.0	8000.0	cluster_2	BO-81Tapyta/BO-81TAPYTA_20250416_004202.wav
4134	1	1	36.0	40.0	0.0	8000.0	cluster_2	BO-82Tapyta/BO-82TAPYTA_20250418_053602.wav
4135	1	1			0.0	8000.0		
4136	1	1			0.0	8000.0		
4137	1	1			0.0	8000.0		
4138	1	1			0.0	8000.0		
4139	1	1	52.0	56.0	0.0	8000.0	cluster_2	BO-82Tapyta/BO-82TAPYTA_20250501_184902.wav
4140	1	1	32.0	36.0	0.0	8000.0	cluster_2	BO-81Tapyta/BO-81TAPYTA_20250411_235602.wav
4141	1	1	32.0	36.0	0.0	8000.0	cluster_2	BO-82Tapyta/BO-82TAPYTA_20250411_185702.wav
4142	1	1			0.0	8000.0		
4143	1	1			0.0	8000.0		
4144	1	1			0.0	8000.0		
4145	1	1	32.0	36.0	0.0	8000.0	cluster_2	BO-82Tapyta/BO-82TAPYTA_20250417_021902.wav
4146	1	1			0.0	8000.0		
4147	1	1			0.0	8000.0		
4148	1	1			0.0	8000.0		
4149	1	1	22.0	26.0	0.0	8000.0	cluster_2	BO-82Tapyta/BO-82TAPYTA_20250427_000902.wav
4150	1	1			0.0	8000.0		
4151	1	1	42.0	46.0	0.0	8000.0	cluster_2	BO-82Tapyta/BO-82TAPYTA_20250412_032902.wav
4152	1	1			0.0	8000.0		
4153	1	1			0.0	8000.0		
4154	1	1			0.0	8000.0		
4155	1	1			0.0	8000.0		
4156	1	1			0.0	8000.0		
4157	1	1			0.0	8000.0		
4158	1	1	30.0	34.0	0.0	8000.0	cluster_2	BO-82Tapyta/BO-82TAPYTA_20250413_220602.wav
4159	1	1			0.0	8000.0		
4160	1	1			0.0	8000.0		
4161	1	1			0.0	8000.0		
4162	1	1	36.0	40.0	0.0	8000.0	cluster_2	BO-82Tapyta/BO-82TAPYTA_20250412_051102.wav
4163	1	1			0.0	8000.0		
4164	1	1			0.0	8000.0		
4165	1	1			0.0	8000.0		
4166	1	1			0.0	8000.0		
4167	1	1			0.0	8000.0		
4168	1	1	2.0	6.0	0.0	8000.0	cluster_2	BO-82Tapyta/BO-82TAPYTA_20250417_193802.wav
4169	1	1	40.0	44.0	0.0	8000.0	cluster_2	BO-82Tapyta/BO-82TAPYTA_20250416_043102.wav
4170	1	1	32.0	36.0	0.0	8000.0	cluster_2	BO-82Tapyta/BO-82TAPYTA_20250425_211102.wav
4171	1	1	52.0	56.0	0.0	8000.0	cluster_2	BO-82Tapyta/BO-82TAPYTA_20250425_005002.wav
4172	1	1	48.0	52.0	0.0	8000.0	cluster_2	BO-82Tapyta/BO-82TAPYTA_20250426_050502.wav
4173	1	1			0.0	8000.0		
4174	1	1			0.0	8000.0		
4175	1	1			0.0	8000.0		
4176	1	1			0.0	8000.0		
4177	1	1			0.0	8000.0		
4178	1	1			0.0	8000.0		
4179	1	1			0.0	8000.0		
4180	1	1			0.0	8000.0		
4181	1	1			0.0	8000.0		
4182	1	1	4.0	8.0	0.0	8000.0	cluster_2	BO-82Tapyta/BO-82TAPYTA_20250413_221302.wav
4183	1	1	14.0	18.0	0.0	8000.0	cluster_2	BO-82Tapyta/BO-82TAPYTA_20250425_194502.wav
4184	1	1			0.0	8000.0		
4185	1	1			0.0	8000.0		
4186	1	1	52.0	56.0	0.0	8000.0	cluster_2	BO-82Tapyta/BO-82TAPYTA_20250417_222402.wav
4187	1	1			0.0	8000.0		
4188	1	1			0.0	8000.0		
4189	1	1	20.0	24.0	0.0	8000.0	cluster_2	BO-82Tapyta/BO-82TAPYTA_20250427_014002.wav
4190	1	1			0.0	8000.0		
4191	1	1			0.0	8000.0		
4192	1	1			0.0	8000.0		
4193	1	1			0.0	8000.0		
4194	1	1			0.0	8000.0		
4195	1	1	24.0	28.0	0.0	8000.0	cluster_2	BO-81Tapyta/BO-81TAPYTA_20250415_212302.wav
4196	1	1			0.0	8000.0		
4197	1	1			0.0	8000.0		
4198	1	1	46.0	50.0	0.0	8000.0	cluster_2	BO-82Tapyta/BO-82TAPYTA_20250427_054002.wav
4199	1	1			0.0	8000.0		
4200	1	1	8.0	12.0	0.0	8000.0	cluster_2	BO-82Tapyta/BO-82TAPYTA_20250424_223302.wav
4201	1	1			0.0	8000.0		
4202	1	1	0.0	4.0	0.0	8000.0	cluster_2	BO-82Tapyta/BO-82TAPYTA_20250417_021502.wav
4203	1	1			0.0	8000.0		
4204	1	1	46.0	50.0	0.0	8000.0	cluster_2	BO-82Tapyta/BO-82TAPYTA_20250412_050702.wav
4205	1	1	12.0	16.0	0.0	8000.0	cluster_2	BO-82Tapyta/BO-82TAPYTA_20250413_205702.wav
4206	1	1			0.0	8000.0		
4207	1	1			0.0	8000.0		
4208	1	1			0.0	8000.0		
4209	1	1			0.0	8000.0		
4210	1	1			0.0	8000.0		
4211	1	1			0.0	8000.0		
4212	1	1			0.0	8000.0		
4213	1	1			0.0	8000.0		
4214	1	1			0.0	8000.0		
4215	1	1			0.0	8000.0		
4216	1	1			0.0	8000.0		
4217	1	1			0.0	8000.0		
4218	1	1			0.0	8000.0		
4219	1	1			0.0	8000.0		
4220	1	1	42.0	46.0	0.0	8000.0	cluster_2	BO-82Tapyta/BO-82TAPYTA_20250427_031402.wav
4221	1	1			0.0	8000.0		
4222	1	1			0.0	8000.0		
4223	1	1			0.0	8000.0		
4224	1	1			0.0	8000.0		
4225	1	1			0.0	8000.0		
4226	1	1			0.0	8000.0		
4227	1	1			0.0	8000.0		
4228	1	1			0.0	8000.0		
4229	1	1			0.0	8000.0		
4230	1	1	42.0	46.0	0.0	8000.0	cluster_2	BO-82Tapyta/BO-82TAPYTA_20250424_214402.wav
4231	1	1			0.0	8000.0		
4232	1	1			0.0	8000.0		
4233	1	1	30.0	34.0	0.0	8000.0	cluster_2	BO-81Tapyta/BO-81TAPYTA_20250414_205902.wav
4234	1	1	6.0	10.0	0.0	8000.0	cluster_2	BO-82Tapyta/BO-82TAPYTA_20250424_230502.wav
4235	1	1			0.0	8000.0		
4236	1	1			0.0	8000.0		
4237	1	1			0.0	8000.0		
4238	1	1			0.0	8000.0		
4239	1	1	40.0	44.0	0.0	8000.0	cluster_2	BO-82Tapyta/BO-82TAPYTA_20250414_205102.wav
4240	1	1			0.0	8000.0		
4241	1	1	28.0	32.0	0.0	8000.0	cluster_2	BO-82Tapyta/BO-82TAPYTA_20250417_002902.wav
4242	1	1			0.0	8000.0		
4243	1	1	12.0	16.0	0.0	8000.0	cluster_2	BO-82Tapyta/BO-82TAPYTA_20250425_211302.wav
4244	1	1			0.0	8000.0		
4245	1	1			0.0	8000.0		
4246	1	1			0.0	8000.0		
4247	1	1			0.0	8000.0		
4248	1	1			0.0	8000.0		
4249	1	1			0.0	8000.0		
4250	1	1			0.0	8000.0		
4251	1	1			0.0	8000.0		
4252	1	1	52.0	56.0	0.0	8000.0	cluster_2	BO-81Tapyta/BO-81TAPYTA_20250415_194602.wav
4253	1	1			0.0	8000.0		
4254	1	1			0.0	8000.0		
4255	1	1			0.0	8000.0		
4256	1	1			0.0	8000.0		
4257	1	1			0.0	8000.0		
4258	1	1	46.0	50.0	0.0	8000.0	cluster_2	BO-81Tapyta/BO-81TAPYTA_20250416_025802.wav
4259	1	1			0.0	8000.0		
4260	1	1	28.0	32.0	0.0	8000.0	cluster_2	BO-82Tapyta/BO-82TAPYTA_20250417_224802.wav
4261	1	1			0.0	8000.0		
4262	1	1			0.0	8000.0		
4263	1	1			0.0	8000.0		
4264	1	1			0.0	8000.0		
4265	1	1			0.0	8000.0		
4266	1	1			0.0	8000.0		
4267	1	1			0.0	8000.0		
4268	1	1			0.0	8000.0		
4269	1	1			0.0	8000.0		
4270	1	1			0.0	8000.0		
4271	1	1			0.0	8000.0		
4272	1	1			0.0	8000.0		
4273	1	1	14.0	18.0	0.0	8000.0	cluster_2	BO-82Tapyta/BO-82TAPYTA_20250424_215902.wav
4274	1	1			0.0	8000.0		
4275	1	1	24.0	28.0	0.0	8000.0	cluster_2	BO-82Tapyta/BO-82TAPYTA_20250416_195202.wav
4276	1	1			0.0	8000.0		
4277	1	1	48.0	52.0	0.0	8000.0	cluster_2	BO-82Tapyta/BO-82TAPYTA_20250419_235202.wav
4278	1	1			0.0	8000.0		
4279	1	1			0.0	8000.0		
4280	1	1			0.0	8000.0		
4281	1	1			0.0	8000.0		
4282	1	1			0.0	8000.0		
4283	1	1			0.0	8000.0		
4284	1	1			0.0	8000.0		
4285	1	1	2.0	6.0	0.0	8000.0	cluster_2	BO-82Tapyta/BO-82TAPYTA_20250416_014102.wav
4286	1	1			0.0	8000.0		
4287	1	1			0.0	8000.0		
4288	1	1	48.0	52.0	0.0	8000.0	cluster_2	BO-82Tapyta/BO-82TAPYTA_20250426_215002.wav
4289	1	1			0.0	8000.0		
4290	1	1	4.0	8.0	0.0	8000.0	cluster_2	BO-82Tapyta/BO-82TAPYTA_20250424_202902.wav
4291	1	1			0.0	8000.0		
4292	1	1			0.0	8000.0		
4293	1	1			0.0	8000.0		
4294	1	1	8.0	12.0	0.0	8000.0	cluster_2	BO-81Tapyta/BO-81TAPYTA_20250412_013902.wav
4295	1	1			0.0	8000.0		
4296	1	1			0.0	8000.0		
4297	1	1			0.0	8000.0		
4298	1	1	42.0	46.0	0.0	8000.0	cluster_2	BO-82Tapyta/BO-82TAPYTA_20250411_192202.wav
4299	1	1			0.0	8000.0		
4300	1	1			0.0	8000.0		
4301	1	1			0.0	8000.0		
4302	1	1			0.0	8000.0		
4303	1	1	2.0	6.0	0.0	8000.0	cluster_2	BO-82Tapyta/BO-82TAPYTA_20250416_201802.wav
4304	1	1	34.0	38.0	0.0	8000.0	cluster_2	BO-82Tapyta/BO-82TAPYTA_20250417_000002.wav
4305	1	1			0.0	8000.0		
4306	1	1			0.0	8000.0		
4307	1	1	32.0	36.0	0.0	8000.0	cluster_2	BO-82Tapyta/BO-82TAPYTA_20250415_203002.wav
4308	1	1			0.0	8000.0		
4309	1	1			0.0	8000.0		
4310	1	1			0.0	8000.0		
4311	1	1			0.0	8000.0		
4312	1	1			0.0	8000.0		
4313	1	1	24.0	28.0	0.0	8000.0	cluster_2	BO-82Tapyta/BO-82TAPYTA_20250426_011702.wav
4314	1	1			0.0	8000.0		
4315	1	1			0.0	8000.0		
4316	1	1			0.0	8000.0		
4317	1	1	42.0	46.0	0.0	8000.0	cluster_2	BO-82Tapyta/BO-82TAPYTA_20250411_223702.wav
4318	1	1			0.0	8000.0		
4319	1	1	20.0	24.0	0.0	8000.0	cluster_2	BO-82Tapyta/BO-82TAPYTA_20250426_193202.wav
4320	1	1			0.0	8000.0		
4321	1	1	40.0	44.0	0.0	8000.0	cluster_2	BO-82Tapyta/BO-82TAPYTA_20250425_003102.wav
4322	1	1			0.0	8000.0		
4323	1	1			0.0	8000.0		
4324	1	1	12.0	16.0	0.0	8000.0	cluster_2	BO-82Tapyta/BO-82TAPYTA_20250416_225402.wav
4325	1	1	12.0	16.0	0.0	8000.0	cluster_2	BO-82Tapyta/BO-82TAPYTA_20250424_214902.wav
4326	1	1			0.0	8000.0		
4327	1	1			0.0	8000.0		
4328	1	1			0.0	8000.0		
4329	1	1			0.0	8000.0		
4330	1	1			0.0	8000.0		
4331	1	1			0.0	8000.0		
4332	1	1	12.0	16.0	0.0	8000.0	cluster_2	BO-82Tapyta/BO-82TAPYTA_20250502_224602.wav
4333	1	1			0.0	8000.0		
4334	1	1			0.0	8000.0		
4335	1	1	14.0	18.0	0.0	8000.0	cluster_2	BO-82Tapyta/BO-82TAPYTA_20250418_033002.wav
4336	1	1			0.0	8000.0		
4337	1	1			0.0	8000.0		
4338	1	1	34.0	38.0	0.0	8000.0	cluster_2	BO-81Tapyta/BO-81TAPYTA_20250416_012702.wav
4339	1	1			0.0	8000.0		
4340	1	1			0.0	8000.0		
4341	1	1	42.0	46.0	0.0	8000.0	cluster_2	BO-82Tapyta/BO-82TAPYTA_20250417_044802.wav
4342	1	1	14.0	18.0	0.0	8000.0	cluster_2	BO-82Tapyta/BO-82TAPYTA_20250413_220102.wav
4343	1	1	26.0	30.0	0.0	8000.0	cluster_2	BO-82Tapyta/BO-82TAPYTA_20250415_211102.wav
4344	1	1			0.0	8000.0		
4345	1	1			0.0	8000.0		
4346	1	1			0.0	8000.0		
4347	1	1			0.0	8000.0		
4348	1	1	22.0	26.0	0.0	8000.0	cluster_2	BO-82Tapyta/BO-82TAPYTA_20250424_215402.wav
4349	1	1			0.0	8000.0		
4350	1	1	4.0	8.0	0.0	8000.0	cluster_2	BO-82Tapyta/BO-82TAPYTA_20250424_201902.wav
4351	1	1			0.0	8000.0		
4352	1	1	34.0	38.0	0.0	8000.0	cluster_2	BO-82Tapyta/BO-82TAPYTA_20250412_015002.wav
4353	1	1			0.0	8000.0		
4354	1	1	2.0	6.0	0.0	8000.0	cluster_2	BO-82Tapyta/BO-82TAPYTA_20250412_035202.wav
4355	1	1			0.0	8000.0		
4356	1	1			0.0	8000.0		
4357	1	1	10.0	14.0	0.0	8000.0	cluster_2	BO-82Tapyta/BO-82TAPYTA_20250417_033502.wav
4358	1	1	30.0	34.0	0.0	8000.0	cluster_2	BO-82Tapyta/BO-82TAPYTA_20250416_053502.wav
4359	1	1			0.0	8000.0		
4360	1	1			0.0	8000.0		
4361	1	1			0.0	8000.0		
4362	1	1			0.0	8000.0		
4363	1	1			0.0	8000.0		
4364	1	1			0.0	8000.0		
4365	1	1	48.0	52.0	0.0	8000.0	cluster_2	BO-82Tapyta/BO-82TAPYTA_20250417_205402.wav
4366	1	1	4.0	8.0	0.0	8000.0	cluster_2	BO-82Tapyta/BO-82TAPYTA_20250413_203602.wav
4367	1	1			0.0	8000.0		
4368	1	1	10.0	14.0	0.0	8000.0	cluster_2	BO-82Tapyta/BO-82TAPYTA_20250423_223502.wav
4369	1	1			0.0	8000.0		
4370	1	1			0.0	8000.0		
4371	1	1	34.0	38.0	0.0	8000.0	cluster_2	BO-82Tapyta/BO-82TAPYTA_20250426_232902.wav
4372	1	1	18.0	22.0	0.0	8000.0	cluster_2	BO-81Tapyta/BO-81TAPYTA_20250416_013902.wav
4373	1	1			0.0	8000.0		
4374	1	1	48.0	52.0	0.0	8000.0	cluster_2	BO-82Tapyta/BO-82TAPYTA_20250426_005502.wav
4375	1	1	12.0	16.0	0.0	8000.0	cluster_2	BO-82Tapyta/BO-82TAPYTA_20250412_005702.wav
4376	1	1	6.0	10.0	0.0	8000.0	cluster_2	BO-82Tapyta/BO-82TAPYTA_20250425_001402.wav
4377	1	1	22.0	26.0	0.0	8000.0	cluster_2	BO-82Tapyta/BO-82TAPYTA_20250411_232702.wav
4378	1	1			0.0	8000.0		
4379	1	1	16.0	20.0	0.0	8000.0	cluster_2	BO-82Tapyta/BO-82TAPYTA_20250426_015702.wav
4380	1	1			0.0	8000.0		
4381	1	1			0.0	8000.0		
4382	1	1			0.0	8000.0		
4383	1	1			0.0	8000.0		
4384	1	1	16.0	20.0	0.0	8000.0	cluster_2	BO-82Tapyta/BO-82TAPYTA_20250416_021002.wav
4385	1	1			0.0	8000.0		
4386	1	1			0.0	8000.0		
4387	1	1	20.0	24.0	0.0	8000.0	cluster_2	BO-82Tapyta/BO-82TAPYTA_20250418_043102.wav
4388	1	1			0.0	8000.0		
4389	1	1			0.0	8000.0		
4390	1	1			0.0	8000.0		
4391	1	1	6.0	10.0	0.0	8000.0	cluster_2	BO-82Tapyta/BO-82TAPYTA_20250426_224902.wav
4392	1	1	44.0	48.0	0.0	8000.0	cluster_2	BO-82Tapyta/BO-82TAPYTA_20250501_193002.wav
4393	1	1			0.0	8000.0		
4394	1	1			0.0	8000.0		
4395	1	1			0.0	8000.0		
4396	1	1			0.0	8000.0		
4397	1	1			0.0	8000.0		
4398	1	1	50.0	54.0	0.0	8000.0	cluster_2	BO-81Tapyta/BO-81TAPYTA_20250413_211302.wav
4399	1	1			0.0	8000.0		
4400	1	1			0.0	8000.0		
4401	1	1			0.0	8000.0		
4402	1	1	20.0	24.0	0.0	8000.0	cluster_2	BO-81Tapyta/BO-81TAPYTA_20250415_211902.wav
4403	1	1			0.0	8000.0		
4404	1	1			0.0	8000.0		
4405	1	1	38.0	42.0	0.0	8000.0	cluster_2	BO-82Tapyta/BO-82TAPYTA_20250417_214002.wav
4406	1	1			0.0	8000.0		
4407	1	1			0.0	8000.0		
4408	1	1			0.0	8000.0		
4409	1	1	28.0	32.0	0.0	8000.0	cluster_2	BO-82Tapyta/BO-82TAPYTA_20250426_051702.wav
4410	1	1			0.0	8000.0		
4411	1	1			0.0	8000.0		
4412	1	1			0.0	8000.0		
4413	1	1			0.0	8000.0		
4414	1	1			0.0	8000.0		
4415	1	1			0.0	8000.0		
4416	1	1			0.0	8000.0		
4417	1	1			0.0	8000.0		
4418	1	1			0.0	8000.0		
4419	1	1	52.0	56.0	0.0	8000.0	cluster_2	BO-82Tapyta/BO-82TAPYTA_20250418_000402.wav
4420	1	1	8.0	12.0	0.0	8000.0	cluster_2	BO-82Tapyta/BO-82TAPYTA_20250425_021602.wav
4421	1	1	28.0	32.0	0.0	8000.0	cluster_2	BO-82Tapyta/BO-82TAPYTA_20250418_031302.wav
4422	1	1			0.0	8000.0		
4423	1	1			0.0	8000.0		
4424	1	1			0.0	8000.0		
4425	1	1	32.0	36.0	0.0	8000.0	cluster_2	BO-82Tapyta/BO-82TAPYTA_20250426_000502.wav
4426	1	1	18.0	22.0	0.0	8000.0	cluster_2	BO-82Tapyta/BO-82TAPYTA_20250417_210402.wav
4427	1	1			0.0	8000.0		
4428	1	1			0.0	8000.0		
4429	1	1			0.0	8000.0		
4430	1	1			0.0	8000.0		
4431	1	1			0.0	8000.0		
4432	1	1			0.0	8000.0		
4433	1	1			0.0	8000.0		
4434	1	1	4.0	8.0	0.0	8000.0	cluster_2	BO-82Tapyta/BO-82TAPYTA_20250423_213502.wav
4435	1	1			0.0	8000.0		
4436	1	1			0.0	8000.0		
4437	1	1			0.0	8000.0		
4438	1	1			0.0	8000.0		
4439	1	1			0.0	8000.0		
4440	1	1			0.0	8000.0		
4441	1	1			0.0	8000.0		
4442	1	1	20.0	24.0	0.0	8000.0	cluster_2	BO-82Tapyta/BO-82TAPYTA_20250412_042802.wav
4443	1	1			0.0	8000.0		
4444	1	1			0.0	8000.0		
4445	1	1			0.0	8000.0		
4446	1	1			0.0	8000.0		
4447	1	1			0.0	8000.0		
4448	1	1			0.0	8000.0		
4449	1	1			0.0	8000.0		
4450	1	1			0.0	8000.0		
4451	1	1			0.0	8000.0		
4452	1	1			0.0	8000.0		
4453	1	1	38.0	42.0	0.0	8000.0	cluster_2	BO-81Tapyta/BO-81TAPYTA_20250416_005502.wav
4454	1	1			0.0	8000.0		
4455	1	1			0.0	8000.0		
4456	1	1			0.0	8000.0		
4457	1	1			0.0	8000.0		
4458	1	1			0.0	8000.0		
4459	1	1			0.0	8000.0		
4460	1	1			0.0	8000.0		
4461	1	1	8.0	12.0	0.0	8000.0	cluster_2	BO-82Tapyta/BO-82TAPYTA_20250416_045302.wav
4462	1	1			0.0	8000.0		
4463	1	1	18.0	22.0	0.0	8000.0	cluster_2	BO-82Tapyta/BO-82TAPYTA_20250416_202302.wav
4464	1	1	34.0	38.0	0.0	8000.0	cluster_2	BO-82Tapyta/BO-82TAPYTA_20250426_043402.wav
4465	1	1			0.0	8000.0		
4466	1	1			0.0	8000.0		
4467	1	1	4.0	8.0	0.0	8000.0	cluster_2	BO-82Tapyta/BO-82TAPYTA_20250413_200402.wav
4468	1	1	0.0	4.0	0.0	8000.0	cluster_2	BO-81Tapyta/BO-81TAPYTA_20250415_213302.wav
4469	1	1			0.0	8000.0		
4470	1	1			0.0	8000.0		
4471	1	1			0.0	8000.0		
4472	1	1			0.0	8000.0		
4473	1	1			0.0	8000.0		
4474	1	1			0.0	8000.0		
4475	1	1	2.0	6.0	0.0	8000.0	cluster_2	BO-82Tapyta/BO-82TAPYTA_20250415_201002.wav
4476	1	1			0.0	8000.0		
4477	1	1			0.0	8000.0		
4478	1	1			0.0	8000.0		
4479	1	1	32.0	36.0	0.0	8000.0	cluster_2	BO-82Tapyta/BO-82TAPYTA_20250425_222102.wav
4480	1	1			0.0	8000.0		
4481	1	1	2.0	6.0	0.0	8000.0	cluster_2	BO-81Tapyta/BO-81TAPYTA_20250413_203502.wav
4482	1	1			0.0	8000.0		
4483	1	1			0.0	8000.0		
4484	1	1			0.0	8000.0		
4485	1	1			0.0	8000.0		
4486	1	1			0.0	8000.0		
4487	1	1			0.0	8000.0		
4488	1	1			0.0	8000.0		
4489	1	1			0.0	8000.0		
4490	1	1			0.0	8000.0		
4491	1	1	18.0	22.0	0.0	8000.0	cluster_2	BO-82Tapyta/BO-82TAPYTA_20250427_193002.wav
4492	1	1			0.0	8000.0		
4493	1	1			0.0	8000.0		
4494	1	1			0.0	8000.0		
4495	1	1	32.0	36.0	0.0	8000.0	cluster_2	BO-82Tapyta/BO-82TAPYTA_20250416_232502.wav
4496	1	1			0.0	8000.0		
4497	1	1			0.0	8000.0		
4498	1	1			0.0	8000.0		
4499	1	1			0.0	8000.0		
4500	1	1			0.0	8000.0		
4501	1	1			0.0	8000.0		
4502	1	1	0.0	4.0	0.0	8000.0	cluster_2	BO-82Tapyta/BO-82TAPYTA_20250412_034402.wav
4503	1	1			0.0	8000.0		
4504	1	1			0.0	8000.0		
4505	1	1			0.0	8000.0		
4506	1	1	30.0	34.0	0.0	8000.0	cluster_2	BO-82Tapyta/BO-82TAPYTA_20250426_020202.wav
4507	1	1			0.0	8000.0		
4508	1	1			0.0	8000.0		
4509	1	1			0.0	8000.0		
4510	1	1			0.0	8000.0		
4511	1	1			0.0	8000.0		
4512	1	1	28.0	32.0	0.0	8000.0	cluster_2	BO-82Tapyta/BO-82TAPYTA_20250424_211902.wav
4513	1	1			0.0	8000.0		
4514	1	1			0.0	8000.0		
4515	1	1	16.0	20.0	0.0	8000.0	cluster_2	BO-82Tapyta/BO-82TAPYTA_20250417_033302.wav
4516	1	1	40.0	44.0	0.0	8000.0	cluster_2	BO-82Tapyta/BO-82TAPYTA_20250427_001902.wav
4517	1	1			0.0	8000.0		
4518	1	1			0.0	8000.0		
4519	1	1			0.0	8000.0		
4520	1	1			0.0	8000.0		
4521	1	1			0.0	8000.0		
4522	1	1	30.0	34.0	0.0	8000.0	cluster_2	BO-82Tapyta/BO-82TAPYTA_20250413_210502.wav
4523	1	1			0.0	8000.0		
4524	1	1			0.0	8000.0		
4525	1	1			0.0	8000.0		
4526	1	1			0.0	8000.0		
4527	1	1	42.0	46.0	0.0	8000.0	cluster_2	BO-82Tapyta/BO-82TAPYTA_20250415_234902.wav
4528	1	1			0.0	8000.0		
4529	1	1			0.0	8000.0		
4530	1	1			0.0	8000.0		
4531	1	1	36.0	40.0	0.0	8000.0	cluster_2	BO-82Tapyta/BO-82TAPYTA_20250425_200502.wav
4532	1	1			0.0	8000.0		
4533	1	1			0.0	8000.0		
4534	1	1			0.0	8000.0		
4535	1	1			0.0	8000.0		
4536	1	1			0.0	8000.0		
4537	1	1			0.0	8000.0		
4538	1	1			0.0	8000.0		
4539	1	1			0.0	8000.0		
4540	1	1			0.0	8000.0		
4541	1	1			0.0	8000.0		
4542	1	1			0.0	8000.0		
4543	1	1			0.0	8000.0		
4544	1	1	40.0	44.0	0.0	8000.0	cluster_2	BO-82Tapyta/BO-82TAPYTA_20250417_014502.wav
4545	1	1			0.0	8000.0		
4546	1	1			0.0	8000.0		
4547	1	1			0.0	8000.0		
4548	1	1	0.0	4.0	0.0	8000.0	cluster_2	BO-81Tapyta/BO-81TAPYTA_20250416_023002.wav
4549	1	1			0.0	8000.0		
4550	1	1			0.0	8000.0		
4551	1	1			0.0	8000.0		
4552	1	1			0.0	8000.0		
4553	1	1			0.0	8000.0		
4554	1	1			0.0	8000.0		
4555	1	1			0.0	8000.0		
4556	1	1			0.0	8000.0		
4557	1	1			0.0	8000.0		
4558	1	1			0.0	8000.0		
4559	1	1			0.0	8000.0		
4560	1	1			0.0	8000.0		
4561	1	1			0.0	8000.0		
4562	1	1			0.0	8000.0		
4563	1	1			0.0	8000.0		
4564	1	1			0.0	8000.0		
4565	1	1	36.0	40.0	0.0	8000.0	cluster_2	BO-82Tapyta/BO-82TAPYTA_20250426_041802.wav
4566	1	1			0.0	8000.0		
4567	1	1			0.0	8000.0		
4568	1	1	24.0	28.0	0.0	8000.0	cluster_2	BO-82Tapyta/BO-82TAPYTA_20250414_221802.wav
4569	1	1			0.0	8000.0		
4570	1	1			0.0	8000.0		
4571	1	1			0.0	8000.0		
4572	1	1			0.0	8000.0		
4573	1	1			0.0	8000.0		
4574	1	1			0.0	8000.0		
4575	1	1	38.0	42.0	0.0	8000.0	cluster_2	BO-82Tapyta/BO-82TAPYTA_20250413_210602.wav
4576	1	1			0.0	8000.0		
4577	1	1			0.0	8000.0		
4578	1	1			0.0	8000.0		
4579	1	1			0.0	8000.0		
4580	1	1			0.0	8000.0		
4581	1	1	52.0	56.0	0.0	8000.0	cluster_2	BO-82Tapyta/BO-82TAPYTA_20250417_034202.wav
4582	1	1			0.0	8000.0		
4583	1	1	24.0	28.0	0.0	8000.0	cluster_2	BO-82Tapyta/BO-82TAPYTA_20250426_045002.wav
4584	1	1			0.0	8000.0		
4585	1	1	48.0	52.0	0.0	8000.0	cluster_2	BO-82Tapyta/BO-82TAPYTA_20250425_235402.wav
4586	1	1			0.0	8000.0		
4587	1	1			0.0	8000.0		
4588	1	1			0.0	8000.0		
4589	1	1			0.0	8000.0		
4590	1	1			0.0	8000.0		
4591	1	1			0.0	8000.0		
4592	1	1	24.0	28.0	0.0	8000.0	cluster_2	BO-82Tapyta/BO-82TAPYTA_20250414_201102.wav
4593	1	1			0.0	8000.0		
4594	1	1	24.0	28.0	0.0	8000.0	cluster_2	BO-82Tapyta/BO-82TAPYTA_20250427_224002.wav
4595	1	1	34.0	38.0	0.0	8000.0	cluster_2	BO-82Tapyta/BO-82TAPYTA_20250418_014902.wav
4596	1	1			0.0	8000.0		
4597	1	1			0.0	8000.0		
4598	1	1			0.0	8000.0		
4599	1	1			0.0	8000.0		
4600	1	1			0.0	8000.0		
4601	1	1			0.0	8000.0		
4602	1	1			0.0	8000.0		
4603	1	1	28.0	32.0	0.0	8000.0	cluster_2	BO-82Tapyta/BO-82TAPYTA_20250427_045502.wav
4604	1	1			0.0	8000.0		
4605	1	1			0.0	8000.0		
4606	1	1			0.0	8000.0		
4607	1	1			0.0	8000.0		
4608	1	1			0.0	8000.0		
4609	1	1	50.0	54.0	0.0	8000.0	cluster_2	BO-82Tapyta/BO-82TAPYTA_20250413_193102.wav
4610	1	1			0.0	8000.0		
4611	1	1			0.0	8000.0		
4612	1	1			0.0	8000.0		
4613	1	1			0.0	8000.0		
4614	1	1	6.0	10.0	0.0	8000.0	cluster_2	BO-82Tapyta/BO-82TAPYTA_20250502_210802.wav
4615	1	1	40.0	44.0	0.0	8000.0	cluster_2	BO-82Tapyta/BO-82TAPYTA_20250427_220702.wav
4616	1	1			0.0	8000.0		
4617	1	1			0.0	8000.0		
4618	1	1			0.0	8000.0		
4619	1	1			0.0	8000.0		
4620	1	1			0.0	8000.0		
4621	1	1			0.0	8000.0		
4622	1	1			0.0	8000.0		
4623	1	1			0.0	8000.0		
4624	1	1			0.0	8000.0		
4625	1	1	4.0	8.0	0.0	8000.0	cluster_2	BO-82Tapyta/BO-82TAPYTA_20250416_015802.wav
4626	1	1			0.0	8000.0		
4627	1	1			0.0	8000.0		
4628	1	1			0.0	8000.0		
4629	1	1	30.0	34.0	0.0	8000.0	cluster_2	BO-82Tapyta/BO-82TAPYTA_20250427_013302.wav
4630	1	1			0.0	8000.0		
4631	1	1			0.0	8000.0		
4632	1	1	40.0	44.0	0.0	8000.0	cluster_2	BO-81Tapyta/BO-81TAPYTA_20250416_020702.wav
4633	1	1			0.0	8000.0		
4634	1	1			0.0	8000.0		
4635	1	1			0.0	8000.0		
4636	1	1	30.0	34.0	0.0	8000.0	cluster_2	BO-82Tapyta/BO-82TAPYTA_20250414_213502.wav
4637	1	1			0.0	8000.0		
4638	1	1			0.0	8000.0		
4639	1	1			0.0	8000.0		
4640	1	1	38.0	42.0	0.0	8000.0	cluster_2	BO-81Tapyta/BO-81TAPYTA_20250415_201002.wav
4641	1	1			0.0	8000.0		
4642	1	1			0.0	8000.0		
4643	1	1			0.0	8000.0		
4644	1	1			0.0	8000.0		
4645	1	1			0.0	8000.0		
4646	1	1	22.0	26.0	0.0	8000.0	cluster_2	BO-82Tapyta/BO-82TAPYTA_20250416_022602.wav
4647	1	1			0.0	8000.0		
4648	1	1			0.0	8000.0		
4649	1	1	42.0	46.0	0.0	8000.0	cluster_2	BO-82Tapyta/BO-82TAPYTA_20250416_194502.wav
4650	1	1			0.0	8000.0		
4651	1	1			0.0	8000.0		
4652	1	1			0.0	8000.0		
4653	1	1			0.0	8000.0		
4654	1	1			0.0	8000.0		
4655	1	1			0.0	8000.0		
4656	1	1			0.0	8000.0		
4657	1	1	0.0	4.0	0.0	8000.0	cluster_2	BO-82Tapyta/BO-82TAPYTA_20250415_214502.wav
4658	1	1			0.0	8000.0		
4659	1	1			0.0	8000.0		
4660	1	1			0.0	8000.0		
4661	1	1			0.0	8000.0		
4662	1	1			0.0	8000.0		
4663	1	1			0.0	8000.0		
4664	1	1			0.0	8000.0		
4665	1	1	8.0	12.0	0.0	8000.0	cluster_2	BO-82Tapyta/BO-82TAPYTA_20250426_004802.wav
4666	1	1			0.0	8000.0		
4667	1	1			0.0	8000.0		
4668	1	1	26.0	30.0	0.0	8000.0	cluster_2	BO-82Tapyta/BO-82TAPYTA_20250425_010402.wav
4669	1	1			0.0	8000.0		
4670	1	1			0.0	8000.0		
4671	1	1			0.0	8000.0		
4672	1	1			0.0	8000.0		
4673	1	1			0.0	8000.0		
4674	1	1	50.0	54.0	0.0	8000.0	cluster_2	BO-82Tapyta/BO-82TAPYTA_20250417_021202.wav
4675	1	1			0.0	8000.0		
4676	1	1			0.0	8000.0		
4677	1	1			0.0	8000.0		
4678	1	1			0.0	8000.0		
4679	1	1			0.0	8000.0		
4680	1	1			0.0	8000.0		
4681	1	1			0.0	8000.0		
4682	1	1			0.0	8000.0		
4683	1	1	14.0	18.0	0.0	8000.0	cluster_2	BO-81Tapyta/BO-81TAPYTA_20250415_194502.wav
4684	1	1	18.0	22.0	0.0	8000.0	cluster_2	BO-81Tapyta/BO-81TAPYTA_20250413_203502.wav
4685	1	1			0.0	8000.0		
4686	1	1			0.0	8000.0		
4687	1	1			0.0	8000.0		
4688	1	1			0.0	8000.0		
4689	1	1			0.0	8000.0		
4690	1	1			0.0	8000.0		
4691	1	1			0.0	8000.0		
4692	1	1	6.0	10.0	0.0	8000.0	cluster_2	BO-82Tapyta/BO-82TAPYTA_20250416_214602.wav
4693	1	1			0.0	8000.0		
4694	1	1	12.0	16.0	0.0	8000.0	cluster_2	BO-82Tapyta/BO-82TAPYTA_20250415_211602.wav
4695	1	1			0.0	8000.0		
4696	1	1			0.0	8000.0		
4697	1	1			0.0	8000.0		
4698	1	1			0.0	8000.0		
4699	1	1			0.0	8000.0		
4700	1	1			0.0	8000.0		
4701	1	1			0.0	8000.0		
4702	1	1			0.0	8000.0		
4703	1	1			0.0	8000.0		
4704	1	1	28.0	32.0	0.0	8000.0	cluster_2	BO-81Tapyta/BO-81TAPYTA_20250416_004502.wav
4705	1	1			0.0	8000.0		
4706	1	1			0.0	8000.0		
4707	1	1			0.0	8000.0		
4708	1	1			0.0	8000.0		
4709	1	1	20.0	24.0	0.0	8000.0	cluster_2	BO-82Tapyta/BO-82TAPYTA_20250413_215002.wav
4710	1	1			0.0	8000.0		
4711	1	1			0.0	8000.0		
4712	1	1			0.0	8000.0		
4713	1	1	14.0	18.0	0.0	8000.0	cluster_2	BO-82Tapyta/BO-82TAPYTA_20250412_002402.wav
4714	1	1			0.0	8000.0		
4715	1	1			0.0	8000.0		
4716	1	1	0.0	4.0	0.0	8000.0	cluster_2	BO-81Tapyta/BO-81TAPYTA_20250412_020802.wav
4717	1	1			0.0	8000.0		
4718	1	1			0.0	8000.0		
4719	1	1			0.0	8000.0		
4720	1	1			0.0	8000.0		
4721	1	1			0.0	8000.0		
4722	1	1	38.0	42.0	0.0	8000.0	cluster_2	BO-82Tapyta/BO-82TAPYTA_20250417_031302.wav
4723	1	1			0.0	8000.0		
4724	1	1	10.0	14.0	0.0	8000.0	cluster_2	BO-82Tapyta/BO-82TAPYTA_20250427_043602.wav
4725	1	1			0.0	8000.0		
4726	1	1			0.0	8000.0		
4727	1	1	50.0	54.0	0.0	8000.0	cluster_2	BO-82Tapyta/BO-82TAPYTA_20250416_003502.wav
4728	1	1			0.0	8000.0		
4729	1	1			0.0	8000.0		
4730	1	1			0.0	8000.0		
4731	1	1	8.0	12.0	0.0	8000.0	cluster_2	BO-82Tapyta/BO-82TAPYTA_20250412_010302.wav
4732	1	1			0.0	8000.0		
4733	1	1	42.0	46.0	0.0	8000.0	cluster_2	BO-81Tapyta/BO-81TAPYTA_20250416_020202.wav
4734	1	1			0.0	8000.0		
4735	1	1	4.0	8.0	0.0	8000.0	cluster_2	BO-82Tapyta/BO-82TAPYTA_20250427_001702.wav
4736	1	1	16.0	20.0	0.0	8000.0	cluster_2	BO-82Tapyta/BO-82TAPYTA_20250427_000402.wav
4737	1	1			0.0	8000.0		
4738	1	1			0.0	8000.0		
4739	1	1			0.0	8000.0		
4740	1	1			0.0	8000.0		
4741	1	1	50.0	54.0	0.0	8000.0	cluster_2	BO-82Tapyta/BO-82TAPYTA_20250413_201402.wav
4742	1	1			0.0	8000.0		
4743	1	1			0.0	8000.0		
4744	1	1	22.0	26.0	0.0	8000.0	cluster_2	BO-81Tapyta/BO-81TAPYTA_20250412_022002.wav
4745	1	1			0.0	8000.0		
4746	1	1	24.0	28.0	0.0	8000.0	cluster_2	BO-82Tapyta/BO-82TAPYTA_20250427_213502.wav
4747	1	1			0.0	8000.0		
4748	1	1			0.0	8000.0		
4749	1	1			0.0	8000.0		
4750	1	1			0.0	8000.0		
4751	1	1	30.0	34.0	0.0	8000.0	cluster_2	BO-82Tapyta/BO-82TAPYTA_20250418_001302.wav
4752	1	1			0.0	8000.0		
4753	1	1			0.0	8000.0		
4754	1	1			0.0	8000.0		
4755	1	1			0.0	8000.0		
4756	1	1			0.0	8000.0		
4757	1	1			0.0	8000.0		
4758	1	1			0.0	8000.0		
4759	1	1	20.0	24.0	0.0	8000.0	cluster_2	BO-82Tapyta/BO-82TAPYTA_20250417_003102.wav
4760	1	1			0.0	8000.0		
4761	1	1			0.0	8000.0		
4762	1	1	10.0	14.0	0.0	8000.0	cluster_2	BO-82Tapyta/BO-82TAPYTA_20250426_231302.wav
4763	1	1	4.0	8.0	0.0	8000.0	cluster_2	BO-81Tapyta/BO-81TAPYTA_20250415_190202.wav
4764	1	1			0.0	8000.0		
4765	1	1			0.0	8000.0		
4766	1	1			0.0	8000.0		
4767	1	1			0.0	8000.0		
4768	1	1			0.0	8000.0		
4769	1	1			0.0	8000.0		
4770	1	1			0.0	8000.0		
4771	1	1			0.0	8000.0		
4772	1	1			0.0	8000.0		
4773	1	1	0.0	4.0	0.0	8000.0	cluster_2	BO-82Tapyta/BO-82TAPYTA_20250412_025202.wav
4774	1	1			0.0	8000.0		
4775	1	1			0.0	8000.0		
4776	1	1	48.0	52.0	0.0	8000.0	cluster_2	BO-82Tapyta/BO-82TAPYTA_20250426_032902.wav
4777	1	1			0.0	8000.0		
4778	1	1			0.0	8000.0		
4779	1	1			0.0	8000.0		
4780	1	1			0.0	8000.0		
4781	1	1			0.0	8000.0		
4782	1	1			0.0	8000.0		
4783	1	1	32.0	36.0	0.0	8000.0	cluster_2	BO-82Tapyta/BO-82TAPYTA_20250426_045202.wav
4784	1	1			0.0	8000.0		
4785	1	1			0.0	8000.0		
4786	1	1	50.0	54.0	0.0	8000.0	cluster_2	BO-82Tapyta/BO-82TAPYTA_20250416_023302.wav
4787	1	1	50.0	54.0	0.0	8000.0	cluster_2	BO-82Tapyta/BO-82TAPYTA_20250427_020102.wav
4788	1	1			0.0	8000.0		
4789	1	1			0.0	8000.0		
4790	1	1			0.0	8000.0		
4791	1	1			0.0	8000.0		
4792	1	1	20.0	24.0	0.0	8000.0	cluster_2	BO-82Tapyta/BO-82TAPYTA_20250424_200102.wav
4793	1	1	6.0	10.0	0.0	8000.0	cluster_2	BO-82Tapyta/BO-82TAPYTA_20250417_053402.wav
4794	1	1			0.0	8000.0		
4795	1	1			0.0	8000.0		
4796	1	1	44.0	48.0	0.0	8000.0	cluster_2	BO-82Tapyta/BO-82TAPYTA_20250427_200802.wav
4797	1	1			0.0	8000.0		
4798	1	1	12.0	16.0	0.0	8000.0	cluster_2	BO-82Tapyta/BO-82TAPYTA_20250416_225002.wav
4799	1	1			0.0	8000.0		
4800	1	1			0.0	8000.0		
4801	1	1			0.0	8000.0		
4802	1	1	40.0	44.0	0.0	8000.0	cluster_2	BO-82Tapyta/BO-82TAPYTA_20250418_003002.wav
4803	1	1	16.0	20.0	0.0	8000.0	cluster_2	BO-82Tapyta/BO-82TAPYTA_20250414_221202.wav
4804	1	1			0.0	8000.0		
4805	1	1			0.0	8000.0		
4806	1	1			0.0	8000.0		
4807	1	1	18.0	22.0	0.0	8000.0	cluster_2	BO-82Tapyta/BO-82TAPYTA_20250427_013502.wav
4808	1	1			0.0	8000.0		
4809	1	1			0.0	8000.0		
4810	1	1	18.0	22.0	0.0	8000.0	cluster_2	BO-82Tapyta/BO-82TAPYTA_20250418_050402.wav
4811	1	1			0.0	8000.0		
4812	1	1			0.0	8000.0		
4813	1	1	28.0	32.0	0.0	8000.0	cluster_2	BO-82Tapyta/BO-82TAPYTA_20250418_012402.wav
4814	1	1			0.0	8000.0		
4815	1	1			0.0	8000.0		
4816	1	1			0.0	8000.0		
4817	1	1	50.0	54.0	0.0	8000.0	cluster_2	BO-82Tapyta/BO-82TAPYTA_20250417_201102.wav
4818	1	1	4.0	8.0	0.0	8000.0	cluster_2	BO-81Tapyta/BO-81TAPYTA_20250415_193902.wav
4819	1	1	6.0	10.0	0.0	8000.0	cluster_2	BO-82Tapyta/BO-82TAPYTA_20250427_220602.wav
4820	1	1			0.0	8000.0		
4821	1	1			0.0	8000.0		
4822	1	1			0.0	8000.0		
4823	1	1			0.0	8000.0		
4824	1	1			0.0	8000.0		
4825	1	1			0.0	8000.0		
4826	1	1			0.0	8000.0		
4827	1	1			0.0	8000.0		
4828	1	1			0.0	8000.0		
4829	1	1			0.0	8000.0		
4830	1	1	10.0	14.0	0.0	8000.0	cluster_2	BO-82Tapyta/BO-82TAPYTA_20250414_202102.wav
4831	1	1			0.0	8000.0		
4832	1	1			0.0	8000.0		
4833	1	1			0.0	8000.0		
4834	1	1	2.0	6.0	0.0	8000.0	cluster_2	BO-81Tapyta/BO-81TAPYTA_20250415_235002.wav
4835	1	1			0.0	8000.0		
4836	1	1	14.0	18.0	0.0	8000.0	cluster_2	BO-82Tapyta/BO-82TAPYTA_20250417_234402.wav
4837	1	1			0.0	8000.0		
4838	1	1			0.0	8000.0		
4839	1	1	50.0	54.0	0.0	8000.0	cluster_2	BO-82Tapyta/BO-82TAPYTA_20250415_224002.wav
4840	1	1			0.0	8000.0		
4841	1	1	42.0	46.0	0.0	8000.0	cluster_2	BO-82Tapyta/BO-82TAPYTA_20250417_031902.wav
4842	1	1			0.0	8000.0		
4843	1	1			0.0	8000.0		
4844	1	1	8.0	12.0	0.0	8000.0	cluster_2	BO-82Tapyta/BO-82TAPYTA_20250416_192002.wav
4845	1	1			0.0	8000.0		
4846	1	1			0.0	8000.0		
4847	1	1			0.0	8000.0		
4848	1	1			0.0	8000.0		
4849	1	1			0.0	8000.0		
4850	1	1			0.0	8000.0		
4851	1	1			0.0	8000.0		
4852	1	1			0.0	8000.0		
4853	1	1			0.0	8000.0		
4854	1	1			0.0	8000.0		
4855	1	1			0.0	8000.0		
4856	1	1			0.0	8000.0		
4857	1	1			0.0	8000.0		
4858	1	1			0.0	8000.0		
4859	1	1			0.0	8000.0		
4860	1	1	10.0	14.0	0.0	8000.0	cluster_2	BO-82Tapyta/BO-82TAPYTA_20250413_200602.wav
4861	1	1			0.0	8000.0		
4862	1	1			0.0	8000.0		
4863	1	1			0.0	8000.0		
4864	1	1			0.0	8000.0		
4865	1	1			0.0	8000.0		
4866	1	1	14.0	18.0	0.0	8000.0	cluster_2	BO-82Tapyta/BO-82TAPYTA_20250411_220302.wav
4867	1	1			0.0	8000.0		
4868	1	1	44.0	48.0	0.0	8000.0	cluster_2	BO-82Tapyta/BO-82TAPYTA_20250424_222002.wav
4869	1	1			0.0	8000.0		
4870	1	1			0.0	8000.0		
4871	1	1			0.0	8000.0		
4872	1	1			0.0	8000.0		
4873	1	1			0.0	8000.0		
4874	1	1			0.0	8000.0		
4875	1	1			0.0	8000.0		
4876	1	1			0.0	8000.0		
4877	1	1			0.0	8000.0		
4878	1	1			0.0	8000.0		
4879	1	1			0.0	8000.0		
4880	1	1			0.0	8000.0		
4881	1	1	38.0	42.0	0.0	8000.0	cluster_2	BO-82Tapyta/BO-82TAPYTA_20250424_220902.wav
4882	1	1	46.0	50.0	0.0	8000.0	cluster_2	BO-82Tapyta/BO-82TAPYTA_20250416_033302.wav
4883	1	1			0.0	8000.0		
4884	1	1			0.0	8000.0		
4885	1	1	36.0	40.0	0.0	8000.0	cluster_2	BO-82Tapyta/BO-82TAPYTA_20250424_224502.wav
4886	1	1			0.0	8000.0		
4887	1	1			0.0	8000.0		
4888	1	1			0.0	8000.0		
4889	1	1			0.0	8000.0		
4890	1	1			0.0	8000.0		
4891	1	1			0.0	8000.0		
4892	1	1			0.0	8000.0		
4893	1	1	6.0	10.0	0.0	8000.0	cluster_2	BO-82Tapyta/BO-82TAPYTA_20250426_201202.wav
4894	1	1			0.0	8000.0		
4895	1	1			0.0	8000.0		
4896	1	1			0.0	8000.0		
4897	1	1			0.0	8000.0		
4898	1	1			0.0	8000.0		
4899	1	1			0.0	8000.0		
4900	1	1			0.0	8000.0		
4901	1	1			0.0	8000.0		
4902	1	1			0.0	8000.0		
4903	1	1			0.0	8000.0		
4904	1	1			0.0	8000.0		
4905	1	1			0.0	8000.0		
4906	1	1	52.0	56.0	0.0	8000.0	cluster_2	BO-82Tapyta/BO-82TAPYTA_20250425_194802.wav
4907	1	1			0.0	8000.0		
4908	1	1	20.0	24.0	0.0	8000.0	cluster_2	BO-81Tapyta/BO-81TAPYTA_20250415_232202.wav
4909	1	1			0.0	8000.0		
4910	1	1			0.0	8000.0		
4911	1	1	52.0	56.0	0.0	8000.0	cluster_2	BO-82Tapyta/BO-82TAPYTA_20250417_004302.wav
4912	1	1			0.0	8000.0		
4913	1	1	32.0	36.0	0.0	8000.0	cluster_2	BO-82Tapyta/BO-82TAPYTA_20250416_041002.wav
4914	1	1			0.0	8000.0		
4915	1	1	10.0	14.0	0.0	8000.0	cluster_2	BO-82Tapyta/BO-82TAPYTA_20250415_214102.wav
4916	1	1	46.0	50.0	0.0	8000.0	cluster_2	BO-82Tapyta/BO-82TAPYTA_20250416_204802.wav
4917	1	1			0.0	8000.0		
4918	1	1			0.0	8000.0		
4919	1	1	48.0	52.0	0.0	8000.0	cluster_2	BO-82Tapyta/BO-82TAPYTA_20250416_222602.wav
4920	1	1			0.0	8000.0		
4921	1	1			0.0	8000.0		
4922	1	1			0.0	8000.0		
4923	1	1			0.0	8000.0		
4924	1	1			0.0	8000.0		
4925	1	1			0.0	8000.0		
4926	1	1			0.0	8000.0		
4927	1	1			0.0	8000.0		
4928	1	1	0.0	4.0	0.0	8000.0	cluster_2	BO-81Tapyta/BO-81TAPYTA_20250415_195802.wav
4929	1	1			0.0	8000.0		
4930	1	1			0.0	8000.0		
4931	1	1			0.0	8000.0		
4932	1	1	8.0	12.0	0.0	8000.0	cluster_2	BO-82Tapyta/BO-82TAPYTA_20250416_045002.wav
4933	1	1			0.0	8000.0		
4934	1	1			0.0	8000.0		
4935	1	1			0.0	8000.0		
4936	1	1			0.0	8000.0		
4937	1	1			0.0	8000.0		
4938	1	1			0.0	8000.0		
4939	1	1			0.0	8000.0		
4940	1	1			0.0	8000.0		
4941	1	1			0.0	8000.0		
4942	1	1	14.0	18.0	0.0	8000.0	cluster_2	BO-82Tapyta/BO-82TAPYTA_20250426_000102.wav
4943	1	1	44.0	48.0	0.0	8000.0	cluster_2	BO-82Tapyta/BO-82TAPYTA_20250411_192202.wav
4944	1	1			0.0	8000.0		
4945	1	1			0.0	8000.0		
4946	1	1	8.0	12.0	0.0	8000.0	cluster_2	BO-82Tapyta/BO-82TAPYTA_20250418_025202.wav
4947	1	1			0.0	8000.0		
4948	1	1			0.0	8000.0		
4949	1	1			0.0	8000.0		
4950	1	1			0.0	8000.0		
4951	1	1			0.0	8000.0		
4952	1	1	38.0	42.0	0.0	8000.0	cluster_2	BO-82Tapyta/BO-82TAPYTA_20250427_020302.wav
4953	1	1			0.0	8000.0		
4954	1	1			0.0	8000.0		
4955	1	1			0.0	8000.0		
4956	1	1	8.0	12.0	0.0	8000.0	cluster_2	BO-82Tapyta/BO-82TAPYTA_20250418_012002.wav
4957	1	1			0.0	8000.0		
4958	1	1			0.0	8000.0		
4959	1	1			0.0	8000.0		
4960	1	1			0.0	8000.0		
4961	1	1	6.0	10.0	0.0	8000.0	cluster_2	BO-82Tapyta/BO-82TAPYTA_20250425_001602.wav
4962	1	1			0.0	8000.0		
4963	1	1			0.0	8000.0		
4964	1	1			0.0	8000.0		
4965	1	1			0.0	8000.0		
4966	1	1	2.0	6.0	0.0	8000.0	cluster_2	BO-82Tapyta/BO-82TAPYTA_20250412_004902.wav
4967	1	1			0.0	8000.0		
4968	1	1	34.0	38.0	0.0	8000.0	cluster_2	BO-82Tapyta/BO-82TAPYTA_20250426_051702.wav
4969	1	1	2.0	6.0	0.0	8000.0	cluster_2	BO-82Tapyta/BO-82TAPYTA_20250416_211002.wav
4970	1	1			0.0	8000.0		
4971	1	1	8.0	12.0	0.0	8000.0	cluster_2	BO-81Tapyta/BO-81TAPYTA_20250415_204702.wav
4972	1	1			0.0	8000.0		
4973	1	1			0.0	8000.0		
4974	1	1			0.0	8000.0		
4975	1	1			0.0	8000.0		
4976	1	1	20.0	24.0	0.0	8000.0	cluster_2	BO-82Tapyta/BO-82TAPYTA_20250411_232902.wav
4977	1	1			0.0	8000.0		
4978	1	1			0.0	8000.0		
4979	1	1			0.0	8000.0		
4980	1	1			0.0	8000.0		
4981	1	1			0.0	8000.0		
4982	1	1			0.0	8000.0		
4983	1	1	16.0	20.0	0.0	8000.0	cluster_2	BO-82Tapyta/BO-82TAPYTA_20250427_025702.wav
4984	1	1	42.0	46.0	0.0	8000.0	cluster_2	BO-82Tapyta/BO-82TAPYTA_20250414_220002.wav
4985	1	1			0.0	8000.0		
4986	1	1			0.0	8000.0		
4987	1	1			0.0	8000.0		
4988	1	1			0.0	8000.0		
4989	1	1			0.0	8000.0		
4990	1	1			0.0	8000.0		
4991	1	1			0.0	8000.0		
4992	1	1			0.0	8000.0		
4993	1	1			0.0	8000.0		
4994	1	1			0.0	8000.0		
4995	1	1			0.0	8000.0		
4996	1	1			0.0	8000.0		
4997	1	1			0.0	8000.0		
4998	1	1			0.0	8000.0		
4999	1	1			0.0	8000.0		
5000	1	1			0.0	8000.0		
5001	1	1			0.0	8000.0		
5002	1	1			0.0	8000.0		
5003	1	1			0.0	8000.0		
5004	1	1			0.0	8000.0		
5005	1	1			0.0	8000.0		
5006	1	1			0.0	8000.0		
5007	1	1			0.0	8000.0		
5008	1	1	46.0	50.0	0.0	8000.0	cluster_2	BO-82Tapyta/BO-82TAPYTA_20250427_054502.wav
5009	1	1			0.0	8000.0		
5010	1	1			0.0	8000.0		
5011	1	1			0.0	8000.0		
5012	1	1			0.0	8000.0		
5013	1	1			0.0	8000.0		
5014	1	1			0.0	8000.0		
5015	1	1			0.0	8000.0		
5016	1	1	12.0	16.0	0.0	8000.0	cluster_2	BO-82Tapyta/BO-82TAPYTA_20250501_193802.wav
5017	1	1			0.0	8000.0		
5018	1	1			0.0	8000.0		
5019	1	1			0.0	8000.0		
5020	1	1			0.0	8000.0		
5021	1	1			0.0	8000.0		
5022	1	1	12.0	16.0	0.0	8000.0	cluster_2	BO-82Tapyta/BO-82TAPYTA_20250426_022402.wav
5023	1	1			0.0	8000.0		
5024	1	1	50.0	54.0	0.0	8000.0	cluster_2	BO-82Tapyta/BO-82TAPYTA_20250426_200602.wav
5025	1	1			0.0	8000.0		
5026	1	1			0.0	8000.0		
5027	1	1			0.0	8000.0		
5028	1	1			0.0	8000.0		
5029	1	1			0.0	8000.0		
5030	1	1			0.0	8000.0		
5031	1	1			0.0	8000.0		
5032	1	1			0.0	8000.0		
5033	1	1	46.0	50.0	0.0	8000.0	cluster_2	BO-82Tapyta/BO-82TAPYTA_20250416_004902.wav
5034	1	1	38.0	42.0	0.0	8000.0	cluster_2	BO-82Tapyta/BO-82TAPYTA_20250416_014602.wav
5035	1	1			0.0	8000.0		
5036	1	1			0.0	8000.0		
5037	1	1			0.0	8000.0		
5038	1	1			0.0	8000.0		
5039	1	1	24.0	28.0	0.0	8000.0	cluster_2	BO-82Tapyta/BO-82TAPYTA_20250427_195702.wav
5040	1	1			0.0	8000.0		
5041	1	1	8.0	12.0	0.0	8000.0	cluster_2	BO-82Tapyta/BO-82TAPYTA_20250426_052002.wav
5042	1	1			0.0	8000.0		
5043	1	1	14.0	18.0	0.0	8000.0	cluster_2	BO-82Tapyta/BO-82TAPYTA_20250426_200002.wav
5044	1	1			0.0	8000.0		
5045	1	1			0.0	8000.0		
5046	1	1	44.0	48.0	0.0	8000.0	cluster_2	BO-82Tapyta/BO-82TAPYTA_20250425_005502.wav
5047	1	1			0.0	8000.0		
5048	1	1	26.0	30.0	0.0	8000.0	cluster_2	BO-82Tapyta/BO-82TAPYTA_20250417_032902.wav
5049	1	1			0.0	8000.0		
5050	1	1	30.0	34.0	0.0	8000.0	cluster_2	BO-82Tapyta/BO-82TAPYTA_20250418_040702.wav
5051	1	1			0.0	8000.0		
5052	1	1			0.0	8000.0		
5053	1	1			0.0	8000.0		
5054	1	1	48.0	52.0	0.0	8000.0	cluster_2	BO-82Tapyta/BO-82TAPYTA_20250414_201602.wav
5055	1	1			0.0	8000.0		
5056	1	1			0.0	8000.0		
5057	1	1			0.0	8000.0		
5058	1	1			0.0	8000.0		
5059	1	1	8.0	12.0	0.0	8000.0	cluster_2	BO-82Tapyta/BO-82TAPYTA_20250415_200302.wav
5060	1	1			0.0	8000.0		
5061	1	1			0.0	8000.0		
5062	1	1			0.0	8000.0		
5063	1	1	0.0	4.0	0.0	8000.0	cluster_2	BO-82Tapyta/BO-82TAPYTA_20250426_002202.wav
5064	1	1			0.0	8000.0		
5065	1	1	22.0	26.0	0.0	8000.0	cluster_2	BO-81Tapyta/BO-81TAPYTA_20250415_205102.wav
5066	1	1	30.0	34.0	0.0	8000.0	cluster_2	BO-82Tapyta/BO-82TAPYTA_20250417_001702.wav
5067	1	1			0.0	8000.0		
5068	1	1	4.0	8.0	0.0	8000.0	cluster_2	BO-82Tapyta/BO-82TAPYTA_20250417_030402.wav
5069	1	1	16.0	20.0	0.0	8000.0	cluster_2	BO-82Tapyta/BO-82TAPYTA_20250412_042102.wav
5070	1	1			0.0	8000.0		
5071	1	1			0.0	8000.0		
5072	1	1			0.0	8000.0		
5073	1	1			0.0	8000.0		
5074	1	1			0.0	8000.0		
5075	1	1	46.0	50.0	0.0	8000.0	cluster_2	BO-82Tapyta/BO-82TAPYTA_20250425_013502.wav
5076	1	1	48.0	52.0	0.0	8000.0	cluster_2	BO-82Tapyta/BO-82TAPYTA_20250424_235902.wav
5077	1	1	8.0	12.0	0.0	8000.0	cluster_2	BO-82Tapyta/BO-82TAPYTA_20250411_235102.wav
5078	1	1			0.0	8000.0		
5079	1	1			0.0	8000.0		
5080	1	1			0.0	8000.0		
5081	1	1			0.0	8000.0		
5082	1	1			0.0	8000.0		
5083	1	1			0.0	8000.0		
5084	1	1			0.0	8000.0		
5085	1	1			0.0	8000.0		
5086	1	1			0.0	8000.0		
5087	1	1			0.0	8000.0		
5088	1	1			0.0	8000.0		
5089	1	1			0.0	8000.0		
5090	1	1	24.0	28.0	0.0	8000.0	cluster_2	BO-82Tapyta/BO-82TAPYTA_20250427_193602.wav
5091	1	1			0.0	8000.0		
5092	1	1			0.0	8000.0		
5093	1	1			0.0	8000.0		
5094	1	1	46.0	50.0	0.0	8000.0	cluster_2	BO-82Tapyta/BO-82TAPYTA_20250413_204902.wav
5095	1	1			0.0	8000.0		
5096	1	1	48.0	52.0	0.0	8000.0	cluster_2	BO-82Tapyta/BO-82TAPYTA_20250427_211902.wav
5097	1	1	52.0	56.0	0.0	8000.0	cluster_2	BO-82Tapyta/BO-82TAPYTA_20250411_215002.wav
5098	1	1			0.0	8000.0		
5099	1	1			0.0	8000.0		
5100	1	1			0.0	8000.0		
5101	1	1			0.0	8000.0		
5102	1	1	46.0	50.0	0.0	8000.0	cluster_2	BO-82Tapyta/BO-82TAPYTA_20250412_041502.wav
5103	1	1			0.0	8000.0		
5104	1	1			0.0	8000.0		
5105	1	1			0.0	8000.0		
5106	1	1			0.0	8000.0		
5107	1	1			0.0	8000.0		
5108	1	1			0.0	8000.0		
5109	1	1			0.0	8000.0		
5110	1	1			0.0	8000.0		
5111	1	1			0.0	8000.0		
5112	1	1			0.0	8000.0		
5113	1	1			0.0	8000.0		
5114	1	1	50.0	54.0	0.0	8000.0	cluster_2	BO-82Tapyta/BO-82TAPYTA_20250502_221302.wav
5115	1	1			0.0	8000.0		
5116	1	1			0.0	8000.0		
5117	1	1			0.0	8000.0		
5118	1	1			0.0	8000.0		
5119	1	1			0.0	8000.0		
5120	1	1	44.0	48.0	0.0	8000.0	cluster_2	BO-82Tapyta/BO-82TAPYTA_20250427_023202.wav
5121	1	1			0.0	8000.0		
5122	1	1	46.0	50.0	0.0	8000.0	cluster_2	BO-82Tapyta/BO-82TAPYTA_20250417_230802.wav
5123	1	1	52.0	56.0	0.0	8000.0	cluster_2	BO-82Tapyta/BO-82TAPYTA_20250416_224702.wav
5124	1	1			0.0	8000.0		
5125	1	1			0.0	8000.0		
5126	1	1			0.0	8000.0		
5127	1	1			0.0	8000.0		
5128	1	1			0.0	8000.0		
5129	1	1	10.0	14.0	0.0	8000.0	cluster_2	BO-82Tapyta/BO-82TAPYTA_20250427_032202.wav
5130	1	1			0.0	8000.0		
5131	1	1			0.0	8000.0		
5132	1	1			0.0	8000.0		
5133	1	1			0.0	8000.0		
5134	1	1			0.0	8000.0		
5135	1	1			0.0	8000.0		
5136	1	1			0.0	8000.0		
5137	1	1	30.0	34.0	0.0	8000.0	cluster_2	BO-82Tapyta/BO-82TAPYTA_20250418_012302.wav
5138	1	1			0.0	8000.0		
5139	1	1			0.0	8000.0		
5140	1	1			0.0	8000.0		
5141	1	1			0.0	8000.0		
5142	1	1	4.0	8.0	0.0	8000.0	cluster_2	BO-82Tapyta/BO-82TAPYTA_20250426_051602.wav
5143	1	1	12.0	16.0	0.0	8000.0	cluster_2	BO-82Tapyta/BO-82TAPYTA_20250427_223602.wav
5144	1	1			0.0	8000.0		
5145	1	1			0.0	8000.0		
5146	1	1	26.0	30.0	0.0	8000.0	cluster_2	BO-82Tapyta/BO-82TAPYTA_20250424_194202.wav
5147	1	1			0.0	8000.0		
5148	1	1			0.0	8000.0		
5149	1	1			0.0	8000.0		
5150	1	1	44.0	48.0	0.0	8000.0	cluster_2	BO-82Tapyta/BO-82TAPYTA_20250416_195202.wav
5151	1	1			0.0	8000.0		
5152	1	1	24.0	28.0	0.0	8000.0	cluster_2	BO-81Tapyta/BO-81TAPYTA_20250412_020002.wav
5153	1	1			0.0	8000.0		
5154	1	1			0.0	8000.0		
5155	1	1			0.0	8000.0		
5156	1	1	48.0	52.0	0.0	8000.0	cluster_2	BO-82Tapyta/BO-82TAPYTA_20250411_214702.wav
5157	1	1	42.0	46.0	0.0	8000.0	cluster_2	BO-82Tapyta/BO-82TAPYTA_20250415_213102.wav
5158	1	1			0.0	8000.0		
5159	1	1			0.0	8000.0		
5160	1	1			0.0	8000.0		
5161	1	1	20.0	24.0	0.0	8000.0	cluster_2	BO-82Tapyta/BO-82TAPYTA_20250415_215002.wav
5162	1	1			0.0	8000.0		
5163	1	1			0.0	8000.0		
5164	1	1			0.0	8000.0		
5165	1	1	40.0	44.0	0.0	8000.0	cluster_2	BO-82Tapyta/BO-82TAPYTA_20250411_230702.wav
5166	1	1			0.0	8000.0		
5167	1	1			0.0	8000.0		
5168	1	1			0.0	8000.0		
5169	1	1	28.0	32.0	0.0	8000.0	cluster_2	BO-82Tapyta/BO-82TAPYTA_20250417_232202.wav
5170	1	1	46.0	50.0	0.0	8000.0	cluster_2	BO-82Tapyta/BO-82TAPYTA_20250501_182502.wav
5171	1	1			0.0	8000.0		
5172	1	1			0.0	8000.0		
5173	1	1			0.0	8000.0		
5174	1	1	8.0	12.0	0.0	8000.0	cluster_2	BO-82Tapyta/BO-82TAPYTA_20250427_022702.wav
5175	1	1			0.0	8000.0		
5176	1	1	0.0	4.0	0.0	8000.0	cluster_2	BO-82Tapyta/BO-82TAPYTA_20250424_195602.wav
5177	1	1			0.0	8000.0		
5178	1	1			0.0	8000.0		
5179	1	1			0.0	8000.0		
5180	1	1			0.0	8000.0		
5181	1	1			0.0	8000.0		
5182	1	1			0.0	8000.0		
5183	1	1			0.0	8000.0		
5184	1	1			0.0	8000.0		
5185	1	1			0.0	8000.0		
5186	1	1			0.0	8000.0		
5187	1	1			0.0	8000.0		
5188	1	1			0.0	8000.0		
5189	1	1			0.0	8000.0		
5190	1	1			0.0	8000.0		
5191	1	1			0.0	8000.0		
5192	1	1			0.0	8000.0		
5193	1	1			0.0	8000.0		
5194	1	1			0.0	8000.0		
5195	1	1	34.0	38.0	0.0	8000.0	cluster_2	BO-82Tapyta/BO-82TAPYTA_20250415_055802.wav
5196	1	1			0.0	8000.0		
5197	1	1	2.0	6.0	0.0	8000.0	cluster_2	BO-82Tapyta/BO-82TAPYTA_20250427_032602.wav
5198	1	1			0.0	8000.0		
5199	1	1			0.0	8000.0		
5200	1	1			0.0	8000.0		
5201	1	1			0.0	8000.0		
5202	1	1			0.0	8000.0		
5203	1	1			0.0	8000.0		
5204	1	1			0.0	8000.0		
5205	1	1			0.0	8000.0		
5206	1	1			0.0	8000.0		
5207	1	1			0.0	8000.0		
5208	1	1			0.0	8000.0		
5209	1	1	10.0	14.0	0.0	8000.0	cluster_2	BO-81Tapyta/BO-81TAPYTA_20250412_024702.wav
5210	1	1	6.0	10.0	0.0	8000.0	cluster_2	BO-82Tapyta/BO-82TAPYTA_20250418_021802.wav
5211	1	1			0.0	8000.0		
5212	1	1			0.0	8000.0		
5213	1	1	12.0	16.0	0.0	8000.0	cluster_2	BO-82Tapyta/BO-82TAPYTA_20250412_012002.wav
5214	1	1			0.0	8000.0		
5215	1	1			0.0	8000.0		
5216	1	1			0.0	8000.0		
5217	1	1	26.0	30.0	0.0	8000.0	cluster_2	BO-82Tapyta/BO-82TAPYTA_20250417_200602.wav
5218	1	1	2.0	6.0	0.0	8000.0	cluster_2	BO-82Tapyta/BO-82TAPYTA_20250425_004702.wav
5219	1	1			0.0	8000.0		
5220	1	1			0.0	8000.0		
5221	1	1			0.0	8000.0		
5222	1	1			0.0	8000.0		
5223	1	1			0.0	8000.0		
5224	1	1			0.0	8000.0		
5225	1	1			0.0	8000.0		
5226	1	1			0.0	8000.0		
5227	1	1			0.0	8000.0		
5228	1	1	10.0	14.0	0.0	8000.0	cluster_2	BO-82Tapyta/BO-82TAPYTA_20250427_051502.wav
5229	1	1			0.0	8000.0		
5230	1	1			0.0	8000.0		
5231	1	1			0.0	8000.0		
5232	1	1			0.0	8000.0		
5233	1	1	14.0	18.0	0.0	8000.0	cluster_2	BO-82Tapyta/BO-82TAPYTA_20250417_213402.wav
5234	1	1			0.0	8000.0		
5235	1	1			0.0	8000.0		
5236	1	1			0.0	8000.0		
5237	1	1			0.0	8000.0		
5238	1	1	2.0	6.0	0.0	8000.0	cluster_2	BO-82Tapyta/BO-82TAPYTA_20250415_200602.wav
5239	1	1			0.0	8000.0		
5240	1	1	36.0	40.0	0.0	8000.0	cluster_2	BO-82Tapyta/BO-82TAPYTA_20250417_203802.wav
5241	1	1			0.0	8000.0		
5242	1	1			0.0	8000.0		
5243	1	1			0.0	8000.0		
5244	1	1			0.0	8000.0		
5245	1	1			0.0	8000.0		
5246	1	1			0.0	8000.0		
5247	1	1	12.0	16.0	0.0	8000.0	cluster_2	BO-82Tapyta/BO-82TAPYTA_20250424_200802.wav
5248	1	1	44.0	48.0	0.0	8000.0	cluster_2	BO-82Tapyta/BO-82TAPYTA_20250424_001902.wav
5249	1	1			0.0	8000.0		
5250	1	1			0.0	8000.0		
5251	1	1			0.0	8000.0		
5252	1	1			0.0	8000.0		
5253	1	1			0.0	8000.0		
5254	1	1			0.0	8000.0		
5255	1	1			0.0	8000.0		
5256	1	1			0.0	8000.0		
5257	1	1			0.0	8000.0		
5258	1	1			0.0	8000.0		
5259	1	1			0.0	8000.0		
5260	1	1			0.0	8000.0		
5261	1	1			0.0	8000.0		
5262	1	1			0.0	8000.0		
5263	1	1			0.0	8000.0		
5264	1	1	2.0	6.0	0.0	8000.0	cluster_2	BO-82Tapyta/BO-82TAPYTA_20250425_011302.wav
5265	1	1	14.0	18.0	0.0	8000.0	cluster_2	BO-82Tapyta/BO-82TAPYTA_20250427_020302.wav
5266	1	1			0.0	8000.0		
5267	1	1	10.0	14.0	0.0	8000.0	cluster_2	BO-82Tapyta/BO-82TAPYTA_20250426_035602.wav
5268	1	1			0.0	8000.0		
5269	1	1			0.0	8000.0		
5270	1	1			0.0	8000.0		
5271	1	1			0.0	8000.0		
5272	1	1			0.0	8000.0		
5273	1	1			0.0	8000.0		
5274	1	1	2.0	6.0	0.0	8000.0	cluster_2	BO-81Tapyta/BO-81TAPYTA_20250416_015002.wav
5275	1	1			0.0	8000.0		
5276	1	1			0.0	8000.0		
5277	1	1			0.0	8000.0		
5278	1	1			0.0	8000.0		
5279	1	1			0.0	8000.0		
5280	1	1	22.0	26.0	0.0	8000.0	cluster_2	BO-82Tapyta/BO-82TAPYTA_20250411_190202.wav
5281	1	1			0.0	8000.0		
5282	1	1			0.0	8000.0		
5283	1	1			0.0	8000.0		
5284	1	1			0.0	8000.0		
5285	1	1	32.0	36.0	0.0	8000.0	cluster_2	BO-81Tapyta/BO-81TAPYTA_20250416_044602.wav
5286	1	1	26.0	30.0	0.0	8000.0	cluster_2	BO-82Tapyta/BO-82TAPYTA_20250502_200202.wav
5287	1	1			0.0	8000.0		
5288	1	1	40.0	44.0	0.0	8000.0	cluster_2	BO-81Tapyta/BO-81TAPYTA_20250412_033302.wav
5289	1	1			0.0	8000.0		
5290	1	1			0.0	8000.0		
5291	1	1			0.0	8000.0		
5292	1	1			0.0	8000.0		
5293	1	1			0.0	8000.0		
5294	1	1	6.0	10.0	0.0	8000.0	cluster_2	BO-82Tapyta/BO-82TAPYTA_20250427_023102.wav
5295	1	1			0.0	8000.0		
5296	1	1	36.0	40.0	0.0	8000.0	cluster_2	BO-82Tapyta/BO-82TAPYTA_20250502_185402.wav
5297	1	1			0.0	8000.0		
5298	1	1			0.0	8000.0		
5299	1	1	28.0	32.0	0.0	8000.0	cluster_2	BO-82Tapyta/BO-82TAPYTA_20250414_194002.wav
5300	1	1			0.0	8000.0		
5301	1	1			0.0	8000.0		
5302	1	1			0.0	8000.0		
5303	1	1	34.0	38.0	0.0	8000.0	cluster_2	BO-82Tapyta/BO-82TAPYTA_20250426_012502.wav
5304	1	1			0.0	8000.0		
5305	1	1			0.0	8000.0		
5306	1	1	38.0	42.0	0.0	8000.0	cluster_2	BO-82Tapyta/BO-82TAPYTA_20250415_194002.wav
5307	1	1			0.0	8000.0		
5308	1	1	50.0	54.0	0.0	8000.0	cluster_2	BO-82Tapyta/BO-82TAPYTA_20250412_045402.wav
5309	1	1			0.0	8000.0		
5310	1	1			0.0	8000.0		
5311	1	1	0.0	4.0	0.0	8000.0	cluster_2	BO-82Tapyta/BO-82TAPYTA_20250417_040702.wav
5312	1	1	4.0	8.0	0.0	8000.0	cluster_2	BO-82Tapyta/BO-82TAPYTA_20250425_014802.wav
5313	1	1	36.0	40.0	0.0	8000.0	cluster_2	BO-82Tapyta/BO-82TAPYTA_20250412_031102.wav
5314	1	1			0.0	8000.0		
5315	1	1			0.0	8000.0		
5316	1	1	4.0	8.0	0.0	8000.0	cluster_2	BO-82Tapyta/BO-82TAPYTA_20250415_232802.wav
5317	1	1			0.0	8000.0		
5318	1	1			0.0	8000.0		
5319	1	1	2.0	6.0	0.0	8000.0	cluster_2	BO-82Tapyta/BO-82TAPYTA_20250423_235002.wav
5320	1	1	50.0	54.0	0.0	8000.0	cluster_2	BO-82Tapyta/BO-82TAPYTA_20250427_212302.wav
5321	1	1			0.0	8000.0		
5322	1	1			0.0	8000.0		
5323	1	1			0.0	8000.0		
5324	1	1	16.0	20.0	0.0	8000.0	cluster_2	BO-82Tapyta/BO-82TAPYTA_20250416_054902.wav
5325	1	1			0.0	8000.0		
5326	1	1			0.0	8000.0		
5327	1	1			0.0	8000.0		
5328	1	1			0.0	8000.0		
5329	1	1	38.0	42.0	0.0	8000.0	cluster_2	BO-82Tapyta/BO-82TAPYTA_20250416_031502.wav
5330	1	1	12.0	16.0	0.0	8000.0	cluster_2	BO-82Tapyta/BO-82TAPYTA_20250427_210202.wav
5331	1	1			0.0	8000.0		
5332	1	1			0.0	8000.0		
5333	1	1			0.0	8000.0		
5334	1	1			0.0	8000.0		
5335	1	1			0.0	8000.0		
5336	1	1	28.0	32.0	0.0	8000.0	cluster_2	BO-82Tapyta/BO-82TAPYTA_20250412_035902.wav
5337	1	1			0.0	8000.0		
5338	1	1			0.0	8000.0		
5339	1	1			0.0	8000.0		
5340	1	1			0.0	8000.0		
5341	1	1	22.0	26.0	0.0	8000.0	cluster_2	BO-81Tapyta/BO-81TAPYTA_20250412_020202.wav
5342	1	1			0.0	8000.0		
5343	1	1	52.0	56.0	0.0	8000.0	cluster_2	BO-82Tapyta/BO-82TAPYTA_20250414_220402.wav
5344	1	1			0.0	8000.0		
5345	1	1			0.0	8000.0		
5346	1	1			0.0	8000.0		
5347	1	1			0.0	8000.0		
5348	1	1	52.0	56.0	0.0	8000.0	cluster_2	BO-82Tapyta/BO-82TAPYTA_20250424_195602.wav
5349	1	1	46.0	50.0	0.0	8000.0	cluster_2	BO-82Tapyta/BO-82TAPYTA_20250426_015902.wav
5350	1	1			0.0	8000.0		
5351	1	1			0.0	8000.0		
5352	1	1			0.0	8000.0		
5353	1	1			0.0	8000.0		
5354	1	1			0.0	8000.0		
5355	1	1			0.0	8000.0		
5356	1	1	30.0	34.0	0.0	8000.0	cluster_2	BO-82Tapyta/BO-82TAPYTA_20250424_202202.wav
5357	1	1			0.0	8000.0		
5358	1	1	52.0	56.0	0.0	8000.0	cluster_2	BO-82Tapyta/BO-82TAPYTA_20250412_043802.wav
5359	1	1			0.0	8000.0		
5360	1	1	30.0	34.0	0.0	8000.0	cluster_2	BO-82Tapyta/BO-82TAPYTA_20250412_050002.wav
5361	1	1			0.0	8000.0		
5362	1	1			0.0	8000.0		
5363	1	1			0.0	8000.0		
5364	1	1			0.0	8000.0		
5365	1	1			0.0	8000.0		
5366	1	1	14.0	18.0	0.0	8000.0	cluster_2	BO-82Tapyta/BO-82TAPYTA_20250427_053202.wav
5367	1	1			0.0	8000.0		
5368	1	1			0.0	8000.0		
5369	1	1	46.0	50.0	0.0	8000.0	cluster_2	BO-82Tapyta/BO-82TAPYTA_20250427_041402.wav
5370	1	1			0.0	8000.0		
5371	1	1			0.0	8000.0		
5372	1	1			0.0	8000.0		
5373	1	1			0.0	8000.0		
5374	1	1			0.0	8000.0		
5375	1	1			0.0	8000.0		
5376	1	1	18.0	22.0	0.0	8000.0	cluster_2	BO-81Tapyta/BO-81TAPYTA_20250415_201902.wav
5377	1	1			0.0	8000.0		
5378	1	1	20.0	24.0	0.0	8000.0	cluster_2	BO-81Tapyta/BO-81TAPYTA_20250416_004002.wav
5379	1	1			0.0	8000.0		
5380	1	1			0.0	8000.0		
5381	1	1			0.0	8000.0		
5382	1	1	34.0	38.0	0.0	8000.0	cluster_2	BO-82Tapyta/BO-82TAPYTA_20250415_234702.wav
5383	1	1	46.0	50.0	0.0	8000.0	cluster_2	BO-82Tapyta/BO-82TAPYTA_20250416_231202.wav
5384	1	1			0.0	8000.0		
5385	1	1			0.0	8000.0		
5386	1	1			0.0	8000.0		
5387	1	1	42.0	46.0	0.0	8000.0	cluster_2	BO-82Tapyta/BO-82TAPYTA_20250415_193502.wav
5388	1	1			0.0	8000.0		
5389	1	1	4.0	8.0	0.0	8000.0	cluster_2	BO-82Tapyta/BO-82TAPYTA_20250416_225502.wav
5390	1	1			0.0	8000.0		
5391	1	1			0.0	8000.0		
5392	1	1			0.0	8000.0		
5393	1	1			0.0	8000.0		
5394	1	1			0.0	8000.0		
5395	1	1	42.0	46.0	0.0	8000.0	cluster_2	BO-82Tapyta/BO-82TAPYTA_20250412_041102.wav
5396	1	1	28.0	32.0	0.0	8000.0	cluster_2	BO-82Tapyta/BO-82TAPYTA_20250424_213002.wav
5397	1	1	34.0	38.0	0.0	8000.0	cluster_2	BO-82Tapyta/BO-82TAPYTA_20250410_191202.wav
5398	1	1	30.0	34.0	0.0	8000.0	cluster_2	BO-82Tapyta/BO-82TAPYTA_20250415_220702.wav
5399	1	1			0.0	8000.0		
5400	1	1			0.0	8000.0		
5401	1	1	48.0	52.0	0.0	8000.0	cluster_2	BO-82Tapyta/BO-82TAPYTA_20250426_052002.wav
5402	1	1			0.0	8000.0		
5403	1	1			0.0	8000.0		
5404	1	1			0.0	8000.0		
5405	1	1			0.0	8000.0		
5406	1	1			0.0	8000.0		
5407	1	1			0.0	8000.0		
5408	1	1	14.0	18.0	0.0	8000.0	cluster_2	BO-82Tapyta/BO-82TAPYTA_20250411_224802.wav
5409	1	1			0.0	8000.0		
5410	1	1			0.0	8000.0		
5411	1	1			0.0	8000.0		
5412	1	1			0.0	8000.0		
5413	1	1			0.0	8000.0		
5414	1	1			0.0	8000.0		
5415	1	1	18.0	22.0	0.0	8000.0	cluster_2	BO-81Tapyta/BO-81TAPYTA_20250412_010202.wav
5416	1	1			0.0	8000.0		
5417	1	1	8.0	12.0	0.0	8000.0	cluster_2	BO-82Tapyta/BO-82TAPYTA_20250415_193002.wav
5418	1	1			0.0	8000.0		
5419	1	1			0.0	8000.0		
5420	1	1			0.0	8000.0		
5421	1	1	2.0	6.0	0.0	8000.0	cluster_2	BO-82Tapyta/BO-82TAPYTA_20250413_195402.wav
5422	1	1			0.0	8000.0		
5423	1	1			0.0	8000.0		
5424	1	1			0.0	8000.0		
5425	1	1			0.0	8000.0		
5426	1	1			0.0	8000.0		
5427	1	1			0.0	8000.0		
5428	1	1			0.0	8000.0		
5429	1	1	44.0	48.0	0.0	8000.0	cluster_2	BO-82Tapyta/BO-82TAPYTA_20250417_010902.wav
5430	1	1			0.0	8000.0		
5431	1	1			0.0	8000.0		
5432	1	1			0.0	8000.0		
5433	1	1			0.0	8000.0		
5434	1	1			0.0	8000.0		
5435	1	1			0.0	8000.0		
5436	1	1	32.0	36.0	0.0	8000.0	cluster_2	BO-82Tapyta/BO-82TAPYTA_20250426_053002.wav
5437	1	1			0.0	8000.0		
5438	1	1			0.0	8000.0		
5439	1	1			0.0	8000.0		
5440	1	1			0.0	8000.0		
5441	1	1			0.0	8000.0		
5442	1	1	42.0	46.0	0.0	8000.0	cluster_2	BO-82Tapyta/BO-82TAPYTA_20250413_213402.wav
5443	1	1	34.0	38.0	0.0	8000.0	cluster_2	BO-82Tapyta/BO-82TAPYTA_20250414_205502.wav
5444	1	1	14.0	18.0	0.0	8000.0	cluster_2	BO-82Tapyta/BO-82TAPYTA_20250426_214902.wav
5445	1	1			0.0	8000.0		
5446	1	1			0.0	8000.0		
5447	1	1	28.0	32.0	0.0	8000.0	cluster_2	BO-82Tapyta/BO-82TAPYTA_20250426_232102.wav
5448	1	1	4.0	8.0	0.0	8000.0	cluster_2	BO-82Tapyta/BO-82TAPYTA_20250426_193102.wav
5449	1	1			0.0	8000.0		
5450	1	1			0.0	8000.0		
5451	1	1	8.0	12.0	0.0	8000.0	cluster_2	BO-82Tapyta/BO-82TAPYTA_20250418_041802.wav
5452	1	1			0.0	8000.0		
5453	1	1	20.0	24.0	0.0	8000.0	cluster_2	BO-82Tapyta/BO-82TAPYTA_20250425_195002.wav
5454	1	1			0.0	8000.0		
5455	1	1			0.0	8000.0		
5456	1	1			0.0	8000.0		
5457	1	1			0.0	8000.0		
5458	1	1			0.0	8000.0		
5459	1	1			0.0	8000.0		
5460	1	1			0.0	8000.0		
5461	1	1			0.0	8000.0		
5462	1	1			0.0	8000.0		
5463	1	1			0.0	8000.0		
5464	1	1	10.0	14.0	0.0	8000.0	cluster_2	BO-82Tapyta/BO-82TAPYTA_20250427_234802.wav
5465	1	1			0.0	8000.0		
5466	1	1			0.0	8000.0		
5467	1	1			0.0	8000.0		
5468	1	1			0.0	8000.0		
5469	1	1			0.0	8000.0		
5470	1	1			0.0	8000.0		
5471	1	1			0.0	8000.0		
5472	1	1			0.0	8000.0		
5473	1	1			0.0	8000.0		
5474	1	1			0.0	8000.0		
5475	1	1			0.0	8000.0		
5476	1	1	40.0	44.0	0.0	8000.0	cluster_2	BO-82Tapyta/BO-82TAPYTA_20250415_231802.wav
5477	1	1	24.0	28.0	0.0	8000.0	cluster_2	BO-82Tapyta/BO-82TAPYTA_20250412_040102.wav
5478	1	1			0.0	8000.0		
5479	1	1			0.0	8000.0		
5480	1	1			0.0	8000.0		
5481	1	1	8.0	12.0	0.0	8000.0	cluster_2	BO-82Tapyta/BO-82TAPYTA_20250414_211002.wav
5482	1	1	34.0	38.0	0.0	8000.0	cluster_2	BO-82Tapyta/BO-82TAPYTA_20250502_221502.wav
5483	1	1			0.0	8000.0		
5484	1	1	42.0	46.0	0.0	8000.0	cluster_2	BO-82Tapyta/BO-82TAPYTA_20250412_002502.wav
5485	1	1	4.0	8.0	0.0	8000.0	cluster_2	BO-82Tapyta/BO-82TAPYTA_20250415_230302.wav
5486	1	1	10.0	14.0	0.0	8000.0	cluster_2	BO-81Tapyta/BO-81TAPYTA_20250411_223702.wav
5487	1	1			0.0	8000.0		
5488	1	1			0.0	8000.0		
5489	1	1			0.0	8000.0		
5490	1	1			0.0	8000.0		
5491	1	1			0.0	8000.0		
5492	1	1	24.0	28.0	0.0	8000.0	cluster_2	BO-82Tapyta/BO-82TAPYTA_20250427_025302.wav
5493	1	1			0.0	8000.0		
5494	1	1	48.0	52.0	0.0	8000.0	cluster_2	BO-82Tapyta/BO-82TAPYTA_20250418_001202.wav
5495	1	1			0.0	8000.0		
5496	1	1			0.0	8000.0		
5497	1	1			0.0	8000.0		
5498	1	1	40.0	44.0	0.0	8000.0	cluster_2	BO-81Tapyta/BO-81TAPYTA_20250412_013502.wav
5499	1	1			0.0	8000.0		
5500	1	1	4.0	8.0	0.0	8000.0	cluster_2	BO-82Tapyta/BO-82TAPYTA_20250416_041502.wav
5501	1	1			0.0	8000.0		
5502	1	1			0.0	8000.0		
5503	1	1			0.0	8000.0		
5504	1	1	48.0	52.0	0.0	8000.0	cluster_2	BO-81Tapyta/BO-81TAPYTA_20250415_210402.wav
5505	1	1			0.0	8000.0		
5506	1	1	32.0	36.0	0.0	8000.0	cluster_2	BO-82Tapyta/BO-82TAPYTA_20250426_011302.wav
5507	1	1			0.0	8000.0		
5508	1	1			0.0	8000.0		
5509	1	1			0.0	8000.0		
5510	1	1			0.0	8000.0		
5511	1	1			0.0	8000.0		
5512	1	1			0.0	8000.0		
5513	1	1			0.0	8000.0		
5514	1	1			0.0	8000.0		
5515	1	1	38.0	42.0	0.0	8000.0	cluster_2	BO-81Tapyta/BO-81TAPYTA_20250412_023002.wav
5516	1	1			0.0	8000.0		
5517	1	1			0.0	8000.0		
5518	1	1			0.0	8000.0		
5519	1	1	22.0	26.0	0.0	8000.0	cluster_2	BO-82Tapyta/BO-82TAPYTA_20250426_205702.wav
5520	1	1			0.0	8000.0		
5521	1	1			0.0	8000.0		
5522	1	1			0.0	8000.0		
5523	1	1			0.0	8000.0		
5524	1	1			0.0	8000.0		
5525	1	1	40.0	44.0	0.0	8000.0	cluster_2	BO-82Tapyta/BO-82TAPYTA_20250414_212802.wav
5526	1	1			0.0	8000.0		
5527	1	1	30.0	34.0	0.0	8000.0	cluster_2	BO-82Tapyta/BO-82TAPYTA_20250426_051702.wav
5528	1	1			0.0	8000.0		
5529	1	1			0.0	8000.0		
5530	1	1			0.0	8000.0		
5531	1	1			0.0	8000.0		
5532	1	1			0.0	8000.0		
5533	1	1			0.0	8000.0		
5534	1	1			0.0	8000.0		
5535	1	1	24.0	28.0	0.0	8000.0	cluster_2	BO-81Tapyta/BO-81TAPYTA_20250416_002502.wav
5536	1	1			0.0	8000.0		
5537	1	1	30.0	34.0	0.0	8000.0	cluster_2	BO-82Tapyta/BO-82TAPYTA_20250417_234902.wav
5538	1	1			0.0	8000.0		
5539	1	1			0.0	8000.0		
5540	1	1			0.0	8000.0		
5541	1	1			0.0	8000.0		
5542	1	1			0.0	8000.0		
5543	1	1			0.0	8000.0		
5544	1	1	52.0	56.0	0.0	8000.0	cluster_2	BO-82Tapyta/BO-82TAPYTA_20250416_010902.wav
5545	1	1			0.0	8000.0		
5546	1	1			0.0	8000.0		
5547	1	1			0.0	8000.0		
5548	1	1	24.0	28.0	0.0	8000.0	cluster_2	BO-82Tapyta/BO-82TAPYTA_20250416_025302.wav
5549	1	1			0.0	8000.0		
5550	1	1	20.0	24.0	0.0	8000.0	cluster_2	BO-82Tapyta/BO-82TAPYTA_20250424_003402.wav
5551	1	1			0.0	8000.0		
5552	1	1	48.0	52.0	0.0	8000.0	cluster_2	BO-82Tapyta/BO-82TAPYTA_20250413_210002.wav
5553	1	1	42.0	46.0	0.0	8000.0	cluster_2	BO-82Tapyta/BO-82TAPYTA_20250412_004602.wav
5554	1	1			0.0	8000.0		
5555	1	1			0.0	8000.0		
5556	1	1			0.0	8000.0		
5557	1	1			0.0	8000.0		
5558	1	1			0.0	8000.0		
5559	1	1			0.0	8000.0		
5560	1	1	18.0	22.0	0.0	8000.0	cluster_2	BO-82Tapyta/BO-82TAPYTA_20250427_224902.wav
5561	1	1	38.0	42.0	0.0	8000.0	cluster_2	BO-82Tapyta/BO-82TAPYTA_20250414_194502.wav
5562	1	1	38.0	42.0	0.0	8000.0	cluster_2	BO-81Tapyta/BO-81TAPYTA_20250412_021202.wav
5563	1	1			0.0	8000.0		
5564	1	1			0.0	8000.0		
5565	1	1			0.0	8000.0		
5566	1	1			0.0	8000.0		
5567	1	1			0.0	8000.0		
5568	1	1	2.0	6.0	0.0	8000.0	cluster_2	BO-82Tapyta/BO-82TAPYTA_20250417_052702.wav
5569	1	1			0.0	8000.0		
5570	1	1			0.0	8000.0		
5571	1	1			0.0	8000.0		
5572	1	1			0.0	8000.0		
5573	1	1			0.0	8000.0		
5574	1	1			0.0	8000.0		
5575	1	1			0.0	8000.0		
5576	1	1			0.0	8000.0		
5577	1	1			0.0	8000.0		
5578	1	1			0.0	8000.0		
5579	1	1			0.0	8000.0		
5580	1	1	42.0	46.0	0.0	8000.0	cluster_2	BO-81Tapyta/BO-81TAPYTA_20250415_212602.wav
5581	1	1			0.0	8000.0		
5582	1	1			0.0	8000.0		
5583	1	1	40.0	44.0	0.0	8000.0	cluster_2	BO-82Tapyta/BO-82TAPYTA_20250418_055902.wav
5584	1	1			0.0	8000.0		
5585	1	1			0.0	8000.0		
5586	1	1			0.0	8000.0		
5587	1	1			0.0	8000.0		
5588	1	1			0.0	8000.0		
5589	1	1			0.0	8000.0		
5590	1	1			0.0	8000.0		
5591	1	1			0.0	8000.0		
5592	1	1	42.0	46.0	0.0	8000.0	cluster_2	BO-82Tapyta/BO-82TAPYTA_20250417_030602.wav
5593	1	1	14.0	18.0	0.0	8000.0	cluster_2	BO-82Tapyta/BO-82TAPYTA_20250426_010702.wav
5594	1	1			0.0	8000.0		
5595	1	1			0.0	8000.0		
5596	1	1	8.0	12.0	0.0	8000.0	cluster_2	BO-82Tapyta/BO-82TAPYTA_20250425_014602.wav
5597	1	1			0.0	8000.0		
5598	1	1			0.0	8000.0		
5599	1	1	24.0	28.0	0.0	8000.0	cluster_2	BO-82Tapyta/BO-82TAPYTA_20250424_232802.wav
5600	1	1			0.0	8000.0		
5601	1	1			0.0	8000.0		
5602	1	1			0.0	8000.0		
5603	1	1	38.0	42.0	0.0	8000.0	cluster_2	BO-82Tapyta/BO-82TAPYTA_20250414_205802.wav
5604	1	1			0.0	8000.0		
5605	1	1			0.0	8000.0		
5606	1	1	10.0	14.0	0.0	8000.0	cluster_2	BO-82Tapyta/BO-82TAPYTA_20250411_203302.wav
5607	1	1			0.0	8000.0		
5608	1	1	24.0	28.0	0.0	8000.0	cluster_2	BO-82Tapyta/BO-82TAPYTA_20250425_000302.wav
5609	1	1	12.0	16.0	0.0	8000.0	cluster_2	BO-82Tapyta/BO-82TAPYTA_20250427_014902.wav
5610	1	1			0.0	8000.0		
5611	1	1			0.0	8000.0		
5612	1	1			0.0	8000.0		
5613	1	1	30.0	34.0	0.0	8000.0	cluster_2	BO-82Tapyta/BO-82TAPYTA_20250413_221102.wav
5614	1	1	4.0	8.0	0.0	8000.0	cluster_2	BO-81Tapyta/BO-81TAPYTA_20250415_221502.wav
5615	1	1			0.0	8000.0		
5616	1	1			0.0	8000.0		
5617	1	1			0.0	8000.0		
5618	1	1	22.0	26.0	0.0	8000.0	cluster_2	BO-82Tapyta/BO-82TAPYTA_20250415_204002.wav
5619	1	1			0.0	8000.0		
5620	1	1			0.0	8000.0		
5621	1	1	46.0	50.0	0.0	8000.0	cluster_2	BO-82Tapyta/BO-82TAPYTA_20250417_214102.wav
5622	1	1			0.0	8000.0		
5623	1	1	10.0	14.0	0.0	8000.0	cluster_2	BO-82Tapyta/BO-82TAPYTA_20250416_030702.wav
5624	1	1			0.0	8000.0		
5625	1	1			0.0	8000.0		
5626	1	1			0.0	8000.0		
5627	1	1			0.0	8000.0		
5628	1	1			0.0	8000.0		
5629	1	1			0.0	8000.0		
5630	1	1			0.0	8000.0		
5631	1	1			0.0	8000.0		
5632	1	1			0.0	8000.0		
5633	1	1			0.0	8000.0		
5634	1	1			0.0	8000.0		
5635	1	1			0.0	8000.0		
5636	1	1			0.0	8000.0		
5637	1	1			0.0	8000.0		
5638	1	1			0.0	8000.0		
5639	1	1			0.0	8000.0		
5640	1	1			0.0	8000.0		
5641	1	1			0.0	8000.0		
5642	1	1	6.0	10.0	0.0	8000.0	cluster_2	BO-82Tapyta/BO-82TAPYTA_20250411_203102.wav
5643	1	1			0.0	8000.0		
5644	1	1			0.0	8000.0		
5645	1	1			0.0	8000.0		
5646	1	1			0.0	8000.0		
5647	1	1			0.0	8000.0		
5648	1	1			0.0	8000.0		
5649	1	1	42.0	46.0	0.0	8000.0	cluster_2	BO-82Tapyta/BO-82TAPYTA_20250417_203202.wav
5650	1	1			0.0	8000.0		
5651	1	1			0.0	8000.0		
5652	1	1			0.0	8000.0		
5653	1	1			0.0	8000.0		
5654	1	1			0.0	8000.0		
5655	1	1			0.0	8000.0		
5656	1	1	16.0	20.0	0.0	8000.0	cluster_2	BO-82Tapyta/BO-82TAPYTA_20250412_011402.wav
5657	1	1			0.0	8000.0		
5658	1	1			0.0	8000.0		
5659	1	1			0.0	8000.0		
5660	1	1	16.0	20.0	0.0	8000.0	cluster_2	BO-82Tapyta/BO-82TAPYTA_20250412_011902.wav
5661	1	1			0.0	8000.0		
5662	1	1			0.0	8000.0		
5663	1	1			0.0	8000.0		
5664	1	1			0.0	8000.0		
5665	1	1			0.0	8000.0		
5666	1	1	12.0	16.0	0.0	8000.0	cluster_2	BO-82Tapyta/BO-82TAPYTA_20250417_211502.wav
5667	1	1			0.0	8000.0		
5668	1	1			0.0	8000.0		
5669	1	1			0.0	8000.0		
5670	1	1			0.0	8000.0		
5671	1	1			0.0	8000.0		
5672	1	1			0.0	8000.0		
5673	1	1			0.0	8000.0		
5674	1	1	42.0	46.0	0.0	8000.0	cluster_2	BO-82Tapyta/BO-82TAPYTA_20250418_042202.wav
5675	1	1	22.0	26.0	0.0	8000.0	cluster_2	BO-82Tapyta/BO-82TAPYTA_20250415_194602.wav
5676	1	1	34.0	38.0	0.0	8000.0	cluster_2	BO-82Tapyta/BO-82TAPYTA_20250502_221702.wav
5677	1	1	16.0	20.0	0.0	8000.0	cluster_2	BO-81Tapyta/BO-81TAPYTA_20250415_235102.wav
5678	1	1	0.0	4.0	0.0	8000.0	cluster_2	BO-82Tapyta/BO-82TAPYTA_20250423_234702.wav
5679	1	1			0.0	8000.0		
5680	1	1	38.0	42.0	0.0	8000.0	cluster_2	BO-82Tapyta/BO-82TAPYTA_20250411_213802.wav
5681	1	1			0.0	8000.0		
5682	1	1			0.0	8000.0		
5683	1	1	20.0	24.0	0.0	8000.0	cluster_2	BO-82Tapyta/BO-82TAPYTA_20250418_003602.wav
5684	1	1			0.0	8000.0		
5685	1	1	0.0	4.0	0.0	8000.0	cluster_2	BO-82Tapyta/BO-82TAPYTA_20250411_235502.wav
5686	1	1			0.0	8000.0		
5687	1	1			0.0	8000.0		
5688	1	1			0.0	8000.0		
5689	1	1			0.0	8000.0		
5690	1	1	44.0	48.0	0.0	8000.0	cluster_2	BO-82Tapyta/BO-82TAPYTA_20250416_055202.wav
5691	1	1			0.0	8000.0		
5692	1	1			0.0	8000.0		
5693	1	1			0.0	8000.0		
5694	1	1			0.0	8000.0		
5695	1	1			0.0	8000.0		
5696	1	1			0.0	8000.0		
5697	1	1			0.0	8000.0		
5698	1	1			0.0	8000.0		
5699	1	1			0.0	8000.0		
5700	1	1			0.0	8000.0		
5701	1	1			0.0	8000.0		
5702	1	1			0.0	8000.0		
5703	1	1			0.0	8000.0		
5704	1	1	36.0	40.0	0.0	8000.0	cluster_2	BO-82Tapyta/BO-82TAPYTA_20250427_035002.wav
5705	1	1			0.0	8000.0		
5706	1	1			0.0	8000.0		
5707	1	1			0.0	8000.0		
5708	1	1			0.0	8000.0		
5709	1	1			0.0	8000.0		
5710	1	1	10.0	14.0	0.0	8000.0	cluster_2	BO-82Tapyta/BO-82TAPYTA_20250425_023502.wav
5711	1	1			0.0	8000.0		
5712	1	1			0.0	8000.0		
5713	1	1	34.0	38.0	0.0	8000.0	cluster_2	BO-81Tapyta/BO-81TAPYTA_20250416_014902.wav
5714	1	1	40.0	44.0	0.0	8000.0	cluster_2	BO-81Tapyta/BO-81TAPYTA_20250415_233002.wav
5715	1	1			0.0	8000.0		
5716	1	1			0.0	8000.0		
5717	1	1			0.0	8000.0		
5718	1	1	8.0	12.0	0.0	8000.0	cluster_2	BO-82Tapyta/BO-82TAPYTA_20250502_215302.wav
5719	1	1			0.0	8000.0		
5720	1	1	24.0	28.0	0.0	8000.0	cluster_2	BO-82Tapyta/BO-82TAPYTA_20250416_053402.wav
5721	1	1			0.0	8000.0		
5722	1	1			0.0	8000.0		
5723	1	1	8.0	12.0	0.0	8000.0	cluster_2	BO-81Tapyta/BO-81TAPYTA_20250415_215402.wav
5724	1	1			0.0	8000.0		
5725	1	1			0.0	8000.0		
5726	1	1			0.0	8000.0		
5727	1	1			0.0	8000.0		
5728	1	1			0.0	8000.0		
5729	1	1			0.0	8000.0		
5730	1	1			0.0	8000.0		
5731	1	1			0.0	8000.0		
5732	1	1			0.0	8000.0		
5733	1	1	6.0	10.0	0.0	8000.0	cluster_2	BO-82Tapyta/BO-82TAPYTA_20250414_200102.wav
5734	1	1			0.0	8000.0		
5735	1	1			0.0	8000.0		
5736	1	1	2.0	6.0	0.0	8000.0	cluster_2	BO-82Tapyta/BO-82TAPYTA_20250418_001202.wav
5737	1	1			0.0	8000.0		
5738	1	1			0.0	8000.0		
5739	1	1			0.0	8000.0		
5740	1	1	12.0	16.0	0.0	8000.0	cluster_2	BO-82Tapyta/BO-82TAPYTA_20250426_011802.wav
5741	1	1			0.0	8000.0		
5742	1	1			0.0	8000.0		
5743	1	1	24.0	28.0	0.0	8000.0	cluster_2	BO-82Tapyta/BO-82TAPYTA_20250418_025902.wav
5744	1	1	30.0	34.0	0.0	8000.0	cluster_2	BO-82Tapyta/BO-82TAPYTA_20250424_211902.wav
5745	1	1	44.0	48.0	0.0	8000.0	cluster_2	BO-82Tapyta/BO-82TAPYTA_20250416_055302.wav
5746	1	1			0.0	8000.0		
5747	1	1	6.0	10.0	0.0	8000.0	cluster_2	BO-82Tapyta/BO-82TAPYTA_20250426_050802.wav
5748	1	1			0.0	8000.0		
5749	1	1			0.0	8000.0		
5750	1	1			0.0	8000.0		
5751	1	1	52.0	56.0	0.0	8000.0	cluster_2	BO-82Tapyta/BO-82TAPYTA_20250426_002502.wav
5752	1	1			0.0	8000.0		
5753	1	1			0.0	8000.0		
5754	1	1			0.0	8000.0		
5755	1	1			0.0	8000.0		
5756	1	1			0.0	8000.0		
5757	1	1			0.0	8000.0		
5758	1	1			0.0	8000.0		
5759	1	1			0.0	8000.0		
5760	1	1	32.0	36.0	0.0	8000.0	cluster_2	BO-82Tapyta/BO-82TAPYTA_20250417_024502.wav
5761	1	1	24.0	28.0	0.0	8000.0	cluster_2	BO-82Tapyta/BO-82TAPYTA_20250427_193302.wav
5762	1	1			0.0	8000.0		
5763	1	1			0.0	8000.0		
5764	1	1	50.0	54.0	0.0	8000.0	cluster_2	BO-82Tapyta/BO-82TAPYTA_20250424_231502.wav
5765	1	1			0.0	8000.0		
5766	1	1	22.0	26.0	0.0	8000.0	cluster_2	BO-82Tapyta/BO-82TAPYTA_20250424_203902.wav
5767	1	1			0.0	8000.0		
5768	1	1			0.0	8000.0		
5769	1	1			0.0	8000.0		
5770	1	1	10.0	14.0	0.0	8000.0	cluster_2	BO-81Tapyta/BO-81TAPYTA_20250416_005602.wav
5771	1	1			0.0	8000.0		
5772	1	1	40.0	44.0	0.0	8000.0	cluster_2	BO-82Tapyta/BO-82TAPYTA_20250417_001102.wav
5773	1	1			0.0	8000.0		
5774	1	1			0.0	8000.0		
5775	1	1			0.0	8000.0		
5776	1	1			0.0	8000.0		
5777	1	1			0.0	8000.0		
5778	1	1			0.0	8000.0		
5779	1	1			0.0	8000.0		
5780	1	1	8.0	12.0	0.0	8000.0	cluster_2	BO-82Tapyta/BO-82TAPYTA_20250415_194902.wav
5781	1	1			0.0	8000.0		
5782	1	1			0.0	8000.0		
5783	1	1			0.0	8000.0		
5784	1	1			0.0	8000.0		
5785	1	1	14.0	18.0	0.0	8000.0	cluster_2	BO-82Tapyta/BO-82TAPYTA_20250502_222202.wav
5786	1	1			0.0	8000.0		
5787	1	1			0.0	8000.0		
5788	1	1	18.0	22.0	0.0	8000.0	cluster_2	BO-82Tapyta/BO-82TAPYTA_20250414_220302.wav
5789	1	1			0.0	8000.0		
5790	1	1	26.0	30.0	0.0	8000.0	cluster_2	BO-82Tapyta/BO-82TAPYTA_20250427_040902.wav
5791	1	1			0.0	8000.0		
5792	1	1	42.0	46.0	0.0	8000.0	cluster_2	BO-82Tapyta/BO-82TAPYTA_20250427_000302.wav
5793	1	1	42.0	46.0	0.0	8000.0	cluster_2	BO-82Tapyta/BO-82TAPYTA_20250417_213302.wav
5794	1	1	30.0	34.0	0.0	8000.0	cluster_2	BO-82Tapyta/BO-82TAPYTA_20250425_200602.wav
5795	1	1			0.0	8000.0		
5796	1	1			0.0	8000.0		
5797	1	1			0.0	8000.0		
5798	1	1			0.0	8000.0		
5799	1	1	50.0	54.0	0.0	8000.0	cluster_2	BO-81Tapyta/BO-81TAPYTA_20250416_032402.wav
5800	1	1	48.0	52.0	0.0	8000.0	cluster_2	BO-82Tapyta/BO-82TAPYTA_20250425_010502.wav
5801	1	1	38.0	42.0	0.0	8000.0	cluster_2	BO-82Tapyta/BO-82TAPYTA_20250417_002602.wav
5802	1	1			0.0	8000.0		
5803	1	1			0.0	8000.0		
5804	1	1			0.0	8000.0		
5805	1	1	2.0	6.0	0.0	8000.0	cluster_2	BO-82Tapyta/BO-82TAPYTA_20250427_040602.wav
5806	1	1			0.0	8000.0		
5807	1	1	18.0	22.0	0.0	8000.0	cluster_2	BO-82Tapyta/BO-82TAPYTA_20250501_183202.wav
5808	1	1			0.0	8000.0		
5809	1	1			0.0	8000.0		
5810	1	1	48.0	52.0	0.0	8000.0	cluster_2	BO-82Tapyta/BO-82TAPYTA_20250424_193802.wav
5811	1	1			0.0	8000.0		
5812	1	1			0.0	8000.0		
5813	1	1			0.0	8000.0		
5814	1	1			0.0	8000.0		
5815	1	1	26.0	30.0	0.0	8000.0	cluster_2	BO-82Tapyta/BO-82TAPYTA_20250414_213202.wav
5816	1	1			0.0	8000.0		
5817	1	1	10.0	14.0	0.0	8000.0	cluster_2	BO-82Tapyta/BO-82TAPYTA_20250417_001402.wav
5818	1	1			0.0	8000.0		
5819	1	1			0.0	8000.0		
5820	1	1			0.0	8000.0		
5821	1	1			0.0	8000.0		
5822	1	1			0.0	8000.0		
5823	1	1			0.0	8000.0		
5824	1	1			0.0	8000.0		
5825	1	1			0.0	8000.0		
5826	1	1			0.0	8000.0		
5827	1	1			0.0	8000.0		
5828	1	1			0.0	8000.0		
5829	1	1			0.0	8000.0		
5830	1	1			0.0	8000.0		
5831	1	1	28.0	32.0	0.0	8000.0	cluster_2	BO-82Tapyta/BO-82TAPYTA_20250415_233402.wav
5832	1	1			0.0	8000.0		
5833	1	1			0.0	8000.0		
5834	1	1			0.0	8000.0		
5835	1	1			0.0	8000.0		
5836	1	1			0.0	8000.0		
5837	1	1			0.0	8000.0		
5838	1	1			0.0	8000.0		
5839	1	1			0.0	8000.0		
5840	1	1			0.0	8000.0		
5841	1	1			0.0	8000.0		
5842	1	1			0.0	8000.0		
5843	1	1			0.0	8000.0		
5844	1	1			0.0	8000.0		
5845	1	1			0.0	8000.0		
5846	1	1			0.0	8000.0		
5847	1	1			0.0	8000.0		
5848	1	1			0.0	8000.0		
5849	1	1			0.0	8000.0		
5850	1	1	34.0	38.0	0.0	8000.0	cluster_2	BO-82Tapyta/BO-82TAPYTA_20250417_014302.wav
5851	1	1	22.0	26.0	0.0	8000.0	cluster_2	BO-81Tapyta/BO-81TAPYTA_20250414_190202.wav
5852	1	1			0.0	8000.0		
5853	1	1			0.0	8000.0		
5854	1	1			0.0	8000.0		
5855	1	1			0.0	8000.0		
5856	1	1	26.0	30.0	0.0	8000.0	cluster_2	BO-82Tapyta/BO-82TAPYTA_20250413_204502.wav
5857	1	1			0.0	8000.0		
5858	1	1			0.0	8000.0		
5859	1	1			0.0	8000.0		
5860	1	1			0.0	8000.0		
5861	1	1			0.0	8000.0		
5862	1	1			0.0	8000.0		
5863	1	1			0.0	8000.0		
5864	1	1			0.0	8000.0		
5865	1	1	52.0	56.0	0.0	8000.0	cluster_2	BO-82Tapyta/BO-82TAPYTA_20250411_214302.wav
5866	1	1			0.0	8000.0		
5867	1	1	34.0	38.0	0.0	8000.0	cluster_2	BO-82Tapyta/BO-82TAPYTA_20250414_210402.wav
5868	1	1	4.0	8.0	0.0	8000.0	cluster_2	BO-82Tapyta/BO-82TAPYTA_20250417_034102.wav
5869	1	1			0.0	8000.0		
5870	1	1			0.0	8000.0		
5871	1	1	18.0	22.0	0.0	8000.0	cluster_2	BO-82Tapyta/BO-82TAPYTA_20250411_230902.wav
5872	1	1			0.0	8000.0		
5873	1	1			0.0	8000.0		
5874	1	1			0.0	8000.0		
5875	1	1			0.0	8000.0		
5876	1	1			0.0	8000.0		
5877	1	1			0.0	8000.0		
5878	1	1			0.0	8000.0		
5879	1	1			0.0	8000.0		
5880	1	1			0.0	8000.0		
5881	1	1			0.0	8000.0		
5882	1	1			0.0	8000.0		
5883	1	1			0.0	8000.0		
5884	1	1			0.0	8000.0		
5885	1	1			0.0	8000.0		
5886	1	1			0.0	8000.0		
5887	1	1			0.0	8000.0		
5888	1	1			0.0	8000.0		
5889	1	1			0.0	8000.0		
5890	1	1			0.0	8000.0		
5891	1	1	50.0	54.0	0.0	8000.0	cluster_2	BO-82Tapyta/BO-82TAPYTA_20250416_032702.wav
5892	1	1	22.0	26.0	0.0	8000.0	cluster_2	BO-82Tapyta/BO-82TAPYTA_20250418_010702.wav
5893	1	1			0.0	8000.0		
5894	1	1			0.0	8000.0		
5895	1	1			0.0	8000.0		
5896	1	1			0.0	8000.0		
5897	1	1			0.0	8000.0		
5898	1	1			0.0	8000.0		
5899	1	1			0.0	8000.0		
5900	1	1	20.0	24.0	0.0	8000.0	cluster_2	BO-82Tapyta/BO-82TAPYTA_20250414_223102.wav
5901	1	1			0.0	8000.0		
5902	1	1			0.0	8000.0		
5903	1	1			0.0	8000.0		
5904	1	1	0.0	4.0	0.0	8000.0	cluster_2	BO-82Tapyta/BO-82TAPYTA_20250425_205502.wav
5905	1	1	0.0	4.0	0.0	8000.0	cluster_2	BO-82Tapyta/BO-82TAPYTA_20250427_045102.wav
5906	1	1	40.0	44.0	0.0	8000.0	cluster_2	BO-82Tapyta/BO-82TAPYTA_20250416_035902.wav
5907	1	1			0.0	8000.0		
5908	1	1			0.0	8000.0		
5909	1	1	36.0	40.0	0.0	8000.0	cluster_2	BO-82Tapyta/BO-82TAPYTA_20250416_231102.wav
5910	1	1	20.0	24.0	0.0	8000.0	cluster_2	BO-82Tapyta/BO-82TAPYTA_20250416_230302.wav
5911	1	1			0.0	8000.0		
5912	1	1	52.0	56.0	0.0	8000.0	cluster_2	BO-82Tapyta/BO-82TAPYTA_20250427_045202.wav
5913	1	1			0.0	8000.0		
5914	1	1			0.0	8000.0		
5915	1	1			0.0	8000.0		
5916	1	1	24.0	28.0	0.0	8000.0	cluster_2	BO-82Tapyta/BO-82TAPYTA_20250426_023202.wav
5917	1	1	36.0	40.0	0.0	8000.0	cluster_2	BO-81Tapyta/BO-81TAPYTA_20250412_023302.wav
5918	1	1			0.0	8000.0		
5919	1	1			0.0	8000.0		
5920	1	1			0.0	8000.0		
5921	1	1			0.0	8000.0		
5922	1	1			0.0	8000.0		
5923	1	1			0.0	8000.0		
5924	1	1			0.0	8000.0		
5925	1	1			0.0	8000.0		
5926	1	1			0.0	8000.0		
5927	1	1			0.0	8000.0		
5928	1	1			0.0	8000.0		
5929	1	1	38.0	42.0	0.0	8000.0	cluster_2	BO-82Tapyta/BO-82TAPYTA_20250426_232002.wav
5930	1	1			0.0	8000.0		
5931	1	1			0.0	8000.0		
5932	1	1			0.0	8000.0		
5933	1	1			0.0	8000.0		
5934	1	1			0.0	8000.0		
5935	1	1			0.0	8000.0		
5936	1	1			0.0	8000.0		
5937	1	1	8.0	12.0	0.0	8000.0	cluster_2	BO-82Tapyta/BO-82TAPYTA_20250412_042702.wav
5938	1	1	28.0	32.0	0.0	8000.0	cluster_2	BO-82Tapyta/BO-82TAPYTA_20250424_192802.wav
5939	1	1			0.0	8000.0		
5940	1	1			0.0	8000.0		
5941	1	1			0.0	8000.0		
5942	1	1			0.0	8000.0		
5943	1	1			0.0	8000.0		
5944	1	1			0.0	8000.0		
5945	1	1			0.0	8000.0		
5946	1	1	50.0	54.0	0.0	8000.0	cluster_2	BO-81Tapyta/BO-81TAPYTA_20250415_234902.wav
5947	1	1			0.0	8000.0		
5948	1	1	34.0	38.0	0.0	8000.0	cluster_2	BO-82Tapyta/BO-82TAPYTA_20250418_052002.wav
5949	1	1	2.0	6.0	0.0	8000.0	cluster_2	BO-82Tapyta/BO-82TAPYTA_20250424_202202.wav
5950	1	1	30.0	34.0	0.0	8000.0	cluster_2	BO-82Tapyta/BO-82TAPYTA_20250416_194702.wav
5951	1	1			0.0	8000.0		
5952	1	1			0.0	8000.0		
5953	1	1	24.0	28.0	0.0	8000.0	cluster_2	BO-82Tapyta/BO-82TAPYTA_20250426_223802.wav
5954	1	1			0.0	8000.0		
5955	1	1			0.0	8000.0		
5956	1	1			0.0	8000.0		
5957	1	1			0.0	8000.0		
5958	1	1			0.0	8000.0		
5959	1	1	50.0	54.0	0.0	8000.0	cluster_2	BO-82Tapyta/BO-82TAPYTA_20250417_020602.wav
5960	1	1			0.0	8000.0		
5961	1	1	8.0	12.0	0.0	8000.0	cluster_2	BO-82Tapyta/BO-82TAPYTA_20250427_054902.wav
5962	1	1			0.0	8000.0		
5963	1	1			0.0	8000.0		
5964	1	1			0.0	8000.0		
5965	1	1			0.0	8000.0		
5966	1	1	12.0	16.0	0.0	8000.0	cluster_2	BO-82Tapyta/BO-82TAPYTA_20250425_193802.wav
5967	1	1			0.0	8000.0		
5968	1	1	30.0	34.0	0.0	8000.0	cluster_2	BO-81Tapyta/BO-81TAPYTA_20250412_040302.wav
5969	1	1	42.0	46.0	0.0	8000.0	cluster_2	BO-81Tapyta/BO-81TAPYTA_20250413_212102.wav
5970	1	1			0.0	8000.0		
5971	1	1	18.0	22.0	0.0	8000.0	cluster_2	BO-82Tapyta/BO-82TAPYTA_20250502_210802.wav
5972	1	1	28.0	32.0	0.0	8000.0	cluster_2	BO-82Tapyta/BO-82TAPYTA_20250412_002702.wav
5973	1	1			0.0	8000.0		
5974	1	1			0.0	8000.0		
5975	1	1	8.0	12.0	0.0	8000.0	cluster_2	BO-81Tapyta/BO-81TAPYTA_20250415_201702.wav
5976	1	1			0.0	8000.0		
5977	1	1			0.0	8000.0		
5978	1	1			0.0	8000.0		
5979	1	1			0.0	8000.0		
5980	1	1			0.0	8000.0		
5981	1	1	16.0	20.0	0.0	8000.0	cluster_2	BO-82Tapyta/BO-82TAPYTA_20250417_055902.wav
5982	1	1	34.0	38.0	0.0	8000.0	cluster_2	BO-81Tapyta/BO-81TAPYTA_20250412_040002.wav
5983	1	1			0.0	8000.0		
5984	1	1			0.0	8000.0		
5985	1	1			0.0	8000.0		
5986	1	1			0.0	8000.0		
5987	1	1			0.0	8000.0		
5988	1	1			0.0	8000.0		
5989	1	1	14.0	18.0	0.0	8000.0	cluster_2	BO-82Tapyta/BO-82TAPYTA_20250412_023502.wav
5990	1	1	40.0	44.0	0.0	8000.0	cluster_2	BO-82Tapyta/BO-82TAPYTA_20250417_023502.wav
5991	1	1			0.0	8000.0		
5992	1	1	40.0	44.0	0.0	8000.0	cluster_2	BO-82Tapyta/BO-82TAPYTA_20250425_004802.wav
5993	1	1			0.0	8000.0		
5994	1	1			0.0	8000.0		
5995	1	1			0.0	8000.0		
5996	1	1			0.0	8000.0		
5997	1	1			0.0	8000.0		
5998	1	1	18.0	22.0	0.0	8000.0	cluster_2	BO-82Tapyta/BO-82TAPYTA_20250501_200002.wav
5999	1	1			0.0	8000.0		
6000	1	1	12.0	16.0	0.0	8000.0	cluster_2	BO-82Tapyta/BO-82TAPYTA_20250412_013402.wav
6001	1	1			0.0	8000.0		
6002	1	1			0.0	8000.0		
6003	1	1			0.0	8000.0		
6004	1	1			0.0	8000.0		
6005	1	1			0.0	8000.0		
6006	1	1	46.0	50.0	0.0	8000.0	cluster_2	BO-81Tapyta/BO-81TAPYTA_20250413_215502.wav
6007	1	1			0.0	8000.0		
6008	1	1			0.0	8000.0		
6009	1	1			0.0	8000.0		
6010	1	1			0.0	8000.0		
6011	1	1			0.0	8000.0		
6012	1	1	16.0	20.0	0.0	8000.0	cluster_2	BO-82Tapyta/BO-82TAPYTA_20250417_223902.wav
6013	1	1	38.0	42.0	0.0	8000.0	cluster_2	BO-82Tapyta/BO-82TAPYTA_20250418_001202.wav
6014	1	1			0.0	8000.0		
6015	1	1	32.0	36.0	0.0	8000.0	cluster_2	BO-81Tapyta/BO-81TAPYTA_20250415_200002.wav
6016	1	1			0.0	8000.0		
6017	1	1			0.0	8000.0		
6018	1	1			0.0	8000.0		
6019	1	1			0.0	8000.0		
6020	1	1			0.0	8000.0		
6021	1	1			0.0	8000.0		
6022	1	1			0.0	8000.0		
6023	1	1			0.0	8000.0		
6024	1	1			0.0	8000.0		
6025	1	1			0.0	8000.0		
6026	1	1			0.0	8000.0		
6027	1	1			0.0	8000.0		
6028	1	1	36.0	40.0	0.0	8000.0	cluster_2	BO-81Tapyta/BO-81TAPYTA_20250415_211502.wav
6029	1	1			0.0	8000.0		
6030	1	1			0.0	8000.0		
6031	1	1	10.0	14.0	0.0	8000.0	cluster_2	BO-82Tapyta/BO-82TAPYTA_20250426_193102.wav
6032	1	1			0.0	8000.0		
6033	1	1			0.0	8000.0		
6034	1	1			0.0	8000.0		
6035	1	1			0.0	8000.0		
6036	1	1			0.0	8000.0		
6037	1	1			0.0	8000.0		
6038	1	1			0.0	8000.0		
6039	1	1			0.0	8000.0		
6040	1	1			0.0	8000.0		
6041	1	1	48.0	52.0	0.0	8000.0	cluster_2	BO-82Tapyta/BO-82TAPYTA_20250427_213502.wav
6042	1	1			0.0	8000.0		
6043	1	1			0.0	8000.0		
6044	1	1			0.0	8000.0		
6045	1	1	30.0	34.0	0.0	8000.0	cluster_2	BO-82Tapyta/BO-82TAPYTA_20250502_210702.wav
6046	1	1			0.0	8000.0		
6047	1	1	10.0	14.0	0.0	8000.0	cluster_2	BO-82Tapyta/BO-82TAPYTA_20250411_185802.wav
6048	1	1			0.0	8000.0		
6049	1	1			0.0	8000.0		
6050	1	1	22.0	26.0	0.0	8000.0	cluster_2	BO-82Tapyta/BO-82TAPYTA_20250416_015202.wav
6051	1	1			0.0	8000.0		
6052	1	1			0.0	8000.0		
6053	1	1	8.0	12.0	0.0	8000.0	cluster_2	BO-82Tapyta/BO-82TAPYTA_20250426_002902.wav
6054	1	1			0.0	8000.0		
6055	1	1			0.0	8000.0		
6056	1	1	44.0	48.0	0.0	8000.0	cluster_2	BO-82Tapyta/BO-82TAPYTA_20250418_002202.wav
6057	1	1			0.0	8000.0		
6058	1	1	50.0	54.0	0.0	8000.0	cluster_2	BO-82Tapyta/BO-82TAPYTA_20250414_212202.wav
6059	1	1			0.0	8000.0		
6060	1	1			0.0	8000.0		
6061	1	1			0.0	8000.0		
6062	1	1			0.0	8000.0		
6063	1	1			0.0	8000.0		
6064	1	1			0.0	8000.0		
6065	1	1	48.0	52.0	0.0	8000.0	cluster_2	BO-82Tapyta/BO-82TAPYTA_20250427_030502.wav
6066	1	1	30.0	34.0	0.0	8000.0	cluster_2	BO-82Tapyta/BO-82TAPYTA_20250417_194002.wav
6067	1	1			0.0	8000.0		
6068	1	1	24.0	28.0	0.0	8000.0	cluster_2	BO-82Tapyta/BO-82TAPYTA_20250427_042902.wav
6069	1	1	46.0	50.0	0.0	8000.0	cluster_2	BO-82Tapyta/BO-82TAPYTA_20250426_012302.wav
6070	1	1			0.0	8000.0		
6071	1	1	48.0	52.0	0.0	8000.0	cluster_2	BO-82Tapyta/BO-82TAPYTA_20250417_030202.wav
6072	1	1			0.0	8000.0		
6073	1	1			0.0	8000.0		
6074	1	1			0.0	8000.0		
6075	1	1			0.0	8000.0		
6076	1	1	14.0	18.0	0.0	8000.0	cluster_2	BO-81Tapyta/BO-81TAPYTA_20250416_035202.wav
6077	1	1			0.0	8000.0		
6078	1	1			0.0	8000.0		
6079	1	1			0.0	8000.0		
6080	1	1			0.0	8000.0		
6081	1	1			0.0	8000.0		
6082	1	1			0.0	8000.0		
6083	1	1			0.0	8000.0		
6084	1	1			0.0	8000.0		
6085	1	1	14.0	18.0	0.0	8000.0	cluster_2	BO-82Tapyta/BO-82TAPYTA_20250416_033602.wav
6086	1	1			0.0	8000.0		
6087	1	1			0.0	8000.0		
6088	1	1	36.0	40.0	0.0	8000.0	cluster_2	BO-81Tapyta/BO-81TAPYTA_20250415_200802.wav
6089	1	1	8.0	12.0	0.0	8000.0	cluster_2	BO-82Tapyta/BO-82TAPYTA_20250416_235302.wav
6090	1	1			0.0	8000.0		
6091	1	1			0.0	8000.0		
6092	1	1			0.0	8000.0		
6093	1	1			0.0	8000.0		
6094	1	1			0.0	8000.0		
6095	1	1			0.0	8000.0		
6096	1	1			0.0	8000.0		
6097	1	1			0.0	8000.0		
6098	1	1			0.0	8000.0		
6099	1	1			0.0	8000.0		
6100	1	1			0.0	8000.0		
6101	1	1			0.0	8000.0		
6102	1	1			0.0	8000.0		
6103	1	1			0.0	8000.0		
6104	1	1			0.0	8000.0		
6105	1	1			0.0	8000.0		
6106	1	1			0.0	8000.0		
6107	1	1			0.0	8000.0		
6108	1	1			0.0	8000.0		
6109	1	1	48.0	52.0	0.0	8000.0	cluster_2	BO-82Tapyta/BO-82TAPYTA_20250418_012402.wav
6110	1	1			0.0	8000.0		
6111	1	1			0.0	8000.0		
6112	1	1	52.0	56.0	0.0	8000.0	cluster_2	BO-82Tapyta/BO-82TAPYTA_20250417_021902.wav
6113	1	1			0.0	8000.0		
6114	1	1			0.0	8000.0		
6115	1	1			0.0	8000.0		
6116	1	1			0.0	8000.0		
6117	1	1			0.0	8000.0		
6118	1	1	26.0	30.0	0.0	8000.0	cluster_2	BO-82Tapyta/BO-82TAPYTA_20250427_023102.wav
6119	1	1			0.0	8000.0		
6120	1	1			0.0	8000.0		
6121	1	1			0.0	8000.0		
6122	1	1			0.0	8000.0		
6123	1	1			0.0	8000.0		
6124	1	1			0.0	8000.0		
6125	1	1	4.0	8.0	0.0	8000.0	cluster_2	BO-82Tapyta/BO-82TAPYTA_20250427_041602.wav
6126	1	1			0.0	8000.0		
6127	1	1			0.0	8000.0		
6128	1	1	30.0	34.0	0.0	8000.0	cluster_2	BO-82Tapyta/BO-82TAPYTA_20250426_205102.wav
6129	1	1			0.0	8000.0		
6130	1	1			0.0	8000.0		
6131	1	1			0.0	8000.0		
6132	1	1			0.0	8000.0		
6133	1	1			0.0	8000.0		
6134	1	1			0.0	8000.0		
6135	1	1			0.0	8000.0		
6136	1	1			0.0	8000.0		
6137	1	1	0.0	4.0	0.0	8000.0	cluster_2	BO-82Tapyta/BO-82TAPYTA_20250502_224302.wav
6138	1	1			0.0	8000.0		
6139	1	1			0.0	8000.0		
6140	1	1	14.0	18.0	0.0	8000.0	cluster_2	BO-82Tapyta/BO-82TAPYTA_20250417_231002.wav
6141	1	1			0.0	8000.0		
6142	1	1	14.0	18.0	0.0	8000.0	cluster_2	BO-81Tapyta/BO-81TAPYTA_20250411_210302.wav
6143	1	1			0.0	8000.0		
6144	1	1			0.0	8000.0		
6145	1	1			0.0	8000.0		
6146	1	1			0.0	8000.0		
6147	1	1	40.0	44.0	0.0	8000.0	cluster_2	BO-82Tapyta/BO-82TAPYTA_20250501_180602.wav
6148	1	1			0.0	8000.0		
6149	1	1	50.0	54.0	0.0	8000.0	cluster_2	BO-81Tapyta/BO-81TAPYTA_20250416_020902.wav
6150	1	1	12.0	16.0	0.0	8000.0	cluster_2	BO-82Tapyta/BO-82TAPYTA_20250418_001102.wav
6151	1	1	38.0	42.0	0.0	8000.0	cluster_2	BO-82Tapyta/BO-82TAPYTA_20250416_230202.wav
6152	1	1			0.0	8000.0		
6153	1	1			0.0	8000.0		
6154	1	1			0.0	8000.0		
6155	1	1			0.0	8000.0		
6156	1	1			0.0	8000.0		
6157	1	1			0.0	8000.0		
6158	1	1	28.0	32.0	0.0	8000.0	cluster_2	BO-82Tapyta/BO-82TAPYTA_20250427_032102.wav
6159	1	1			0.0	8000.0		
6160	1	1			0.0	8000.0		
6161	1	1			0.0	8000.0		
6162	1	1	10.0	14.0	0.0	8000.0	cluster_2	BO-82Tapyta/BO-82TAPYTA_20250418_045002.wav
6163	1	1			0.0	8000.0		
6164	1	1			0.0	8000.0		
6165	1	1			0.0	8000.0		
6166	1	1			0.0	8000.0		
6167	1	1	48.0	52.0	0.0	8000.0	cluster_2	BO-81Tapyta/BO-81TAPYTA_20250416_035102.wav
6168	1	1			0.0	8000.0		
6169	1	1			0.0	8000.0		
6170	1	1			0.0	8000.0		
6171	1	1			0.0	8000.0		
6172	1	1	32.0	36.0	0.0	8000.0	cluster_2	BO-81Tapyta/BO-81TAPYTA_20250413_210002.wav
6173	1	1			0.0	8000.0		
6174	1	1	10.0	14.0	0.0	8000.0	cluster_2	BO-82Tapyta/BO-82TAPYTA_20250425_214902.wav
6175	1	1	44.0	48.0	0.0	8000.0	cluster_2	BO-82Tapyta/BO-82TAPYTA_20250418_030102.wav
6176	1	1			0.0	8000.0		
6177	1	1			0.0	8000.0		
6178	1	1			0.0	8000.0		
6179	1	1			0.0	8000.0		
6180	1	1			0.0	8000.0		
6181	1	1			0.0	8000.0		
6182	1	1			0.0	8000.0		
6183	1	1	30.0	34.0	0.0	8000.0	cluster_2	BO-82Tapyta/BO-82TAPYTA_20250413_224002.wav
6184	1	1			0.0	8000.0		
6185	1	1			0.0	8000.0		
6186	1	1			0.0	8000.0		
6187	1	1			0.0	8000.0		
6188	1	1			0.0	8000.0		
6189	1	1			0.0	8000.0		
6190	1	1	24.0	28.0	0.0	8000.0	cluster_2	BO-82Tapyta/BO-82TAPYTA_20250426_053502.wav
6191	1	1			0.0	8000.0		
6192	1	1			0.0	8000.0		
6193	1	1			0.0	8000.0		
6194	1	1			0.0	8000.0		
6195	1	1			0.0	8000.0		
6196	1	1	46.0	50.0	0.0	8000.0	cluster_2	BO-81Tapyta/BO-81TAPYTA_20250411_234802.wav
6197	1	1			0.0	8000.0		
6198	1	1	2.0	6.0	0.0	8000.0	cluster_2	BO-82Tapyta/BO-82TAPYTA_20250418_040302.wav
6199	1	1	30.0	34.0	0.0	8000.0	cluster_2	BO-81Tapyta/BO-81TAPYTA_20250416_012802.wav
6200	1	1	50.0	54.0	0.0	8000.0	cluster_2	BO-81Tapyta/BO-81TAPYTA_20250412_014602.wav
6201	1	1			0.0	8000.0		
6202	1	1			0.0	8000.0		
6203	1	1	2.0	6.0	0.0	8000.0	cluster_2	BO-82Tapyta/BO-82TAPYTA_20250427_005702.wav
6204	1	1			0.0	8000.0		
6205	1	1	24.0	28.0	0.0	8000.0	cluster_2	BO-82Tapyta/BO-82TAPYTA_20250416_030002.wav
6206	1	1			0.0	8000.0		
6207	1	1	44.0	48.0	0.0	8000.0	cluster_2	BO-82Tapyta/BO-82TAPYTA_20250415_232302.wav
6208	1	1			0.0	8000.0		
6209	1	1			0.0	8000.0		
6210	1	1			0.0	8000.0		
6211	1	1			0.0	8000.0		
6212	1	1			0.0	8000.0		
6213	1	1	48.0	52.0	0.0	8000.0	cluster_2	BO-82Tapyta/BO-82TAPYTA_20250416_040602.wav
6214	1	1			0.0	8000.0		
6215	1	1			0.0	8000.0		
6216	1	1			0.0	8000.0		
6217	1	1			0.0	8000.0		
6218	1	1			0.0	8000.0		
6219	1	1			0.0	8000.0		
6220	1	1			0.0	8000.0		
6221	1	1			0.0	8000.0		
6222	1	1			0.0	8000.0		
6223	1	1			0.0	8000.0		
6224	1	1			0.0	8000.0		
6225	1	1			0.0	8000.0		
6226	1	1			0.0	8000.0		
6227	1	1	44.0	48.0	0.0	8000.0	cluster_2	BO-82Tapyta/BO-82TAPYTA_20250417_041802.wav
6228	1	1			0.0	8000.0		
6229	1	1	46.0	50.0	0.0	8000.0	cluster_2	BO-82Tapyta/BO-82TAPYTA_20250417_214902.wav
6230	1	1	30.0	34.0	0.0	8000.0	cluster_2	BO-82Tapyta/BO-82TAPYTA_20250418_003802.wav
6231	1	1			0.0	8000.0		
6232	1	1			0.0	8000.0		
6233	1	1			0.0	8000.0		
6234	1	1			0.0	8000.0		
6235	1	1			0.0	8000.0		
6236	1	1			0.0	8000.0		
6237	1	1	46.0	50.0	0.0	8000.0	cluster_2	BO-82Tapyta/BO-82TAPYTA_20250412_004802.wav
6238	1	1			0.0	8000.0		
6239	1	1			0.0	8000.0		
6240	1	1	26.0	30.0	0.0	8000.0	cluster_2	BO-82Tapyta/BO-82TAPYTA_20250414_203802.wav
6241	1	1			0.0	8000.0		
6242	1	1			0.0	8000.0		
6243	1	1			0.0	8000.0		
6244	1	1	20.0	24.0	0.0	8000.0	cluster_2	BO-82Tapyta/BO-82TAPYTA_20250426_224702.wav
6245	1	1	0.0	4.0	0.0	8000.0	cluster_2	BO-82Tapyta/BO-82TAPYTA_20250417_204702.wav
6246	1	1			0.0	8000.0		
6247	1	1			0.0	8000.0		
6248	1	1			0.0	8000.0		
6249	1	1			0.0	8000.0		
6250	1	1			0.0	8000.0		
6251	1	1			0.0	8000.0		
6252	1	1			0.0	8000.0		
6253	1	1	36.0	40.0	0.0	8000.0	cluster_2	BO-82Tapyta/BO-82TAPYTA_20250426_013302.wav
6254	1	1			0.0	8000.0		
6255	1	1	16.0	20.0	0.0	8000.0	cluster_2	BO-82Tapyta/BO-82TAPYTA_20250502_205702.wav
6256	1	1			0.0	8000.0		
6257	1	1			0.0	8000.0		
6258	1	1			0.0	8000.0		
6259	1	1	6.0	10.0	0.0	8000.0	cluster_2	BO-81Tapyta/BO-81TAPYTA_20250416_014502.wav
6260	1	1			0.0	8000.0		
6261	1	1			0.0	8000.0		
6262	1	1	14.0	18.0	0.0	8000.0	cluster_2	BO-82Tapyta/BO-82TAPYTA_20250412_031502.wav
6263	1	1			0.0	8000.0		
6264	1	1			0.0	8000.0		
6265	1	1			0.0	8000.0		
6266	1	1			0.0	8000.0		
6267	1	1	42.0	46.0	0.0	8000.0	cluster_2	BO-82Tapyta/BO-82TAPYTA_20250416_042902.wav
6268	1	1			0.0	8000.0		
6269	1	1			0.0	8000.0		
6270	1	1			0.0	8000.0		
6271	1	1			0.0	8000.0		
6272	1	1			0.0	8000.0		
6273	1	1	30.0	34.0	0.0	8000.0	cluster_2	BO-82Tapyta/BO-82TAPYTA_20250413_011102.wav
6274	1	1			0.0	8000.0		
6275	1	1			0.0	8000.0		
6276	1	1			0.0	8000.0		
6277	1	1			0.0	8000.0		
6278	1	1			0.0	8000.0		
6279	1	1			0.0	8000.0		
6280	1	1			0.0	8000.0		
6281	1	1	42.0	46.0	0.0	8000.0	cluster_2	BO-82Tapyta/BO-82TAPYTA_20250418_001702.wav
6282	1	1			0.0	8000.0		
6283	1	1			0.0	8000.0		
6284	1	1	0.0	4.0	0.0	8000.0	cluster_2	BO-82Tapyta/BO-82TAPYTA_20250427_223102.wav
6285	1	1			0.0	8000.0		
6286	1	1			0.0	8000.0		
6287	1	1	44.0	48.0	0.0	8000.0	cluster_2	BO-82Tapyta/BO-82TAPYTA_20250424_203702.wav
6288	1	1			0.0	8000.0		
6289	1	1			0.0	8000.0		
6290	1	1			0.0	8000.0		
6291	1	1			0.0	8000.0		
6292	1	1			0.0	8000.0		
6293	1	1	18.0	22.0	0.0	8000.0	cluster_2	BO-82Tapyta/BO-82TAPYTA_20250425_194202.wav
6294	1	1			0.0	8000.0		
6295	1	1	14.0	18.0	0.0	8000.0	cluster_2	BO-82Tapyta/BO-82TAPYTA_20250426_011902.wav
6296	1	1	40.0	44.0	0.0	8000.0	cluster_2	BO-82Tapyta/BO-82TAPYTA_20250424_231502.wav
6297	1	1			0.0	8000.0		
6298	1	1	40.0	44.0	0.0	8000.0	cluster_2	BO-82Tapyta/BO-82TAPYTA_20250418_010902.wav
6299	1	1	48.0	52.0	0.0	8000.0	cluster_2	BO-82Tapyta/BO-82TAPYTA_20250424_195702.wav
6300	1	1			0.0	8000.0		
6301	1	1			0.0	8000.0		
6302	1	1			0.0	8000.0		
6303	1	1			0.0	8000.0		
6304	1	1	44.0	48.0	0.0	8000.0	cluster_2	BO-82Tapyta/BO-82TAPYTA_20250426_004302.wav
6305	1	1			0.0	8000.0		
6306	1	1			0.0	8000.0		
6307	1	1			0.0	8000.0		
6308	1	1			0.0	8000.0		
6309	1	1			0.0	8000.0		
6310	1	1			0.0	8000.0		
6311	1	1	6.0	10.0	0.0	8000.0	cluster_2	BO-82Tapyta/BO-82TAPYTA_20250424_193602.wav
6312	1	1			0.0	8000.0		
6313	1	1			0.0	8000.0		
6314	1	1			0.0	8000.0		
6315	1	1			0.0	8000.0		
6316	1	1			0.0	8000.0		
6317	1	1			0.0	8000.0		
6318	1	1			0.0	8000.0		
6319	1	1			0.0	8000.0		
6320	1	1			0.0	8000.0		
6321	1	1			0.0	8000.0		
6322	1	1			0.0	8000.0		
6323	1	1			0.0	8000.0		
6324	1	1	30.0	34.0	0.0	8000.0	cluster_2	BO-81Tapyta/BO-81TAPYTA_20250416_033202.wav
6325	1	1	42.0	46.0	0.0	8000.0	cluster_2	BO-82Tapyta/BO-82TAPYTA_20250412_001902.wav
6326	1	1			0.0	8000.0		
6327	1	1			0.0	8000.0		
6328	1	1			0.0	8000.0		
6329	1	1			0.0	8000.0		
6330	1	1			0.0	8000.0		
6331	1	1			0.0	8000.0		
6332	1	1			0.0	8000.0		
6333	1	1			0.0	8000.0		
6334	1	1			0.0	8000.0		
6335	1	1			0.0	8000.0		
6336	1	1			0.0	8000.0		
6337	1	1			0.0	8000.0		
6338	1	1	14.0	18.0	0.0	8000.0	cluster_2	BO-82Tapyta/BO-82TAPYTA_20250424_202902.wav
6339	1	1	28.0	32.0	0.0	8000.0	cluster_2	BO-82Tapyta/BO-82TAPYTA_20250502_204302.wav
6340	1	1	50.0	54.0	0.0	8000.0	cluster_2	BO-82Tapyta/BO-82TAPYTA_20250424_234602.wav
6341	1	1	44.0	48.0	0.0	8000.0	cluster_2	BO-82Tapyta/BO-82TAPYTA_20250424_001202.wav
6342	1	1	42.0	46.0	0.0	8000.0	cluster_2	BO-81Tapyta/BO-81TAPYTA_20250415_233402.wav
6343	1	1			0.0	8000.0		
6344	1	1			0.0	8000.0		
6345	1	1			0.0	8000.0		
6346	1	1	52.0	56.0	0.0	8000.0	cluster_2	BO-82Tapyta/BO-82TAPYTA_20250418_011902.wav
6347	1	1	44.0	48.0	0.0	8000.0	cluster_2	BO-82Tapyta/BO-82TAPYTA_20250416_233902.wav
6348	1	1			0.0	8000.0		
6349	1	1	50.0	54.0	0.0	8000.0	cluster_2	BO-81Tapyta/BO-81TAPYTA_20250412_022002.wav
6350	1	1	48.0	52.0	0.0	8000.0	cluster_2	BO-82Tapyta/BO-82TAPYTA_20250424_200202.wav
6351	1	1			0.0	8000.0		
6352	1	1			0.0	8000.0		
6353	1	1	10.0	14.0	0.0	8000.0	cluster_2	BO-81Tapyta/BO-81TAPYTA_20250416_040402.wav
6354	1	1	2.0	6.0	0.0	8000.0	cluster_2	BO-82Tapyta/BO-82TAPYTA_20250427_015702.wav
6355	1	1	2.0	6.0	0.0	8000.0	cluster_2	BO-82Tapyta/BO-82TAPYTA_20250416_220902.wav
6356	1	1			0.0	8000.0		
6357	1	1			0.0	8000.0		
6358	1	1			0.0	8000.0		
6359	1	1			0.0	8000.0		
6360	1	1	16.0	20.0	0.0	8000.0	cluster_2	BO-82Tapyta/BO-82TAPYTA_20250411_223702.wav
6361	1	1			0.0	8000.0		
6362	1	1			0.0	8000.0		
6363	1	1			0.0	8000.0		
6364	1	1			0.0	8000.0		
6365	1	1			0.0	8000.0		
6366	1	1			0.0	8000.0		
6367	1	1			0.0	8000.0		
6368	1	1			0.0	8000.0		
6369	1	1			0.0	8000.0		
6370	1	1			0.0	8000.0		
6371	1	1			0.0	8000.0		
6372	1	1			0.0	8000.0		
6373	1	1			0.0	8000.0		
6374	1	1	12.0	16.0	0.0	8000.0	cluster_2	BO-82Tapyta/BO-82TAPYTA_20250412_055102.wav
6375	1	1	0.0	4.0	0.0	8000.0	cluster_2	BO-82Tapyta/BO-82TAPYTA_20250427_023702.wav
6376	1	1			0.0	8000.0		
6377	1	1	40.0	44.0	0.0	8000.0	cluster_2	BO-82Tapyta/BO-82TAPYTA_20250418_033102.wav
6378	1	1			0.0	8000.0		
6379	1	1			0.0	8000.0		
6380	1	1			0.0	8000.0		
6381	1	1	34.0	38.0	0.0	8000.0	cluster_2	BO-82Tapyta/BO-82TAPYTA_20250417_015102.wav
6382	1	1			0.0	8000.0		
6383	1	1			0.0	8000.0		
6384	1	1			0.0	8000.0		
6385	1	1	32.0	36.0	0.0	8000.0	cluster_2	BO-82Tapyta/BO-82TAPYTA_20250417_002102.wav
6386	1	1	12.0	16.0	0.0	8000.0	cluster_2	BO-82Tapyta/BO-82TAPYTA_20250412_022302.wav
6387	1	1			0.0	8000.0		
6388	1	1			0.0	8000.0		
6389	1	1			0.0	8000.0		
6390	1	1	42.0	46.0	0.0	8000.0	cluster_2	BO-82Tapyta/BO-82TAPYTA_20250427_194302.wav
6391	1	1			0.0	8000.0		
6392	1	1			0.0	8000.0		
6393	1	1	0.0	4.0	0.0	8000.0	cluster_2	BO-82Tapyta/BO-82TAPYTA_20250417_232602.wav
6394	1	1			0.0	8000.0		
6395	1	1			0.0	8000.0		
6396	1	1	24.0	28.0	0.0	8000.0	cluster_2	BO-82Tapyta/BO-82TAPYTA_20250414_215102.wav
6397	1	1			0.0	8000.0		
6398	1	1			0.0	8000.0		
6399	1	1	48.0	52.0	0.0	8000.0	cluster_2	BO-82Tapyta/BO-82TAPYTA_20250426_005902.wav
6400	1	1	40.0	44.0	0.0	8000.0	cluster_2	BO-82Tapyta/BO-82TAPYTA_20250417_230002.wav
6401	1	1			0.0	8000.0		
6402	1	1	42.0	46.0	0.0	8000.0	cluster_2	BO-82Tapyta/BO-82TAPYTA_20250412_035502.wav
6403	1	1	18.0	22.0	0.0	8000.0	cluster_2	BO-82Tapyta/BO-82TAPYTA_20250416_011302.wav
6404	1	1			0.0	8000.0		
6405	1	1	0.0	4.0	0.0	8000.0	cluster_2	BO-82Tapyta/BO-82TAPYTA_20250426_213402.wav
6406	1	1			0.0	8000.0		
6407	1	1	4.0	8.0	0.0	8000.0	cluster_2	BO-82Tapyta/BO-82TAPYTA_20250413_202202.wav
6408	1	1	10.0	14.0	0.0	8000.0	cluster_2	BO-82Tapyta/BO-82TAPYTA_20250427_000702.wav
6409	1	1			0.0	8000.0		
6410	1	1			0.0	8000.0		
6411	1	1			0.0	8000.0		
6412	1	1			0.0	8000.0		
6413	1	1			0.0	8000.0		
6414	1	1	6.0	10.0	0.0	8000.0	cluster_2	BO-82Tapyta/BO-82TAPYTA_20250412_055202.wav
6415	1	1			0.0	8000.0		
6416	1	1			0.0	8000.0		
6417	1	1			0.0	8000.0		
6418	1	1			0.0	8000.0		
6419	1	1			0.0	8000.0		
6420	1	1	12.0	16.0	0.0	8000.0	cluster_2	BO-82Tapyta/BO-82TAPYTA_20250416_020502.wav
6421	1	1			0.0	8000.0		
6422	1	1			0.0	8000.0		
6423	1	1			0.0	8000.0		
6424	1	1			0.0	8000.0		
6425	1	1			0.0	8000.0		
6426	1	1			0.0	8000.0		
6427	1	1	20.0	24.0	0.0	8000.0	cluster_2	BO-82Tapyta/BO-82TAPYTA_20250427_010802.wav
6428	1	1			0.0	8000.0		
6429	1	1	6.0	10.0	0.0	8000.0	cluster_2	BO-82Tapyta/BO-82TAPYTA_20250412_004902.wav
6430	1	1			0.0	8000.0		
6431	1	1			0.0	8000.0		
6432	1	1			0.0	8000.0		
6433	1	1			0.0	8000.0		
6434	1	1			0.0	8000.0		
6435	1	1	40.0	44.0	0.0	8000.0	cluster_2	BO-82Tapyta/BO-82TAPYTA_20250416_003602.wav
6436	1	1			0.0	8000.0		
6437	1	1			0.0	8000.0		
6438	1	1			0.0	8000.0		
6439	1	1			0.0	8000.0		
6440	1	1			0.0	8000.0		
6441	1	1			0.0	8000.0		
6442	1	1			0.0	8000.0		
6443	1	1	28.0	32.0	0.0	8000.0	cluster_2	BO-82Tapyta/BO-82TAPYTA_20250418_043302.wav
6444	1	1			0.0	8000.0		
6445	1	1			0.0	8000.0		
6446	1	1			0.0	8000.0		
6447	1	1	22.0	26.0	0.0	8000.0	cluster_2	BO-81Tapyta/BO-81TAPYTA_20250412_035202.wav
6448	1	1			0.0	8000.0		
6449	1	1			0.0	8000.0		
6450	1	1			0.0	8000.0		
6451	1	1			0.0	8000.0		
6452	1	1			0.0	8000.0		
6453	1	1			0.0	8000.0		
6454	1	1			0.0	8000.0		
6455	1	1			0.0	8000.0		
6456	1	1			0.0	8000.0		
6457	1	1			0.0	8000.0		
6458	1	1	34.0	38.0	0.0	8000.0	cluster_2	BO-82Tapyta/BO-82TAPYTA_20250418_022202.wav
6459	1	1			0.0	8000.0		
6460	1	1			0.0	8000.0		
6461	1	1			0.0	8000.0		
6462	1	1	0.0	4.0	0.0	8000.0	cluster_2	BO-82Tapyta/BO-82TAPYTA_20250417_012802.wav
6463	1	1			0.0	8000.0		
6464	1	1			0.0	8000.0		
6465	1	1	48.0	52.0	0.0	8000.0	cluster_2	BO-82Tapyta/BO-82TAPYTA_20250416_233902.wav
6466	1	1	28.0	32.0	0.0	8000.0	cluster_2	BO-82Tapyta/BO-82TAPYTA_20250418_011402.wav
6467	1	1			0.0	8000.0		
6468	1	1			0.0	8000.0		
6469	1	1			0.0	8000.0		
6470	1	1			0.0	8000.0		
6471	1	1			0.0	8000.0		
6472	1	1	16.0	20.0	0.0	8000.0	cluster_2	BO-81Tapyta/BO-81TAPYTA_20250411_222102.wav
6473	1	1	52.0	56.0	0.0	8000.0	cluster_2	BO-82Tapyta/BO-82TAPYTA_20250415_194502.wav
6474	1	1			0.0	8000.0		
6475	1	1			0.0	8000.0		
6476	1	1			0.0	8000.0		
6477	1	1			0.0	8000.0		
6478	1	1			0.0	8000.0		
6479	1	1			0.0	8000.0		
6480	1	1			0.0	8000.0		
6481	1	1			0.0	8000.0		
6482	1	1			0.0	8000.0		
6483	1	1	24.0	28.0	0.0	8000.0	cluster_2	BO-82Tapyta/BO-82TAPYTA_20250502_200702.wav
6484	1	1			0.0	8000.0		
6485	1	1			0.0	8000.0		
6486	1	1			0.0	8000.0		
6487	1	1	48.0	52.0	0.0	8000.0	cluster_2	BO-82Tapyta/BO-82TAPYTA_20250417_202702.wav
6488	1	1			0.0	8000.0		
6489	1	1	18.0	22.0	0.0	8000.0	cluster_2	BO-82Tapyta/BO-82TAPYTA_20250414_211502.wav
6490	1	1			0.0	8000.0		
6491	1	1	18.0	22.0	0.0	8000.0	cluster_2	BO-82Tapyta/BO-82TAPYTA_20250426_220902.wav
6492	1	1			0.0	8000.0		
6493	1	1			0.0	8000.0		
6494	1	1			0.0	8000.0		
6495	1	1	16.0	20.0	0.0	8000.0	cluster_2	BO-82Tapyta/BO-82TAPYTA_20250427_054602.wav
6496	1	1			0.0	8000.0		
6497	1	1	38.0	42.0	0.0	8000.0	cluster_2	BO-82Tapyta/BO-82TAPYTA_20250415_195402.wav
6498	1	1			0.0	8000.0		
6499	1	1			0.0	8000.0		
6500	1	1			0.0	8000.0		
6501	1	1			0.0	8000.0		
6502	1	1	18.0	22.0	0.0	8000.0	cluster_2	BO-82Tapyta/BO-82TAPYTA_20250425_000002.wav
6503	1	1			0.0	8000.0		
6504	1	1			0.0	8000.0		
6505	1	1	32.0	36.0	0.0	8000.0	cluster_2	BO-82Tapyta/BO-82TAPYTA_20250415_234102.wav
6506	1	1			0.0	8000.0		
6507	1	1			0.0	8000.0		
6508	1	1	44.0	48.0	0.0	8000.0	cluster_2	BO-82Tapyta/BO-82TAPYTA_20250427_024502.wav
6509	1	1			0.0	8000.0		
6510	1	1			0.0	8000.0		
6511	1	1			0.0	8000.0		
6512	1	1			0.0	8000.0		
6513	1	1			0.0	8000.0		
6514	1	1			0.0	8000.0		
6515	1	1	48.0	52.0	0.0	8000.0	cluster_2	BO-82Tapyta/BO-82TAPYTA_20250427_003902.wav
6516	1	1			0.0	8000.0		
6517	1	1			0.0	8000.0		
6518	1	1			0.0	8000.0		
6519	1	1			0.0	8000.0		
6520	1	1	10.0	14.0	0.0	8000.0	cluster_2	BO-82Tapyta/BO-82TAPYTA_20250424_203302.wav
6521	1	1			0.0	8000.0		
6522	1	1			0.0	8000.0		
6523	1	1			0.0	8000.0		
6524	1	1	0.0	4.0	0.0	8000.0	cluster_2	BO-82Tapyta/BO-82TAPYTA_20250413_204302.wav
6525	1	1			0.0	8000.0		
6526	1	1	18.0	22.0	0.0	8000.0	cluster_2	BO-82Tapyta/BO-82TAPYTA_20250418_003302.wav
6527	1	1			0.0	8000.0		
6528	1	1	34.0	38.0	0.0	8000.0	cluster_2	BO-82Tapyta/BO-82TAPYTA_20250425_200502.wav
6529	1	1			0.0	8000.0		
6530	1	1			0.0	8000.0		
6531	1	1			0.0	8000.0		
6532	1	1			0.0	8000.0		
6533	1	1			0.0	8000.0		
6534	1	1			0.0	8000.0		
6535	1	1			0.0	8000.0		
6536	1	1			0.0	8000.0		
6537	1	1			0.0	8000.0		
6538	1	1	24.0	28.0	0.0	8000.0	cluster_2	BO-82Tapyta/BO-82TAPYTA_20250418_025002.wav
6539	1	1			0.0	8000.0		
6540	1	1			0.0	8000.0		
6541	1	1			0.0	8000.0		
6542	1	1			0.0	8000.0		
6543	1	1	24.0	28.0	0.0	8000.0	cluster_2	BO-82Tapyta/BO-82TAPYTA_20250412_045802.wav
6544	1	1			0.0	8000.0		
6545	1	1			0.0	8000.0		
6546	1	1			0.0	8000.0		
6547	1	1			0.0	8000.0		
6548	1	1	18.0	22.0	0.0	8000.0	cluster_2	BO-82Tapyta/BO-82TAPYTA_20250412_045502.wav
6549	1	1			0.0	8000.0		
6550	1	1			0.0	8000.0		
6551	1	1			0.0	8000.0		
6552	1	1			0.0	8000.0		
6553	1	1			0.0	8000.0		
6554	1	1			0.0	8000.0		
6555	1	1			0.0	8000.0		
6556	1	1			0.0	8000.0		
6557	1	1			0.0	8000.0		
6558	1	1			0.0	8000.0		
6559	1	1			0.0	8000.0		
6560	1	1			0.0	8000.0		
6561	1	1			0.0	8000.0		
6562	1	1	30.0	34.0	0.0	8000.0	cluster_2	BO-82Tapyta/BO-82TAPYTA_20250412_023802.wav
6563	1	1	18.0	22.0	0.0	8000.0	cluster_2	BO-82Tapyta/BO-82TAPYTA_20250418_013702.wav
6564	1	1			0.0	8000.0		
6565	1	1			0.0	8000.0		
6566	1	1			0.0	8000.0		
6567	1	1	4.0	8.0	0.0	8000.0	cluster_2	BO-82Tapyta/BO-82TAPYTA_20250425_002102.wav
6568	1	1			0.0	8000.0		
6569	1	1			0.0	8000.0		
6570	1	1			0.0	8000.0		
6571	1	1			0.0	8000.0		
6572	1	1			0.0	8000.0		
6573	1	1			0.0	8000.0		
6574	1	1	0.0	4.0	0.0	8000.0	cluster_2	BO-82Tapyta/BO-82TAPYTA_20250411_215802.wav
6575	1	1			0.0	8000.0		
6576	1	1			0.0	8000.0		
6577	1	1			0.0	8000.0		
6578	1	1	48.0	52.0	0.0	8000.0	cluster_2	BO-82Tapyta/BO-82TAPYTA_20250413_202702.wav
6579	1	1			0.0	8000.0		
6580	1	1			0.0	8000.0		
6581	1	1	12.0	16.0	0.0	8000.0	cluster_2	BO-82Tapyta/BO-82TAPYTA_20250427_232902.wav
6582	1	1			0.0	8000.0		
6583	1	1			0.0	8000.0		
6584	1	1	8.0	12.0	0.0	8000.0	cluster_2	BO-82Tapyta/BO-82TAPYTA_20250416_020602.wav
6585	1	1			0.0	8000.0		
6586	1	1			0.0	8000.0		
6587	1	1			0.0	8000.0		
6588	1	1	14.0	18.0	0.0	8000.0	cluster_2	BO-82Tapyta/BO-82TAPYTA_20250418_052902.wav
6589	1	1	16.0	20.0	0.0	8000.0	cluster_2	BO-82Tapyta/BO-82TAPYTA_20250424_233402.wav
6590	1	1			0.0	8000.0		
6591	1	1	44.0	48.0	0.0	8000.0	cluster_2	BO-82Tapyta/BO-82TAPYTA_20250417_051702.wav
6592	1	1			0.0	8000.0		
6593	1	1	18.0	22.0	0.0	8000.0	cluster_2	BO-82Tapyta/BO-82TAPYTA_20250425_023902.wav
6594	1	1			0.0	8000.0		
6595	1	1	8.0	12.0	0.0	8000.0	cluster_2	BO-82Tapyta/BO-82TAPYTA_20250416_230402.wav
6596	1	1			0.0	8000.0		
6597	1	1	48.0	52.0	0.0	8000.0	cluster_2	BO-82Tapyta/BO-82TAPYTA_20250416_205102.wav
6598	1	1			0.0	8000.0		
6599	1	1			0.0	8000.0		
6600	1	1			0.0	8000.0		
6601	1	1			0.0	8000.0		
6602	1	1	42.0	46.0	0.0	8000.0	cluster_2	BO-82Tapyta/BO-82TAPYTA_20250415_204502.wav
6603	1	1			0.0	8000.0		
6604	1	1			0.0	8000.0		
6605	1	1			0.0	8000.0		
6606	1	1			0.0	8000.0		
6607	1	1			0.0	8000.0		
6608	1	1			0.0	8000.0		
6609	1	1			0.0	8000.0		
6610	1	1			0.0	8000.0		
6611	1	1			0.0	8000.0		
6612	1	1			0.0	8000.0		
6613	1	1			0.0	8000.0		
6614	1	1			0.0	8000.0		
6615	1	1			0.0	8000.0		
6616	1	1	12.0	16.0	0.0	8000.0	cluster_2	BO-82Tapyta/BO-82TAPYTA_20250414_210802.wav
6617	1	1			0.0	8000.0		
6618	1	1			0.0	8000.0		
6619	1	1			0.0	8000.0		
6620	1	1			0.0	8000.0		
6621	1	1			0.0	8000.0		
6622	1	1			0.0	8000.0		
6623	1	1			0.0	8000.0		
6624	1	1			0.0	8000.0		
6625	1	1			0.0	8000.0		
6626	1	1	38.0	42.0	0.0	8000.0	cluster_2	BO-82Tapyta/BO-82TAPYTA_20250412_053702.wav
6627	1	1	40.0	44.0	0.0	8000.0	cluster_2	BO-82Tapyta/BO-82TAPYTA_20250426_191802.wav
6628	1	1			0.0	8000.0		
6629	1	1	18.0	22.0	0.0	8000.0	cluster_2	BO-81Tapyta/BO-81TAPYTA_20250415_233402.wav
6630	1	1			0.0	8000.0		
6631	1	1			0.0	8000.0		
6632	1	1			0.0	8000.0		
6633	1	1	28.0	32.0	0.0	8000.0	cluster_2	BO-82Tapyta/BO-82TAPYTA_20250411_190002.wav
6634	1	1	40.0	44.0	0.0	8000.0	cluster_2	BO-82Tapyta/BO-82TAPYTA_20250412_023802.wav
6635	1	1			0.0	8000.0		
6636	1	1	14.0	18.0	0.0	8000.0	cluster_2	BO-82Tapyta/BO-82TAPYTA_20250426_214602.wav
6637	1	1			0.0	8000.0		
6638	1	1			0.0	8000.0		
6639	1	1			0.0	8000.0		
6640	1	1			0.0	8000.0		
6641	1	1			0.0	8000.0		
6642	1	1			0.0	8000.0		
6643	1	1			0.0	8000.0		
6644	1	1	8.0	12.0	0.0	8000.0	cluster_2	BO-82Tapyta/BO-82TAPYTA_20250425_024202.wav
6645	1	1			0.0	8000.0		
6646	1	1	12.0	16.0	0.0	8000.0	cluster_2	BO-82Tapyta/BO-82TAPYTA_20250417_003802.wav
6647	1	1			0.0	8000.0		
6648	1	1			0.0	8000.0		
6649	1	1			0.0	8000.0		
6650	1	1			0.0	8000.0		
6651	1	1			0.0	8000.0		
6652	1	1			0.0	8000.0		
6653	1	1			0.0	8000.0		
6654	1	1			0.0	8000.0		
6655	1	1	24.0	28.0	0.0	8000.0	cluster_2	BO-82Tapyta/BO-82TAPYTA_20250501_184102.wav
6656	1	1			0.0	8000.0		
6657	1	1			0.0	8000.0		
6658	1	1			0.0	8000.0		
6659	1	1			0.0	8000.0		
6660	1	1			0.0	8000.0		
6661	1	1			0.0	8000.0		
6662	1	1			0.0	8000.0		
6663	1	1			0.0	8000.0		
6664	1	1			0.0	8000.0		
6665	1	1			0.0	8000.0		
6666	1	1			0.0	8000.0		
6667	1	1	36.0	40.0	0.0	8000.0	cluster_2	BO-82Tapyta/BO-82TAPYTA_20250425_235502.wav
6668	1	1	4.0	8.0	0.0	8000.0	cluster_2	BO-82Tapyta/BO-82TAPYTA_20250417_203902.wav
6669	1	1			0.0	8000.0		
6670	1	1			0.0	8000.0		
6671	1	1			0.0	8000.0		
6672	1	1			0.0	8000.0		
6673	1	1			0.0	8000.0		
6674	1	1			0.0	8000.0		
6675	1	1			0.0	8000.0		
6676	1	1			0.0	8000.0		
6677	1	1			0.0	8000.0		
6678	1	1	44.0	48.0	0.0	8000.0	cluster_2	BO-82Tapyta/BO-82TAPYTA_20250411_190802.wav
6679	1	1			0.0	8000.0		
6680	1	1	12.0	16.0	0.0	8000.0	cluster_2	BO-82Tapyta/BO-82TAPYTA_20250416_045502.wav
6681	1	1			0.0	8000.0		
6682	1	1			0.0	8000.0		
6683	1	1			0.0	8000.0		
6684	1	1			0.0	8000.0		
6685	1	1			0.0	8000.0		
6686	1	1	38.0	42.0	0.0	8000.0	cluster_2	BO-82Tapyta/BO-82TAPYTA_20250413_200302.wav
6687	1	1			0.0	8000.0		
6688	1	1	26.0	30.0	0.0	8000.0	cluster_2	BO-82Tapyta/BO-82TAPYTA_20250412_043002.wav
6689	1	1	4.0	8.0	0.0	8000.0	cluster_2	BO-82Tapyta/BO-82TAPYTA_20250418_035902.wav
6690	1	1			0.0	8000.0		
6691	1	1			0.0	8000.0		
6692	1	1			0.0	8000.0		
6693	1	1	0.0	4.0	0.0	8000.0	cluster_2	BO-81Tapyta/BO-81TAPYTA_20250415_204802.wav
6694	1	1			0.0	8000.0		
6695	1	1	4.0	8.0	0.0	8000.0	cluster_2	BO-82Tapyta/BO-82TAPYTA_20250502_215802.wav
6696	1	1	42.0	46.0	0.0	8000.0	cluster_2	BO-82Tapyta/BO-82TAPYTA_20250425_234902.wav
6697	1	1			0.0	8000.0		
6698	1	1			0.0	8000.0		
6699	1	1			0.0	8000.0		
6700	1	1	6.0	10.0	0.0	8000.0	cluster_2	BO-82Tapyta/BO-82TAPYTA_20250416_021402.wav
6701	1	1			0.0	8000.0		
6702	1	1			0.0	8000.0		
6703	1	1	16.0	20.0	0.0	8000.0	cluster_2	BO-82Tapyta/BO-82TAPYTA_20250425_192902.wav
6704	1	1			0.0	8000.0		
6705	1	1			0.0	8000.0		
6706	1	1	8.0	12.0	0.0	8000.0	cluster_2	BO-82Tapyta/BO-82TAPYTA_20250502_222902.wav
6707	1	1			0.0	8000.0		
6708	1	1			0.0	8000.0		
6709	1	1			0.0	8000.0		
6710	1	1	0.0	4.0	0.0	8000.0	cluster_2	BO-81Tapyta/BO-81TAPYTA_20250412_012802.wav
6711	1	1			0.0	8000.0		
6712	1	1			0.0	8000.0		
6713	1	1	22.0	26.0	0.0	8000.0	cluster_2	BO-82Tapyta/BO-82TAPYTA_20250414_192302.wav
6714	1	1			0.0	8000.0		
6715	1	1			0.0	8000.0		
6716	1	1			0.0	8000.0		
6717	1	1	10.0	14.0	0.0	8000.0	cluster_2	BO-81Tapyta/BO-81TAPYTA_20250412_043902.wav
6718	1	1			0.0	8000.0		
6719	1	1			0.0	8000.0		
6720	1	1			0.0	8000.0		
6721	1	1	48.0	52.0	0.0	8000.0	cluster_2	BO-82Tapyta/BO-82TAPYTA_20250426_234302.wav
6722	1	1			0.0	8000.0		
6723	1	1			0.0	8000.0		
6724	1	1			0.0	8000.0		
6725	1	1	2.0	6.0	0.0	8000.0	cluster_2	BO-82Tapyta/BO-82TAPYTA_20250425_215802.wav
6726	1	1			0.0	8000.0		
6727	1	1			0.0	8000.0		
6728	1	1			0.0	8000.0		
6729	1	1			0.0	8000.0		
6730	1	1			0.0	8000.0		
6731	1	1			0.0	8000.0		
6732	1	1			0.0	8000.0		
6733	1	1			0.0	8000.0		
6734	1	1	26.0	30.0	0.0	8000.0	cluster_2	BO-82Tapyta/BO-82TAPYTA_20250416_044502.wav
6735	1	1	52.0	56.0	0.0	8000.0	cluster_2	BO-82Tapyta/BO-82TAPYTA_20250424_232702.wav
6736	1	1			0.0	8000.0		
6737	1	1	44.0	48.0	0.0	8000.0	cluster_2	BO-82Tapyta/BO-82TAPYTA_20250424_201802.wav
6738	1	1			0.0	8000.0		
6739	1	1	2.0	6.0	0.0	8000.0	cluster_2	BO-82Tapyta/BO-82TAPYTA_20250426_204402.wav
6740	1	1			0.0	8000.0		
6741	1	1			0.0	8000.0		
6742	1	1			0.0	8000.0		
6743	1	1			0.0	8000.0		
6744	1	1			0.0	8000.0		
6745	1	1			0.0	8000.0		
6746	1	1	28.0	32.0	0.0	8000.0	cluster_2	BO-81Tapyta/BO-81TAPYTA_20250416_025402.wav
6747	1	1	20.0	24.0	0.0	8000.0	cluster_2	BO-82Tapyta/BO-82TAPYTA_20250416_210402.wav
6748	1	1			0.0	8000.0		
6749	1	1			0.0	8000.0		
6750	1	1			0.0	8000.0		
6751	1	1			0.0	8000.0		
6752	1	1			0.0	8000.0		
6753	1	1	46.0	50.0	0.0	8000.0	cluster_2	BO-82Tapyta/BO-82TAPYTA_20250416_210002.wav
6754	1	1			0.0	8000.0		
6755	1	1			0.0	8000.0		
6756	1	1			0.0	8000.0		
6757	1	1	42.0	46.0	0.0	8000.0	cluster_2	BO-82Tapyta/BO-82TAPYTA_20250418_005702.wav
6758	1	1			0.0	8000.0		
6759	1	1			0.0	8000.0		
6760	1	1			0.0	8000.0		
6761	1	1	34.0	38.0	0.0	8000.0	cluster_2	BO-82Tapyta/BO-82TAPYTA_20250427_054102.wav
6762	1	1			0.0	8000.0		
6763	1	1	32.0	36.0	0.0	8000.0	cluster_2	BO-82Tapyta/BO-82TAPYTA_20250418_022402.wav
6764	1	1			0.0	8000.0		
6765	1	1			0.0	8000.0		
6766	1	1	6.0	10.0	0.0	8000.0	cluster_2	BO-82Tapyta/BO-82TAPYTA_20250427_055202.wav
6767	1	1			0.0	8000.0		
6768	1	1			0.0	8000.0		
6769	1	1			0.0	8000.0		
6770	1	1			0.0	8000.0		
6771	1	1			0.0	8000.0		
6772	1	1			0.0	8000.0		
6773	1	1			0.0	8000.0		
6774	1	1			0.0	8000.0		
6775	1	1			0.0	8000.0		
6776	1	1			0.0	8000.0		
6777	1	1			0.0	8000.0		
6778	1	1			0.0	8000.0		
6779	1	1			0.0	8000.0		
6780	1	1			0.0	8000.0		
6781	1	1	10.0	14.0	0.0	8000.0	cluster_2	BO-82Tapyta/BO-82TAPYTA_20250427_201502.wav
6782	1	1			0.0	8000.0		
6783	1	1			0.0	8000.0		
6784	1	1			0.0	8000.0		
6785	1	1	10.0	14.0	0.0	8000.0	cluster_2	BO-82Tapyta/BO-82TAPYTA_20250417_003002.wav
6786	1	1			0.0	8000.0		
6787	1	1			0.0	8000.0		
6788	1	1			0.0	8000.0		
6789	1	1			0.0	8000.0		
6790	1	1			0.0	8000.0		
6791	1	1	42.0	46.0	0.0	8000.0	cluster_2	BO-82Tapyta/BO-82TAPYTA_20250426_231002.wav
6792	1	1			0.0	8000.0		
6793	1	1			0.0	8000.0		
6794	1	1			0.0	8000.0		
6795	1	1			0.0	8000.0		
6796	1	1	24.0	28.0	0.0	8000.0	cluster_2	BO-82Tapyta/BO-82TAPYTA_20250416_034002.wav
6797	1	1			0.0	8000.0		
6798	1	1			0.0	8000.0		
6799	1	1	20.0	24.0	0.0	8000.0	cluster_2	BO-82Tapyta/BO-82TAPYTA_20250417_004102.wav
6800	1	1			0.0	8000.0		
6801	1	1			0.0	8000.0		
6802	1	1			0.0	8000.0		
6803	1	1			0.0	8000.0		
6804	1	1			0.0	8000.0		
6805	1	1	28.0	32.0	0.0	8000.0	cluster_2	BO-82Tapyta/BO-82TAPYTA_20250418_001002.wav
6806	1	1	6.0	10.0	0.0	8000.0	cluster_2	BO-82Tapyta/BO-82TAPYTA_20250417_025802.wav
6807	1	1	36.0	40.0	0.0	8000.0	cluster_2	BO-82Tapyta/BO-82TAPYTA_20250418_025602.wav
6808	1	1	50.0	54.0	0.0	8000.0	cluster_2	BO-82Tapyta/BO-82TAPYTA_20250415_195002.wav
6809	1	1			0.0	8000.0		
6810	1	1			0.0	8000.0		
6811	1	1	46.0	50.0	0.0	8000.0	cluster_2	BO-82Tapyta/BO-82TAPYTA_20250411_200002.wav
6812	1	1			0.0	8000.0		
6813	1	1			0.0	8000.0		
6814	1	1	2.0	6.0	0.0	8000.0	cluster_2	BO-81Tapyta/BO-81TAPYTA_20250415_215402.wav
6815	1	1			0.0	8000.0		
6816	1	1			0.0	8000.0		
6817	1	1			0.0	8000.0		
6818	1	1	0.0	4.0	0.0	8000.0	cluster_2	BO-82Tapyta/BO-82TAPYTA_20250418_011802.wav
6819	1	1			0.0	8000.0		
6820	1	1	36.0	40.0	0.0	8000.0	cluster_2	BO-82Tapyta/BO-82TAPYTA_20250412_033502.wav
6821	1	1	46.0	50.0	0.0	8000.0	cluster_2	BO-82Tapyta/BO-82TAPYTA_20250425_020502.wav
6822	1	1			0.0	8000.0		
6823	1	1	8.0	12.0	0.0	8000.0	cluster_2	BO-82Tapyta/BO-82TAPYTA_20250411_234602.wav
6824	1	1			0.0	8000.0		
6825	1	1			0.0	8000.0		
6826	1	1			0.0	8000.0		
6827	1	1	38.0	42.0	0.0	8000.0	cluster_2	BO-82Tapyta/BO-82TAPYTA_20250502_222202.wav
6828	1	1			0.0	8000.0		
6829	1	1			0.0	8000.0		
6830	1	1			0.0	8000.0		
6831	1	1			0.0	8000.0		
6832	1	1	50.0	54.0	0.0	8000.0	cluster_2	BO-82Tapyta/BO-82TAPYTA_20250414_194402.wav
6833	1	1			0.0	8000.0		
6834	1	1			0.0	8000.0		
6835	1	1	38.0	42.0	0.0	8000.0	cluster_2	BO-82Tapyta/BO-82TAPYTA_20250425_004902.wav
6836	1	1			0.0	8000.0		
6837	1	1			0.0	8000.0		
6838	1	1			0.0	8000.0		
6839	1	1	24.0	28.0	0.0	8000.0	cluster_2	BO-82Tapyta/BO-82TAPYTA_20250418_051802.wav
6840	1	1			0.0	8000.0		
6841	1	1			0.0	8000.0		
6842	1	1			0.0	8000.0		
6843	1	1			0.0	8000.0		
6844	1	1	24.0	28.0	0.0	8000.0	cluster_2	BO-82Tapyta/BO-82TAPYTA_20250417_032202.wav
6845	1	1			0.0	8000.0		
6846	1	1	48.0	52.0	0.0	8000.0	cluster_2	BO-82Tapyta/BO-82TAPYTA_20250426_213902.wav
6847	1	1			0.0	8000.0		
6848	1	1	42.0	46.0	0.0	8000.0	cluster_2	BO-82Tapyta/BO-82TAPYTA_20250426_053202.wav
6849	1	1			0.0	8000.0		
6850	1	1	22.0	26.0	0.0	8000.0	cluster_2	BO-82Tapyta/BO-82TAPYTA_20250412_040802.wav
6851	1	1	8.0	12.0	0.0	8000.0	cluster_2	BO-82Tapyta/BO-82TAPYTA_20250426_053502.wav
6852	1	1			0.0	8000.0		
6853	1	1			0.0	8000.0		
6854	1	1			0.0	8000.0		
6855	1	1			0.0	8000.0		
6856	1	1			0.0	8000.0		
6857	1	1			0.0	8000.0		
6858	1	1			0.0	8000.0		
6859	1	1			0.0	8000.0		
6860	1	1			0.0	8000.0		
6861	1	1	30.0	34.0	0.0	8000.0	cluster_2	BO-82Tapyta/BO-82TAPYTA_20250426_232202.wav
6862	1	1	36.0	40.0	0.0	8000.0	cluster_2	BO-82Tapyta/BO-82TAPYTA_20250411_211902.wav
6863	1	1			0.0	8000.0		
6864	1	1	26.0	30.0	0.0	8000.0	cluster_2	BO-81Tapyta/BO-81TAPYTA_20250412_012602.wav
6865	1	1			0.0	8000.0		
6866	1	1			0.0	8000.0		
6867	1	1	32.0	36.0	0.0	8000.0	cluster_2	BO-82Tapyta/BO-82TAPYTA_20250416_205202.wav
6868	1	1	30.0	34.0	0.0	8000.0	cluster_2	BO-81Tapyta/BO-81TAPYTA_20250411_201402.wav
6869	1	1			0.0	8000.0		
6870	1	1			0.0	8000.0		
6871	1	1			0.0	8000.0		
6872	1	1			0.0	8000.0		
6873	1	1	10.0	14.0	0.0	8000.0	cluster_2	BO-82Tapyta/BO-82TAPYTA_20250413_214902.wav
6874	1	1			0.0	8000.0		
6875	1	1			0.0	8000.0		
6876	1	1			0.0	8000.0		
6877	1	1			0.0	8000.0		
6878	1	1			0.0	8000.0		
6879	1	1			0.0	8000.0		
6880	1	1			0.0	8000.0		
6881	1	1	32.0	36.0	0.0	8000.0	cluster_2	BO-82Tapyta/BO-82TAPYTA_20250417_025402.wav
6882	1	1			0.0	8000.0		
6883	1	1			0.0	8000.0		
6884	1	1			0.0	8000.0		
6885	1	1			0.0	8000.0		
6886	1	1			0.0	8000.0		
6887	1	1			0.0	8000.0		
6888	1	1			0.0	8000.0		
6889	1	1			0.0	8000.0		
6890	1	1			0.0	8000.0		
6891	1	1			0.0	8000.0		
6892	1	1			0.0	8000.0		
6893	1	1			0.0	8000.0		
6894	1	1			0.0	8000.0		
6895	1	1			0.0	8000.0		
6896	1	1			0.0	8000.0		
6897	1	1			0.0	8000.0		
6898	1	1	12.0	16.0	0.0	8000.0	cluster_2	BO-82Tapyta/BO-82TAPYTA_20250417_000602.wav
6899	1	1			0.0	8000.0		
6900	1	1			0.0	8000.0		
6901	1	1			0.0	8000.0		
6902	1	1			0.0	8000.0		
6903	1	1			0.0	8000.0		
6904	1	1			0.0	8000.0		
6905	1	1	50.0	54.0	0.0	8000.0	cluster_2	BO-82Tapyta/BO-82TAPYTA_20250417_225202.wav
6906	1	1			0.0	8000.0		
6907	1	1			0.0	8000.0		
6908	1	1			0.0	8000.0		
6909	1	1			0.0	8000.0		
6910	1	1	52.0	56.0	0.0	8000.0	cluster_2	BO-81Tapyta/BO-81TAPYTA_20250415_201902.wav
6911	1	1			0.0	8000.0		
6912	1	1			0.0	8000.0		
6913	1	1			0.0	8000.0		
6914	1	1			0.0	8000.0		
6915	1	1			0.0	8000.0		
6916	1	1			0.0	8000.0		
6917	1	1			0.0	8000.0		
6918	1	1			0.0	8000.0		
6919	1	1			0.0	8000.0		
6920	1	1			0.0	8000.0		
6921	1	1			0.0	8000.0		
6922	1	1			0.0	8000.0		
6923	1	1			0.0	8000.0		
6924	1	1			0.0	8000.0		
6925	1	1			0.0	8000.0		
6926	1	1			0.0	8000.0		
6927	1	1			0.0	8000.0		
6928	1	1			0.0	8000.0		
6929	1	1			0.0	8000.0		
6930	1	1	30.0	34.0	0.0	8000.0	cluster_2	BO-82Tapyta/BO-82TAPYTA_20250416_222902.wav
6931	1	1			0.0	8000.0		
6932	1	1	8.0	12.0	0.0	8000.0	cluster_2	BO-82Tapyta/BO-82TAPYTA_20250412_020102.wav
6933	1	1	50.0	54.0	0.0	8000.0	cluster_2	BO-82Tapyta/BO-82TAPYTA_20250417_013002.wav
6934	1	1			0.0	8000.0		
6935	1	1			0.0	8000.0		
6936	1	1	44.0	48.0	0.0	8000.0	cluster_2	BO-82Tapyta/BO-82TAPYTA_20250424_215102.wav
6937	1	1	52.0	56.0	0.0	8000.0	cluster_2	BO-82Tapyta/BO-82TAPYTA_20250425_021302.wav
6938	1	1			0.0	8000.0		
6939	1	1			0.0	8000.0		
6940	1	1			0.0	8000.0		
6941	1	1			0.0	8000.0		
6942	1	1	0.0	4.0	0.0	8000.0	cluster_2	BO-82Tapyta/BO-82TAPYTA_20250418_013102.wav
6943	1	1			0.0	8000.0		
6944	1	1			0.0	8000.0		
6945	1	1			0.0	8000.0		
6946	1	1	10.0	14.0	0.0	8000.0	cluster_2	BO-81Tapyta/BO-81TAPYTA_20250415_234002.wav
6947	1	1	30.0	34.0	0.0	8000.0	cluster_2	BO-82Tapyta/BO-82TAPYTA_20250418_035502.wav
6948	1	1			0.0	8000.0		
6949	1	1	2.0	6.0	0.0	8000.0	cluster_2	BO-82Tapyta/BO-82TAPYTA_20250411_203502.wav
6950	1	1	42.0	46.0	0.0	8000.0	cluster_2	BO-82Tapyta/BO-82TAPYTA_20250424_005202.wav
6951	1	1			0.0	8000.0		
6952	1	1	44.0	48.0	0.0	8000.0	cluster_2	BO-81Tapyta/BO-81TAPYTA_20250412_015502.wav
6953	1	1			0.0	8000.0		
6954	1	1	32.0	36.0	0.0	8000.0	cluster_2	BO-82Tapyta/BO-82TAPYTA_20250416_215702.wav
6955	1	1			0.0	8000.0		
6956	1	1			0.0	8000.0		
6957	1	1			0.0	8000.0		
6958	1	1			0.0	8000.0		
6959	1	1			0.0	8000.0		
6960	1	1			0.0	8000.0		
6961	1	1			0.0	8000.0		
6962	1	1			0.0	8000.0		
6963	1	1			0.0	8000.0		
6964	1	1			0.0	8000.0		
6965	1	1	42.0	46.0	0.0	8000.0	cluster_2	BO-82Tapyta/BO-82TAPYTA_20250418_023202.wav
6966	1	1			0.0	8000.0		
6967	1	1			0.0	8000.0		
6968	1	1			0.0	8000.0		
6969	1	1			0.0	8000.0		
6970	1	1			0.0	8000.0		
6971	1	1			0.0	8000.0		
6972	1	1			0.0	8000.0		
6973	1	1			0.0	8000.0		
6974	1	1			0.0	8000.0		
6975	1	1			0.0	8000.0		
6976	1	1			0.0	8000.0		
6977	1	1	30.0	34.0	0.0	8000.0	cluster_2	BO-81Tapyta/BO-81TAPYTA_20250416_053002.wav
6978	1	1			0.0	8000.0		
6979	1	1			0.0	8000.0		
6980	1	1			0.0	8000.0		
6981	1	1			0.0	8000.0		
6982	1	1			0.0	8000.0		
6983	1	1			0.0	8000.0		
6984	1	1			0.0	8000.0		
6985	1	1			0.0	8000.0		
6986	1	1	50.0	54.0	0.0	8000.0	cluster_2	BO-81Tapyta/BO-81TAPYTA_20250412_001402.wav
6987	1	1			0.0	8000.0		
6988	1	1	26.0	30.0	0.0	8000.0	cluster_2	BO-82Tapyta/BO-82TAPYTA_20250417_232202.wav
6989	1	1			0.0	8000.0		
6990	1	1	24.0	28.0	0.0	8000.0	cluster_2	BO-81Tapyta/BO-81TAPYTA_20250416_002302.wav
6991	1	1			0.0	8000.0		
6992	1	1	18.0	22.0	0.0	8000.0	cluster_2	BO-81Tapyta/BO-81TAPYTA_20250412_015102.wav
6993	1	1			0.0	8000.0		
6994	1	1			0.0	8000.0		
6995	1	1			0.0	8000.0		
6996	1	1			0.0	8000.0		
6997	1	1			0.0	8000.0		
6998	1	1			0.0	8000.0		
6999	1	1			0.0	8000.0		
7000	1	1			0.0	8000.0		
7001	1	1			0.0	8000.0		
7002	1	1			0.0	8000.0		
7003	1	1			0.0	8000.0		
7004	1	1			0.0	8000.0		
7005	1	1			0.0	8000.0		
7006	1	1			0.0	8000.0		
7007	1	1	6.0	10.0	0.0	8000.0	cluster_2	BO-82Tapyta/BO-82TAPYTA_20250426_021802.wav
7008	1	1			0.0	8000.0		
7009	1	1	0.0	4.0	0.0	8000.0	cluster_2	BO-82Tapyta/BO-82TAPYTA_20250413_204502.wav
7010	1	1			0.0	8000.0		
7011	1	1			0.0	8000.0		
7012	1	1			0.0	8000.0		
7013	1	1			0.0	8000.0		
7014	1	1	52.0	56.0	0.0	8000.0	cluster_2	BO-82Tapyta/BO-82TAPYTA_20250417_214202.wav
7015	1	1	34.0	38.0	0.0	8000.0	cluster_2	BO-82Tapyta/BO-82TAPYTA_20250416_045202.wav
7016	1	1			0.0	8000.0		
7017	1	1	38.0	42.0	0.0	8000.0	cluster_2	BO-82Tapyta/BO-82TAPYTA_20250427_001302.wav
7018	1	1			0.0	8000.0		
7019	1	1			0.0	8000.0		
7020	1	1			0.0	8000.0		
7021	1	1			0.0	8000.0		
7022	1	1			0.0	8000.0		
7023	1	1			0.0	8000.0		
7024	1	1			0.0	8000.0		
7025	1	1			0.0	8000.0		
7026	1	1			0.0	8000.0		
7027	1	1			0.0	8000.0		
7028	1	1			0.0	8000.0		
7029	1	1			0.0	8000.0		
7030	1	1			0.0	8000.0		
7031	1	1	50.0	54.0	0.0	8000.0	cluster_2	BO-82Tapyta/BO-82TAPYTA_20250425_011102.wav
7032	1	1			0.0	8000.0		
7033	1	1			0.0	8000.0		
7034	1	1			0.0	8000.0		
7035	1	1			0.0	8000.0		
7036	1	1			0.0	8000.0		
7037	1	1			0.0	8000.0		
7038	1	1			0.0	8000.0		
7039	1	1			0.0	8000.0		
7040	1	1	48.0	52.0	0.0	8000.0	cluster_2	BO-82Tapyta/BO-82TAPYTA_20250501_184502.wav
7041	1	1			0.0	8000.0		
7042	1	1	44.0	48.0	0.0	8000.0	cluster_2	BO-82Tapyta/BO-82TAPYTA_20250417_221802.wav
7043	1	1	34.0	38.0	0.0	8000.0	cluster_2	BO-82Tapyta/BO-82TAPYTA_20250418_012602.wav
7044	1	1			0.0	8000.0		
7045	1	1			0.0	8000.0		
7046	1	1			0.0	8000.0		
7047	1	1			0.0	8000.0		
7048	1	1			0.0	8000.0		
7049	1	1			0.0	8000.0		
7050	1	1			0.0	8000.0		
7051	1	1			0.0	8000.0		
7052	1	1			0.0	8000.0		
7053	1	1	50.0	54.0	0.0	8000.0	cluster_2	BO-82Tapyta/BO-82TAPYTA_20250416_001602.wav
7054	1	1	18.0	22.0	0.0	8000.0	cluster_2	BO-82Tapyta/BO-82TAPYTA_20250416_000002.wav
7055	1	1			0.0	8000.0		
7056	1	1			0.0	8000.0		
7057	1	1			0.0	8000.0		
7058	1	1			0.0	8000.0		
7059	1	1			0.0	8000.0		
7060	1	1	50.0	54.0	0.0	8000.0	cluster_2	BO-82Tapyta/BO-82TAPYTA_20250424_234902.wav
7061	1	1			0.0	8000.0		
7062	1	1			0.0	8000.0		
7063	1	1			0.0	8000.0		
7064	1	1			0.0	8000.0		
7065	1	1			0.0	8000.0		
7066	1	1			0.0	8000.0		
7067	1	1	6.0	10.0	0.0	8000.0	cluster_2	BO-82Tapyta/BO-82TAPYTA_20250415_221802.wav
7068	1	1			0.0	8000.0		
7069	1	1			0.0	8000.0		
7070	1	1			0.0	8000.0		
7071	1	1			0.0	8000.0		
7072	1	1			0.0	8000.0		
7073	1	1			0.0	8000.0		
7074	1	1			0.0	8000.0		
7075	1	1			0.0	8000.0		
7076	1	1			0.0	8000.0		
7077	1	1			0.0	8000.0		
7078	1	1			0.0	8000.0		
7079	1	1	18.0	22.0	0.0	8000.0	cluster_2	BO-81Tapyta/BO-81TAPYTA_20250415_215802.wav
7080	1	1	24.0	28.0	0.0	8000.0	cluster_2	BO-82Tapyta/BO-82TAPYTA_20250427_034902.wav
7081	1	1			0.0	8000.0		
7082	1	1			0.0	8000.0		
7083	1	1	26.0	30.0	0.0	8000.0	cluster_2	BO-82Tapyta/BO-82TAPYTA_20250411_224102.wav
7084	1	1	6.0	10.0	0.0	8000.0	cluster_2	BO-82Tapyta/BO-82TAPYTA_20250411_234402.wav
7085	1	1			0.0	8000.0		
7086	1	1	28.0	32.0	0.0	8000.0	cluster_2	BO-81Tapyta/BO-81TAPYTA_20250416_043602.wav
7087	1	1			0.0	8000.0		
7088	1	1	22.0	26.0	0.0	8000.0	cluster_2	BO-82Tapyta/BO-82TAPYTA_20250425_010002.wav
7089	1	1			0.0	8000.0		
7090	1	1			0.0	8000.0		
7091	1	1			0.0	8000.0		
7092	1	1			0.0	8000.0		
7093	1	1			0.0	8000.0		
7094	1	1			0.0	8000.0		
7095	1	1			0.0	8000.0		
7096	1	1			0.0	8000.0		
7097	1	1			0.0	8000.0		
7098	1	1	18.0	22.0	0.0	8000.0	cluster_2	BO-82Tapyta/BO-82TAPYTA_20250415_222102.wav
7099	1	1			0.0	8000.0		
7100	1	1			0.0	8000.0		
7101	1	1			0.0	8000.0		
7102	1	1			0.0	8000.0		
7103	1	1	6.0	10.0	0.0	8000.0	cluster_2	BO-82Tapyta/BO-82TAPYTA_20250418_045702.wav
7104	1	1			0.0	8000.0		
7105	1	1	26.0	30.0	0.0	8000.0	cluster_2	BO-82Tapyta/BO-82TAPYTA_20250414_223902.wav
7106	1	1			0.0	8000.0		
7107	1	1			0.0	8000.0		
7108	1	1			0.0	8000.0		
7109	1	1			0.0	8000.0		
7110	1	1	46.0	50.0	0.0	8000.0	cluster_2	BO-82Tapyta/BO-82TAPYTA_20250426_003602.wav
7111	1	1			0.0	8000.0		
7112	1	1	40.0	44.0	0.0	8000.0	cluster_2	BO-81Tapyta/BO-81TAPYTA_20250415_204802.wav
7113	1	1			0.0	8000.0		
7114	1	1	50.0	54.0	0.0	8000.0	cluster_2	BO-81Tapyta/BO-81TAPYTA_20250413_215302.wav
7115	1	1			0.0	8000.0		
7116	1	1			0.0	8000.0		
7117	1	1	52.0	56.0	0.0	8000.0	cluster_2	BO-82Tapyta/BO-82TAPYTA_20250412_053202.wav
7118	1	1			0.0	8000.0		
7119	1	1			0.0	8000.0		
7120	1	1			0.0	8000.0		
7121	1	1			0.0	8000.0		
7122	1	1	22.0	26.0	0.0	8000.0	cluster_2	BO-81Tapyta/BO-81TAPYTA_20250415_213102.wav
7123	1	1			0.0	8000.0		
7124	1	1	48.0	52.0	0.0	8000.0	cluster_2	BO-82Tapyta/BO-82TAPYTA_20250416_024202.wav
7125	1	1			0.0	8000.0		
7126	1	1			0.0	8000.0		
7127	1	1			0.0	8000.0		
7128	1	1			0.0	8000.0		
7129	1	1	12.0	16.0	0.0	8000.0	cluster_2	BO-81Tapyta/BO-81TAPYTA_20250412_033902.wav
7130	1	1			0.0	8000.0		
7131	1	1			0.0	8000.0		
7132	1	1			0.0	8000.0		
7133	1	1			0.0	8000.0		
7134	1	1			0.0	8000.0		
7135	1	1	46.0	50.0	0.0	8000.0	cluster_2	BO-81Tapyta/BO-81TAPYTA_20250416_053002.wav
7136	1	1			0.0	8000.0		
7137	1	1			0.0	8000.0		
7138	1	1			0.0	8000.0		
7139	1	1			0.0	8000.0		
7140	1	1	46.0	50.0	0.0	8000.0	cluster_2	BO-82Tapyta/BO-82TAPYTA_20250425_211602.wav
7141	1	1	14.0	18.0	0.0	8000.0	cluster_2	BO-82Tapyta/BO-82TAPYTA_20250411_202302.wav
7142	1	1			0.0	8000.0		
7143	1	1			0.0	8000.0		
7144	1	1			0.0	8000.0		
7145	1	1			0.0	8000.0		
7146	1	1			0.0	8000.0		
7147	1	1			0.0	8000.0		
7148	1	1	10.0	14.0	0.0	8000.0	cluster_2	BO-82Tapyta/BO-82TAPYTA_20250416_014102.wav
7149	1	1	16.0	20.0	0.0	8000.0	cluster_2	BO-82Tapyta/BO-82TAPYTA_20250415_204402.wav
7150	1	1	50.0	54.0	0.0	8000.0	cluster_2	BO-81Tapyta/BO-81TAPYTA_20250416_034002.wav
7151	1	1			0.0	8000.0		
7152	1	1	28.0	32.0	0.0	8000.0	cluster_2	BO-82Tapyta/BO-82TAPYTA_20250412_043202.wav
7153	1	1			0.0	8000.0		
7154	1	1			0.0	8000.0		
7155	1	1			0.0	8000.0		
7156	1	1	6.0	10.0	0.0	8000.0	cluster_2	BO-82Tapyta/BO-82TAPYTA_20250417_231502.wav
7157	1	1			0.0	8000.0		
7158	1	1			0.0	8000.0		
7159	1	1	18.0	22.0	0.0	8000.0	cluster_2	BO-82Tapyta/BO-82TAPYTA_20250427_224102.wav
7160	1	1			0.0	8000.0		
7161	1	1			0.0	8000.0		
7162	1	1			0.0	8000.0		
7163	1	1			0.0	8000.0		
7164	1	1	48.0	52.0	0.0	8000.0	cluster_2	BO-82Tapyta/BO-82TAPYTA_20250426_190402.wav
7165	1	1			0.0	8000.0		
7166	1	1			0.0	8000.0		
7167	1	1			0.0	8000.0		
7168	1	1	34.0	38.0	0.0	8000.0	cluster_2	BO-82Tapyta/BO-82TAPYTA_20250425_015502.wav
7169	1	1			0.0	8000.0		
7170	1	1			0.0	8000.0		
7171	1	1			0.0	8000.0		
7172	1	1			0.0	8000.0		
7173	1	1			0.0	8000.0		
7174	1	1			0.0	8000.0		
7175	1	1			0.0	8000.0		
7176	1	1			0.0	8000.0		
7177	1	1			0.0	8000.0		
7178	1	1	32.0	36.0	0.0	8000.0	cluster_2	BO-82Tapyta/BO-82TAPYTA_20250426_020502.wav
7179	1	1			0.0	8000.0		
7180	1	1			0.0	8000.0		
7181	1	1	22.0	26.0	0.0	8000.0	cluster_2	BO-81Tapyta/BO-81TAPYTA_20250416_005302.wav
7182	1	1			0.0	8000.0		
7183	1	1			0.0	8000.0		
7184	1	1	24.0	28.0	0.0	8000.0	cluster_2	BO-82Tapyta/BO-82TAPYTA_20250425_204202.wav
7185	1	1			0.0	8000.0		
7186	1	1	10.0	14.0	0.0	8000.0	cluster_2	BO-82Tapyta/BO-82TAPYTA_20250416_022402.wav
7187	1	1			0.0	8000.0		
7188	1	1			0.0	8000.0		
7189	1	1			0.0	8000.0		
7190	1	1			0.0	8000.0		
7191	1	1			0.0	8000.0		
7192	1	1			0.0	8000.0		
7193	1	1			0.0	8000.0		
7194	1	1			0.0	8000.0		
7195	1	1	34.0	38.0	0.0	8000.0	cluster_2	BO-82Tapyta/BO-82TAPYTA_20250415_192702.wav
7196	1	1			0.0	8000.0		
7197	1	1			0.0	8000.0		
7198	1	1			0.0	8000.0		
7199	1	1			0.0	8000.0		
7200	1	1			0.0	8000.0		
7201	1	1			0.0	8000.0		
7202	1	1			0.0	8000.0		
7203	1	1	4.0	8.0	0.0	8000.0	cluster_2	BO-81Tapyta/BO-81TAPYTA_20250416_034102.wav
7204	1	1			0.0	8000.0		
7205	1	1			0.0	8000.0		
7206	1	1	34.0	38.0	0.0	8000.0	cluster_2	BO-82Tapyta/BO-82TAPYTA_20250427_022802.wav
7207	1	1			0.0	8000.0		
7208	1	1	22.0	26.0	0.0	8000.0	cluster_2	BO-82Tapyta/BO-82TAPYTA_20250416_200002.wav
7209	1	1			0.0	8000.0		
7210	1	1	30.0	34.0	0.0	8000.0	cluster_2	BO-82Tapyta/BO-82TAPYTA_20250424_204902.wav
7211	1	1			0.0	8000.0		
7212	1	1			0.0	8000.0		
7213	1	1	14.0	18.0	0.0	8000.0	cluster_2	BO-82Tapyta/BO-82TAPYTA_20250411_230302.wav
7214	1	1			0.0	8000.0		
7215	1	1			0.0	8000.0		
7216	1	1			0.0	8000.0		
7217	1	1	30.0	34.0	0.0	8000.0	cluster_2	BO-82Tapyta/BO-82TAPYTA_20250417_194102.wav
7218	1	1			0.0	8000.0		
7219	1	1	8.0	12.0	0.0	8000.0	cluster_2	BO-82Tapyta/BO-82TAPYTA_20250415_203202.wav
7220	1	1			0.0	8000.0		
7221	1	1			0.0	8000.0		
7222	1	1			0.0	8000.0		
7223	1	1			0.0	8000.0		
7224	1	1	50.0	54.0	0.0	8000.0	cluster_2	BO-82Tapyta/BO-82TAPYTA_20250416_002102.wav
7225	1	1			0.0	8000.0		
7226	1	1	30.0	34.0	0.0	8000.0	cluster_2	BO-81Tapyta/BO-81TAPYTA_20250415_214302.wav
7227	1	1			0.0	8000.0		
7228	1	1	26.0	30.0	0.0	8000.0	cluster_2	BO-82Tapyta/BO-82TAPYTA_20250418_001702.wav
7229	1	1			0.0	8000.0		
7230	1	1			0.0	8000.0		
7231	1	1			0.0	8000.0		
7232	1	1			0.0	8000.0		
7233	1	1	14.0	18.0	0.0	8000.0	cluster_2	BO-82Tapyta/BO-82TAPYTA_20250427_234702.wav
7234	1	1			0.0	8000.0		
7235	1	1	24.0	28.0	0.0	8000.0	cluster_2	BO-82Tapyta/BO-82TAPYTA_20250426_213402.wav
7236	1	1			0.0	8000.0		
7237	1	1	26.0	30.0	0.0	8000.0	cluster_2	BO-82Tapyta/BO-82TAPYTA_20250426_020202.wav
7238	1	1			0.0	8000.0		
7239	1	1			0.0	8000.0		
7240	1	1			0.0	8000.0		
7241	1	1	24.0	28.0	0.0	8000.0	cluster_2	BO-82Tapyta/BO-82TAPYTA_20250417_214802.wav
7242	1	1			0.0	8000.0		
7243	1	1			0.0	8000.0		
7244	1	1			0.0	8000.0		
7245	1	1			0.0	8000.0		
7246	1	1			0.0	8000.0		
7247	1	1			0.0	8000.0		
7248	1	1			0.0	8000.0		
7249	1	1	36.0	40.0	0.0	8000.0	cluster_2	BO-82Tapyta/BO-82TAPYTA_20250417_013202.wav
7250	1	1			0.0	8000.0		
7251	1	1			0.0	8000.0		
7252	1	1	42.0	46.0	0.0	8000.0	cluster_2	BO-82Tapyta/BO-82TAPYTA_20250417_221502.wav
7253	1	1			0.0	8000.0		
7254	1	1			0.0	8000.0		
7255	1	1			0.0	8000.0		
7256	1	1			0.0	8000.0		
7257	1	1			0.0	8000.0		
7258	1	1			0.0	8000.0		
7259	1	1			0.0	8000.0		
7260	1	1			0.0	8000.0		
7261	1	1	42.0	46.0	0.0	8000.0	cluster_2	BO-82Tapyta/BO-82TAPYTA_20250416_221602.wav
7262	1	1			0.0	8000.0		
7263	1	1			0.0	8000.0		
7264	1	1	8.0	12.0	0.0	8000.0	cluster_2	BO-82Tapyta/BO-82TAPYTA_20250426_031202.wav
7265	1	1	24.0	28.0	0.0	8000.0	cluster_2	BO-82Tapyta/BO-82TAPYTA_20250412_033502.wav
7266	1	1			0.0	8000.0		
7267	1	1			0.0	8000.0		
7268	1	1	22.0	26.0	0.0	8000.0	cluster_2	BO-82Tapyta/BO-82TAPYTA_20250425_021002.wav
7269	1	1	4.0	8.0	0.0	8000.0	cluster_2	BO-82Tapyta/BO-82TAPYTA_20250415_232902.wav
7270	1	1	16.0	20.0	0.0	8000.0	cluster_2	BO-82Tapyta/BO-82TAPYTA_20250415_231502.wav
7271	1	1			0.0	8000.0		
7272	1	1			0.0	8000.0		
7273	1	1	46.0	50.0	0.0	8000.0	cluster_2	BO-82Tapyta/BO-82TAPYTA_20250416_193702.wav
7274	1	1			0.0	8000.0		
7275	1	1			0.0	8000.0		
7276	1	1	24.0	28.0	0.0	8000.0	cluster_2	BO-82Tapyta/BO-82TAPYTA_20250425_211702.wav
7277	1	1			0.0	8000.0		
7278	1	1			0.0	8000.0		
7279	1	1	52.0	56.0	0.0	8000.0	cluster_2	BO-82Tapyta/BO-82TAPYTA_20250427_203502.wav
7280	1	1	20.0	24.0	0.0	8000.0	cluster_2	BO-82Tapyta/BO-82TAPYTA_20250424_221102.wav
7281	1	1			0.0	8000.0		
7282	1	1	10.0	14.0	0.0	8000.0	cluster_2	BO-82Tapyta/BO-82TAPYTA_20250417_213102.wav
7283	1	1			0.0	8000.0		
7284	1	1			0.0	8000.0		
7285	1	1	20.0	24.0	0.0	8000.0	cluster_2	BO-82Tapyta/BO-82TAPYTA_20250412_002502.wav
7286	1	1			0.0	8000.0		
7287	1	1			0.0	8000.0		
7288	1	1			0.0	8000.0		
7289	1	1			0.0	8000.0		
7290	1	1			0.0	8000.0		
7291	1	1			0.0	8000.0		
7292	1	1	0.0	4.0	0.0	8000.0	cluster_2	BO-82Tapyta/BO-82TAPYTA_20250415_224002.wav
7293	1	1			0.0	8000.0		
7294	1	1	32.0	36.0	0.0	8000.0	cluster_2	BO-82Tapyta/BO-82TAPYTA_20250426_211802.wav
7295	1	1			0.0	8000.0		
7296	1	1			0.0	8000.0		
7297	1	1			0.0	8000.0		
7298	1	1			0.0	8000.0		
7299	1	1	6.0	10.0	0.0	8000.0	cluster_2	BO-81Tapyta/BO-81TAPYTA_20250416_045002.wav
7300	1	1			0.0	8000.0		
7301	1	1	28.0	32.0	0.0	8000.0	cluster_2	BO-82Tapyta/BO-82TAPYTA_20250425_014002.wav
7302	1	1			0.0	8000.0		
7303	1	1			0.0	8000.0		
7304	1	1			0.0	8000.0		
7305	1	1	42.0	46.0	0.0	8000.0	cluster_2	BO-82Tapyta/BO-82TAPYTA_20250427_002502.wav
7306	1	1			0.0	8000.0		
7307	1	1	0.0	4.0	0.0	8000.0	cluster_2	BO-82Tapyta/BO-82TAPYTA_20250426_222002.wav
7308	1	1			0.0	8000.0		
7309	1	1			0.0	8000.0		
7310	1	1			0.0	8000.0		
7311	1	1			0.0	8000.0		
7312	1	1	28.0	32.0	0.0	8000.0	cluster_2	BO-81Tapyta/BO-81TAPYTA_20250415_201902.wav
7313	1	1			0.0	8000.0		
7314	1	1			0.0	8000.0		
7315	1	1	40.0	44.0	0.0	8000.0	cluster_2	BO-81Tapyta/BO-81TAPYTA_20250412_002202.wav
7316	1	1			0.0	8000.0		
7317	1	1	44.0	48.0	0.0	8000.0	cluster_2	BO-82Tapyta/BO-82TAPYTA_20250414_221202.wav
7318	1	1			0.0	8000.0		
7319	1	1			0.0	8000.0		
7320	1	1			0.0	8000.0		
7321	1	1			0.0	8000.0		
7322	1	1			0.0	8000.0		
7323	1	1	16.0	20.0	0.0	8000.0	cluster_2	BO-82Tapyta/BO-82TAPYTA_20250417_213102.wav
7324	1	1			0.0	8000.0		
7325	1	1			0.0	8000.0		
7326	1	1			0.0	8000.0		
7327	1	1			0.0	8000.0		
7328	1	1	8.0	12.0	0.0	8000.0	cluster_2	BO-82Tapyta/BO-82TAPYTA_20250417_195402.wav
7329	1	1			0.0	8000.0		
7330	1	1	34.0	38.0	0.0	8000.0	cluster_2	BO-82Tapyta/BO-82TAPYTA_20250427_035602.wav
7331	1	1			0.0	8000.0		
7332	1	1			0.0	8000.0		
7333	1	1			0.0	8000.0		
7334	1	1			0.0	8000.0		
7335	1	1			0.0	8000.0		
7336	1	1			0.0	8000.0		
7337	1	1			0.0	8000.0		
7338	1	1			0.0	8000.0		
7339	1	1	22.0	26.0	0.0	8000.0	cluster_2	BO-82Tapyta/BO-82TAPYTA_20250411_201802.wav
7340	1	1	2.0	6.0	0.0	8000.0	cluster_2	BO-82Tapyta/BO-82TAPYTA_20250427_025902.wav
7341	1	1			0.0	8000.0		
7342	1	1			0.0	8000.0		
7343	1	1	4.0	8.0	0.0	8000.0	cluster_2	BO-82Tapyta/BO-82TAPYTA_20250425_001502.wav
7344	1	1			0.0	8000.0		
7345	1	1			0.0	8000.0		
7346	1	1			0.0	8000.0		
7347	1	1			0.0	8000.0		
7348	1	1			0.0	8000.0		
7349	1	1			0.0	8000.0		
7350	1	1	6.0	10.0	0.0	8000.0	cluster_2	BO-81Tapyta/BO-81TAPYTA_20250411_214002.wav
7351	1	1			0.0	8000.0		
7352	1	1			0.0	8000.0		
7353	1	1			0.0	8000.0		
7354	1	1	50.0	54.0	0.0	8000.0	cluster_2	BO-82Tapyta/BO-82TAPYTA_20250426_054802.wav
7355	1	1	2.0	6.0	0.0	8000.0	cluster_2	BO-82Tapyta/BO-82TAPYTA_20250425_203002.wav
7356	1	1			0.0	8000.0		
7357	1	1			0.0	8000.0		
7358	1	1	18.0	22.0	0.0	8000.0	cluster_2	BO-82Tapyta/BO-82TAPYTA_20250423_235702.wav
7359	1	1			0.0	8000.0		
7360	1	1	2.0	6.0	0.0	8000.0	cluster_2	BO-82Tapyta/BO-82TAPYTA_20250427_231202.wav
7361	1	1			0.0	8000.0		
7362	1	1			0.0	8000.0		
7363	1	1			0.0	8000.0		
7364	1	1			0.0	8000.0		
7365	1	1	34.0	38.0	0.0	8000.0	cluster_2	BO-82Tapyta/BO-82TAPYTA_20250415_200102.wav
7366	1	1			0.0	8000.0		
7367	1	1	46.0	50.0	0.0	8000.0	cluster_2	BO-81Tapyta/BO-81TAPYTA_20250412_012402.wav
7368	1	1			0.0	8000.0		
7369	1	1			0.0	8000.0		
7370	1	1			0.0	8000.0		
7371	1	1			0.0	8000.0		
7372	1	1			0.0	8000.0		
7373	1	1			0.0	8000.0		
7374	1	1	40.0	44.0	0.0	8000.0	cluster_2	BO-82Tapyta/BO-82TAPYTA_20250412_023702.wav
7375	1	1			0.0	8000.0		
7376	1	1			0.0	8000.0		
7377	1	1			0.0	8000.0		
7378	1	1	38.0	42.0	0.0	8000.0	cluster_2	BO-82Tapyta/BO-82TAPYTA_20250425_005502.wav
7379	1	1			0.0	8000.0		
7380	1	1	4.0	8.0	0.0	8000.0	cluster_2	BO-82Tapyta/BO-82TAPYTA_20250412_020902.wav
7381	1	1			0.0	8000.0		
7382	1	1			0.0	8000.0		
7383	1	1			0.0	8000.0		
7384	1	1			0.0	8000.0		
7385	1	1			0.0	8000.0		
7386	1	1			0.0	8000.0		
7387	1	1			0.0	8000.0		
7388	1	1			0.0	8000.0		
7389	1	1			0.0	8000.0		
7390	1	1	40.0	44.0	0.0	8000.0	cluster_2	BO-82Tapyta/BO-82TAPYTA_20250418_052902.wav
7391	1	1			0.0	8000.0		
7392	1	1			0.0	8000.0		
7393	1	1			0.0	8000.0		
7394	1	1			0.0	8000.0		
7395	1	1			0.0	8000.0		
7396	1	1			0.0	8000.0		
7397	1	1			0.0	8000.0		
7398	1	1			0.0	8000.0		
7399	1	1	42.0	46.0	0.0	8000.0	cluster_2	BO-82Tapyta/BO-82TAPYTA_20250413_213902.wav
7400	1	1			0.0	8000.0		
7401	1	1			0.0	8000.0		
7402	1	1			0.0	8000.0		
7403	1	1			0.0	8000.0		
7404	1	1			0.0	8000.0		
7405	1	1	36.0	40.0	0.0	8000.0	cluster_2	BO-82Tapyta/BO-82TAPYTA_20250417_194302.wav
7406	1	1	32.0	36.0	0.0	8000.0	cluster_2	BO-82Tapyta/BO-82TAPYTA_20250416_234002.wav
7407	1	1			0.0	8000.0		
7408	1	1			0.0	8000.0		
7409	1	1			0.0	8000.0		
7410	1	1			0.0	8000.0		
7411	1	1	34.0	38.0	0.0	8000.0	cluster_2	BO-82Tapyta/BO-82TAPYTA_20250425_000102.wav
7412	1	1			0.0	8000.0		
7413	1	1			0.0	8000.0		
7414	1	1			0.0	8000.0		
7415	1	1	28.0	32.0	0.0	8000.0	cluster_2	BO-82Tapyta/BO-82TAPYTA_20250427_210702.wav
7416	1	1			0.0	8000.0		
7417	1	1			0.0	8000.0		
7418	1	1	2.0	6.0	0.0	8000.0	cluster_2	BO-82Tapyta/BO-82TAPYTA_20250416_040302.wav
7419	1	1			0.0	8000.0		
7420	1	1	32.0	36.0	0.0	8000.0	cluster_2	BO-82Tapyta/BO-82TAPYTA_20250417_230502.wav
7421	1	1			0.0	8000.0		
7422	1	1			0.0	8000.0		
7423	1	1	20.0	24.0	0.0	8000.0	cluster_2	BO-81Tapyta/BO-81TAPYTA_20250415_221702.wav
7424	1	1			0.0	8000.0		
7425	1	1			0.0	8000.0		
7426	1	1			0.0	8000.0		
7427	1	1			0.0	8000.0		
7428	1	1	0.0	4.0	0.0	8000.0	cluster_2	BO-82Tapyta/BO-82TAPYTA_20250425_193602.wav
7429	1	1			0.0	8000.0		
7430	1	1			0.0	8000.0		
7431	1	1			0.0	8000.0		
7432	1	1			0.0	8000.0		
7433	1	1			0.0	8000.0		
7434	1	1			0.0	8000.0		
7435	1	1			0.0	8000.0		
7436	1	1			0.0	8000.0		
7437	1	1			0.0	8000.0		
7438	1	1			0.0	8000.0		
7439	1	1			0.0	8000.0		
7440	1	1			0.0	8000.0		
7441	1	1	32.0	36.0	0.0	8000.0	cluster_2	BO-82Tapyta/BO-82TAPYTA_20250426_054902.wav
7442	1	1	10.0	14.0	0.0	8000.0	cluster_2	BO-82Tapyta/BO-82TAPYTA_20250417_225202.wav
7443	1	1			0.0	8000.0		
7444	1	1	36.0	40.0	0.0	8000.0	cluster_2	BO-82Tapyta/BO-82TAPYTA_20250427_203402.wav
7445	1	1			0.0	8000.0		
7446	1	1			0.0	8000.0		
7447	1	1			0.0	8000.0		
7448	1	1	50.0	54.0	0.0	8000.0	cluster_2	BO-82Tapyta/BO-82TAPYTA_20250417_222102.wav
7449	1	1	2.0	6.0	0.0	8000.0	cluster_2	BO-82Tapyta/BO-82TAPYTA_20250417_214702.wav
7450	1	1			0.0	8000.0		
7451	1	1			0.0	8000.0		
7452	1	1			0.0	8000.0		
7453	1	1			0.0	8000.0		
7454	1	1			0.0	8000.0		
7455	1	1			0.0	8000.0		
7456	1	1			0.0	8000.0		
7457	1	1			0.0	8000.0		
7458	1	1			0.0	8000.0		
7459	1	1			0.0	8000.0		
7460	1	1			0.0	8000.0		
7461	1	1	52.0	56.0	0.0	8000.0	cluster_2	BO-82Tapyta/BO-82TAPYTA_20250425_225202.wav
7462	1	1			0.0	8000.0		
7463	1	1			0.0	8000.0		
7464	1	1			0.0	8000.0		
7465	1	1			0.0	8000.0		
7466	1	1			0.0	8000.0		
7467	1	1			0.0	8000.0		
7468	1	1	38.0	42.0	0.0	8000.0	cluster_2	BO-82Tapyta/BO-82TAPYTA_20250424_212202.wav
7469	1	1			0.0	8000.0		
7470	1	1			0.0	8000.0		
7471	1	1			0.0	8000.0		
7472	1	1			0.0	8000.0		
7473	1	1			0.0	8000.0		
7474	1	1	0.0	4.0	0.0	8000.0	cluster_2	BO-81Tapyta/BO-81TAPYTA_20250416_032702.wav
7475	1	1			0.0	8000.0		
7476	1	1			0.0	8000.0		
7477	1	1			0.0	8000.0		
7478	1	1			0.0	8000.0		
7479	1	1			0.0	8000.0		
7480	1	1			0.0	8000.0		
7481	1	1			0.0	8000.0		
7482	1	1			0.0	8000.0		
7483	1	1			0.0	8000.0		
7484	1	1			0.0	8000.0		
7485	1	1			0.0	8000.0		
7486	1	1			0.0	8000.0		
7487	1	1			0.0	8000.0		
7488	1	1			0.0	8000.0		
7489	1	1			0.0	8000.0		
7490	1	1	14.0	18.0	0.0	8000.0	cluster_2	BO-82Tapyta/BO-82TAPYTA_20250415_202602.wav
7491	1	1			0.0	8000.0		
7492	1	1			0.0	8000.0		
7493	1	1			0.0	8000.0		
7494	1	1			0.0	8000.0		
7495	1	1			0.0	8000.0		
7496	1	1			0.0	8000.0		
7497	1	1			0.0	8000.0		
7498	1	1			0.0	8000.0		
7499	1	1			0.0	8000.0		
7500	1	1			0.0	8000.0		
7501	1	1	44.0	48.0	0.0	8000.0	cluster_2	BO-82Tapyta/BO-82TAPYTA_20250417_043002.wav
7502	1	1			0.0	8000.0		
7503	1	1	28.0	32.0	0.0	8000.0	cluster_2	BO-82Tapyta/BO-82TAPYTA_20250426_190802.wav
7504	1	1			0.0	8000.0		
7505	1	1			0.0	8000.0		
7506	1	1			0.0	8000.0		
7507	1	1	24.0	28.0	0.0	8000.0	cluster_2	BO-82Tapyta/BO-82TAPYTA_20250426_010702.wav
7508	1	1			0.0	8000.0		
7509	1	1			0.0	8000.0		
7510	1	1			0.0	8000.0		
7511	1	1			0.0	8000.0		
7512	1	1			0.0	8000.0		
7513	1	1			0.0	8000.0		
7514	1	1			0.0	8000.0		
7515	1	1	42.0	46.0	0.0	8000.0	cluster_2	BO-82Tapyta/BO-82TAPYTA_20250426_235902.wav
7516	1	1			0.0	8000.0		
7517	1	1			0.0	8000.0		
7518	1	1			0.0	8000.0		
7519	1	1			0.0	8000.0		
7520	1	1			0.0	8000.0		
7521	1	1			0.0	8000.0		
7522	1	1			0.0	8000.0		
7523	1	1			0.0	8000.0		
7524	1	1			0.0	8000.0		
7525	1	1			0.0	8000.0		
7526	1	1			0.0	8000.0		
7527	1	1			0.0	8000.0		
7528	1	1			0.0	8000.0		
7529	1	1			0.0	8000.0		
7530	1	1			0.0	8000.0		
7531	1	1			0.0	8000.0		
7532	1	1			0.0	8000.0		
7533	1	1			0.0	8000.0		
7534	1	1			0.0	8000.0		
7535	1	1	34.0	38.0	0.0	8000.0	cluster_2	BO-82Tapyta/BO-82TAPYTA_20250502_223702.wav
7536	1	1			0.0	8000.0		
7537	1	1			0.0	8000.0		
7538	1	1			0.0	8000.0		
7539	1	1			0.0	8000.0		
7540	1	1	38.0	42.0	0.0	8000.0	cluster_2	BO-82Tapyta/BO-82TAPYTA_20250418_012802.wav
7541	1	1			0.0	8000.0		
7542	1	1			0.0	8000.0		
7543	1	1			0.0	8000.0		
7544	1	1			0.0	8000.0		
7545	1	1			0.0	8000.0		
7546	1	1			0.0	8000.0		
7547	1	1			0.0	8000.0		
7548	1	1			0.0	8000.0		
7549	1	1			0.0	8000.0		
7550	1	1			0.0	8000.0		
7551	1	1			0.0	8000.0		
7552	1	1			0.0	8000.0		
7553	1	1			0.0	8000.0		
7554	1	1	18.0	22.0	0.0	8000.0	cluster_2	BO-82Tapyta/BO-82TAPYTA_20250412_003702.wav
7555	1	1	26.0	30.0	0.0	8000.0	cluster_2	BO-82Tapyta/BO-82TAPYTA_20250502_210802.wav
7556	1	1	40.0	44.0	0.0	8000.0	cluster_2	BO-82Tapyta/BO-82TAPYTA_20250425_225202.wav
7557	1	1	50.0	54.0	0.0	8000.0	cluster_2	BO-82Tapyta/BO-82TAPYTA_20250411_235002.wav
7558	1	1			0.0	8000.0		
7559	1	1			0.0	8000.0		
7560	1	1			0.0	8000.0		
7561	1	1			0.0	8000.0		
7562	1	1			0.0	8000.0		
7563	1	1	2.0	6.0	0.0	8000.0	cluster_2	BO-82Tapyta/BO-82TAPYTA_20250426_013302.wav
7564	1	1	12.0	16.0	0.0	8000.0	cluster_2	BO-82Tapyta/BO-82TAPYTA_20250417_220202.wav
7565	1	1			0.0	8000.0		
7566	1	1	52.0	56.0	0.0	8000.0	cluster_2	BO-81Tapyta/BO-81TAPYTA_20250416_032302.wav
7567	1	1	20.0	24.0	0.0	8000.0	cluster_2	BO-82Tapyta/BO-82TAPYTA_20250413_203402.wav
7568	1	1			0.0	8000.0		
7569	1	1			0.0	8000.0		
7570	1	1			0.0	8000.0		
7571	1	1			0.0	8000.0		
7572	1	1	2.0	6.0	0.0	8000.0	cluster_2	BO-82Tapyta/BO-82TAPYTA_20250417_192902.wav
7573	1	1			0.0	8000.0		
7574	1	1	48.0	52.0	0.0	8000.0	cluster_2	BO-82Tapyta/BO-82TAPYTA_20250416_012702.wav
7575	1	1			0.0	8000.0		
7576	1	1	2.0	6.0	0.0	8000.0	cluster_2	BO-81Tapyta/BO-81TAPYTA_20250415_224302.wav
7577	1	1			0.0	8000.0		
7578	1	1	24.0	28.0	0.0	8000.0	cluster_2	BO-82Tapyta/BO-82TAPYTA_20250416_204302.wav
7579	1	1			0.0	8000.0		
7580	1	1			0.0	8000.0		
7581	1	1			0.0	8000.0		
7582	1	1			0.0	8000.0		
7583	1	1			0.0	8000.0		
7584	1	1			0.0	8000.0		
7585	1	1			0.0	8000.0		
7586	1	1			0.0	8000.0		
7587	1	1			0.0	8000.0		
7588	1	1			0.0	8000.0		
7589	1	1	6.0	10.0	0.0	8000.0	cluster_2	BO-82Tapyta/BO-82TAPYTA_20250423_214902.wav
7590	1	1			0.0	8000.0		
7591	1	1			0.0	8000.0		
7592	1	1			0.0	8000.0		
7593	1	1	32.0	36.0	0.0	8000.0	cluster_2	BO-81Tapyta/BO-81TAPYTA_20250416_032102.wav
7594	1	1			0.0	8000.0		
7595	1	1			0.0	8000.0		
7596	1	1	12.0	16.0	0.0	8000.0	cluster_2	BO-82Tapyta/BO-82TAPYTA_20250417_012702.wav
7597	1	1			0.0	8000.0		
7598	1	1	46.0	50.0	0.0	8000.0	cluster_2	BO-82Tapyta/BO-82TAPYTA_20250424_235302.wav
7599	1	1			0.0	8000.0		
7600	1	1			0.0	8000.0		
7601	1	1			0.0	8000.0		
7602	1	1			0.0	8000.0		
7603	1	1	50.0	54.0	0.0	8000.0	cluster_2	BO-82Tapyta/BO-82TAPYTA_20250502_200602.wav
7604	1	1			0.0	8000.0		
7605	1	1			0.0	8000.0		
7606	1	1	14.0	18.0	0.0	8000.0	cluster_2	BO-81Tapyta/BO-81TAPYTA_20250415_223102.wav
7607	1	1	22.0	26.0	0.0	8000.0	cluster_2	BO-82Tapyta/BO-82TAPYTA_20250426_044502.wav
7608	1	1	46.0	50.0	0.0	8000.0	cluster_2	BO-81Tapyta/BO-81TAPYTA_20250412_001602.wav
7609	1	1			0.0	8000.0		
7610	1	1	40.0	44.0	0.0	8000.0	cluster_2	BO-82Tapyta/BO-82TAPYTA_20250414_223702.wav
7611	1	1			0.0	8000.0		
7612	1	1			0.0	8000.0		
7613	1	1	20.0	24.0	0.0	8000.0	cluster_2	BO-82Tapyta/BO-82TAPYTA_20250417_002602.wav
7614	1	1	44.0	48.0	0.0	8000.0	cluster_2	BO-82Tapyta/BO-82TAPYTA_20250425_011802.wav
7615	1	1			0.0	8000.0		
7616	1	1			0.0	8000.0		
7617	1	1			0.0	8000.0		
7618	1	1			0.0	8000.0		
7619	1	1	16.0	20.0	0.0	8000.0	cluster_2	BO-82Tapyta/BO-82TAPYTA_20250415_194002.wav
7620	1	1	16.0	20.0	0.0	8000.0	cluster_2	BO-82Tapyta/BO-82TAPYTA_20250426_020602.wav
7621	1	1			0.0	8000.0		
7622	1	1	46.0	50.0	0.0	8000.0	cluster_2	BO-82Tapyta/BO-82TAPYTA_20250417_000702.wav
7623	1	1	42.0	46.0	0.0	8000.0	cluster_2	BO-82Tapyta/BO-82TAPYTA_20250427_050302.wav
7624	1	1			0.0	8000.0		
7625	1	1			0.0	8000.0		
7626	1	1			0.0	8000.0		
7627	1	1	8.0	12.0	0.0	8000.0	cluster_2	BO-82Tapyta/BO-82TAPYTA_20250413_200102.wav
7628	1	1			0.0	8000.0		
7629	1	1			0.0	8000.0		
7630	1	1			0.0	8000.0		
7631	1	1	50.0	54.0	0.0	8000.0	cluster_2	BO-81Tapyta/BO-81TAPYTA_20250415_210502.wav
7632	1	1			0.0	8000.0		
7633	1	1			0.0	8000.0		
7634	1	1			0.0	8000.0		
7635	1	1	16.0	20.0	0.0	8000.0	cluster_2	BO-82Tapyta/BO-82TAPYTA_20250425_004402.wav
7636	1	1			0.0	8000.0		
7637	1	1			0.0	8000.0		
7638	1	1			0.0	8000.0		
7639	1	1			0.0	8000.0		
7640	1	1			0.0	8000.0		
7641	1	1			0.0	8000.0		
7642	1	1			0.0	8000.0		
7643	1	1			0.0	8000.0		
7644	1	1	36.0	40.0	0.0	8000.0	cluster_2	BO-82Tapyta/BO-82TAPYTA_20250411_234902.wav
7645	1	1	0.0	4.0	0.0	8000.0	cluster_2	BO-82Tapyta/BO-82TAPYTA_20250416_023302.wav
7646	1	1			0.0	8000.0		
7647	1	1	22.0	26.0	0.0	8000.0	cluster_2	BO-82Tapyta/BO-82TAPYTA_20250426_223002.wav
7648	1	1			0.0	8000.0		
7649	1	1	30.0	34.0	0.0	8000.0	cluster_2	BO-82Tapyta/BO-82TAPYTA_20250426_042202.wav
7650	1	1	36.0	40.0	0.0	8000.0	cluster_2	BO-82Tapyta/BO-82TAPYTA_20250416_053702.wav
7651	1	1	38.0	42.0	0.0	8000.0	cluster_2	BO-82Tapyta/BO-82TAPYTA_20250416_210002.wav
7652	1	1			0.0	8000.0		
7653	1	1			0.0	8000.0		
7654	1	1			0.0	8000.0		
7655	1	1			0.0	8000.0		
7656	1	1			0.0	8000.0		
7657	1	1			0.0	8000.0		
7658	1	1			0.0	8000.0		
7659	1	1			0.0	8000.0		
7660	1	1			0.0	8000.0		
7661	1	1			0.0	8000.0		
7662	1	1			0.0	8000.0		
7663	1	1	42.0	46.0	0.0	8000.0	cluster_2	BO-82Tapyta/BO-82TAPYTA_20250416_234602.wav
7664	1	1			0.0	8000.0		
7665	1	1			0.0	8000.0		
7666	1	1	20.0	24.0	0.0	8000.0	cluster_2	BO-82Tapyta/BO-82TAPYTA_20250413_210002.wav
7667	1	1			0.0	8000.0		
7668	1	1			0.0	8000.0		
7669	1	1	4.0	8.0	0.0	8000.0	cluster_2	BO-82Tapyta/BO-82TAPYTA_20250425_200002.wav
7670	1	1			0.0	8000.0		
7671	1	1			0.0	8000.0		
7672	1	1			0.0	8000.0		
7673	1	1	48.0	52.0	0.0	8000.0	cluster_2	BO-82Tapyta/BO-82TAPYTA_20250502_220002.wav
7674	1	1	34.0	38.0	0.0	8000.0	cluster_2	BO-82Tapyta/BO-82TAPYTA_20250414_203002.wav
7675	1	1			0.0	8000.0		
7676	1	1			0.0	8000.0		
7677	1	1			0.0	8000.0		
7678	1	1			0.0	8000.0		
7679	1	1			0.0	8000.0		
7680	1	1	4.0	8.0	0.0	8000.0	cluster_2	BO-82Tapyta/BO-82TAPYTA_20250424_233002.wav
7681	1	1			0.0	8000.0		
7682	1	1			0.0	8000.0		
7683	1	1	6.0	10.0	0.0	8000.0	cluster_2	BO-82Tapyta/BO-82TAPYTA_20250418_010102.wav
7684	1	1	26.0	30.0	0.0	8000.0	cluster_2	BO-82Tapyta/BO-82TAPYTA_20250424_211902.wav
7685	1	1			0.0	8000.0		
7686	1	1			0.0	8000.0		
7687	1	1			0.0	8000.0		
7688	1	1			0.0	8000.0		
7689	1	1	6.0	10.0	0.0	8000.0	cluster_2	BO-82Tapyta/BO-82TAPYTA_20250425_005202.wav
7690	1	1			0.0	8000.0		
7691	1	1	20.0	24.0	0.0	8000.0	cluster_2	BO-82Tapyta/BO-82TAPYTA_20250426_025302.wav
7692	1	1			0.0	8000.0		
7693	1	1			0.0	8000.0		
7694	1	1			0.0	8000.0		
7695	1	1	38.0	42.0	0.0	8000.0	cluster_2	BO-82Tapyta/BO-82TAPYTA_20250417_213902.wav
7696	1	1			0.0	8000.0		
7697	1	1			0.0	8000.0		
7698	1	1			0.0	8000.0		
7699	1	1			0.0	8000.0		
7700	1	1	16.0	20.0	0.0	8000.0	cluster_2	BO-82Tapyta/BO-82TAPYTA_20250417_024102.wav
7701	1	1			0.0	8000.0		
7702	1	1			0.0	8000.0		
7703	1	1			0.0	8000.0		
7704	1	1			0.0	8000.0		
7705	1	1			0.0	8000.0		
7706	1	1	12.0	16.0	0.0	8000.0	cluster_2	BO-82Tapyta/BO-82TAPYTA_20250415_202802.wav
7707	1	1	8.0	12.0	0.0	8000.0	cluster_2	BO-82Tapyta/BO-82TAPYTA_20250427_010402.wav
7708	1	1			0.0	8000.0		
7709	1	1			0.0	8000.0		
7710	1	1			0.0	8000.0		
7711	1	1			0.0	8000.0		
7712	1	1	16.0	20.0	0.0	8000.0	cluster_2	BO-82Tapyta/BO-82TAPYTA_20250413_221902.wav
7713	1	1			0.0	8000.0		
7714	1	1	50.0	54.0	0.0	8000.0	cluster_2	BO-82Tapyta/BO-82TAPYTA_20250417_224802.wav
7715	1	1			0.0	8000.0		
7716	1	1			0.0	8000.0		
7717	1	1			0.0	8000.0		
7718	1	1			0.0	8000.0		
7719	1	1			0.0	8000.0		
7720	1	1	6.0	10.0	0.0	8000.0	cluster_2	BO-81Tapyta/BO-81TAPYTA_20250415_215402.wav
7721	1	1			0.0	8000.0		
7722	1	1			0.0	8000.0		
7723	1	1			0.0	8000.0		
7724	1	1			0.0	8000.0		
7725	1	1	34.0	38.0	0.0	8000.0	cluster_2	BO-82Tapyta/BO-82TAPYTA_20250427_200802.wav
7726	1	1			0.0	8000.0		
7727	1	1			0.0	8000.0		
7728	1	1			0.0	8000.0		
7729	1	1			0.0	8000.0		
7730	1	1			0.0	8000.0		
7731	1	1			0.0	8000.0		
7732	1	1	12.0	16.0	0.0	8000.0	cluster_2	BO-81Tapyta/BO-81TAPYTA_20250413_211902.wav
7733	1	1	26.0	30.0	0.0	8000.0	cluster_2	BO-82Tapyta/BO-82TAPYTA_20250417_203102.wav
7734	1	1			0.0	8000.0		
7735	1	1			0.0	8000.0		
7736	1	1	38.0	42.0	0.0	8000.0	cluster_2	BO-82Tapyta/BO-82TAPYTA_20250416_221602.wav
7737	1	1			0.0	8000.0		
7738	1	1			0.0	8000.0		
7739	1	1			0.0	8000.0		
7740	1	1	2.0	6.0	0.0	8000.0	cluster_2	BO-82Tapyta/BO-82TAPYTA_20250417_200102.wav
7741	1	1			0.0	8000.0		
7742	1	1			0.0	8000.0		
7743	1	1			0.0	8000.0		
7744	1	1	8.0	12.0	0.0	8000.0	cluster_2	BO-82Tapyta/BO-82TAPYTA_20250426_235502.wav
7745	1	1			0.0	8000.0		
7746	1	1	50.0	54.0	0.0	8000.0	cluster_2	BO-82Tapyta/BO-82TAPYTA_20250502_201002.wav
7747	1	1			0.0	8000.0		
7748	1	1			0.0	8000.0		
7749	1	1			0.0	8000.0		
7750	1	1			0.0	8000.0		
7751	1	1			0.0	8000.0		
7752	1	1			0.0	8000.0		
7753	1	1			0.0	8000.0		
7754	1	1			0.0	8000.0		
7755	1	1			0.0	8000.0		
7756	1	1	10.0	14.0	0.0	8000.0	cluster_2	BO-82Tapyta/BO-82TAPYTA_20250427_010102.wav
7757	1	1			0.0	8000.0		
7758	1	1			0.0	8000.0		
7759	1	1			0.0	8000.0		
7760	1	1	4.0	8.0	0.0	8000.0	cluster_2	BO-82Tapyta/BO-82TAPYTA_20250412_012602.wav
7761	1	1			0.0	8000.0		
7762	1	1			0.0	8000.0		
7763	1	1	44.0	48.0	0.0	8000.0	cluster_2	BO-82Tapyta/BO-82TAPYTA_20250427_034802.wav
7764	1	1			0.0	8000.0		
7765	1	1			0.0	8000.0		
7766	1	1	8.0	12.0	0.0	8000.0	cluster_2	BO-82Tapyta/BO-82TAPYTA_20250411_214102.wav
7767	1	1			0.0	8000.0		
7768	1	1			0.0	8000.0		
7769	1	1			0.0	8000.0		
7770	1	1			0.0	8000.0		
7771	1	1			0.0	8000.0		
7772	1	1			0.0	8000.0		
7773	1	1			0.0	8000.0		
7774	1	1			0.0	8000.0		
7775	1	1			0.0	8000.0		
7776	1	1			0.0	8000.0		
7777	1	1			0.0	8000.0		
7778	1	1			0.0	8000.0		
7779	1	1			0.0	8000.0		
7780	1	1	12.0	16.0	0.0	8000.0	cluster_2	BO-82Tapyta/BO-82TAPYTA_20250502_185802.wav
7781	1	1	20.0	24.0	0.0	8000.0	cluster_2	BO-82Tapyta/BO-82TAPYTA_20250424_010102.wav
7782	1	1			0.0	8000.0		
7783	1	1			0.0	8000.0		
7784	1	1			0.0	8000.0		
7785	1	1			0.0	8000.0		
7786	1	1			0.0	8000.0		
7787	1	1			0.0	8000.0		
7788	1	1	2.0	6.0	0.0	8000.0	cluster_2	BO-82Tapyta/BO-82TAPYTA_20250415_193802.wav
7789	1	1	48.0	52.0	0.0	8000.0	cluster_2	BO-82Tapyta/BO-82TAPYTA_20250415_192702.wav
7790	1	1			0.0	8000.0		
7791	1	1	50.0	54.0	0.0	8000.0	cluster_2	BO-82Tapyta/BO-82TAPYTA_20250425_202302.wav
7792	1	1			0.0	8000.0		
7793	1	1			0.0	8000.0		
7794	1	1			0.0	8000.0		
7795	1	1			0.0	8000.0		
7796	1	1	28.0	32.0	0.0	8000.0	cluster_2	BO-82Tapyta/BO-82TAPYTA_20250426_014402.wav
7797	1	1			0.0	8000.0		
7798	1	1			0.0	8000.0		
7799	1	1			0.0	8000.0		
7800	1	1			0.0	8000.0		
7801	1	1			0.0	8000.0		
7802	1	1			0.0	8000.0		
7803	1	1			0.0	8000.0		
7804	1	1			0.0	8000.0		
7805	1	1			0.0	8000.0		
7806	1	1			0.0	8000.0		
7807	1	1			0.0	8000.0		
7808	1	1	44.0	48.0	0.0	8000.0	cluster_2	BO-82Tapyta/BO-82TAPYTA_20250417_203402.wav
7809	1	1	44.0	48.0	0.0	8000.0	cluster_2	BO-82Tapyta/BO-82TAPYTA_20250424_231602.wav
7810	1	1	50.0	54.0	0.0	8000.0	cluster_2	BO-82Tapyta/BO-82TAPYTA_20250416_040202.wav
7811	1	1			0.0	8000.0		
7812	1	1			0.0	8000.0		
7813	1	1	18.0	22.0	0.0	8000.0	cluster_2	BO-81Tapyta/BO-81TAPYTA_20250412_013402.wav
7814	1	1			0.0	8000.0		
7815	1	1			0.0	8000.0		
7816	1	1			0.0	8000.0		
7817	1	1			0.0	8000.0		
7818	1	1	14.0	18.0	0.0	8000.0	cluster_2	BO-82Tapyta/BO-82TAPYTA_20250418_040502.wav
7819	1	1			0.0	8000.0		
7820	1	1	46.0	50.0	0.0	8000.0	cluster_2	BO-82Tapyta/BO-82TAPYTA_20250417_034602.wav
7821	1	1			0.0	8000.0		
7822	1	1	38.0	42.0	0.0	8000.0	cluster_2	BO-82Tapyta/BO-82TAPYTA_20250418_012902.wav
7823	1	1			0.0	8000.0		
7824	1	1			0.0	8000.0		
7825	1	1			0.0	8000.0		
7826	1	1			0.0	8000.0		
7827	1	1	4.0	8.0	0.0	8000.0	cluster_2	BO-82Tapyta/BO-82TAPYTA_20250416_025302.wav
7828	1	1			0.0	8000.0		
7829	1	1			0.0	8000.0		
7830	1	1			0.0	8000.0		
7831	1	1			0.0	8000.0		
7832	1	1			0.0	8000.0		
7833	1	1	6.0	10.0	0.0	8000.0	cluster_2	BO-82Tapyta/BO-82TAPYTA_20250416_193302.wav
7834	1	1			0.0	8000.0		
7835	1	1			0.0	8000.0		
7836	1	1			0.0	8000.0		
7837	1	1	32.0	36.0	0.0	8000.0	cluster_2	BO-82Tapyta/BO-82TAPYTA_20250502_202402.wav
7838	1	1	30.0	34.0	0.0	8000.0	cluster_2	BO-82Tapyta/BO-82TAPYTA_20250417_022502.wav
7839	1	1			0.0	8000.0		
7840	1	1			0.0	8000.0		
7841	1	1			0.0	8000.0		
7842	1	1			0.0	8000.0		
7843	1	1	38.0	42.0	0.0	8000.0	cluster_2	BO-82Tapyta/BO-82TAPYTA_20250416_002702.wav
7844	1	1			0.0	8000.0		
7845	1	1			0.0	8000.0		
7846	1	1			0.0	8000.0		
7847	1	1			0.0	8000.0		
7848	1	1	10.0	14.0	0.0	8000.0	cluster_2	BO-82Tapyta/BO-82TAPYTA_20250413_010102.wav
7849	1	1			0.0	8000.0		
7850	1	1			0.0	8000.0		
7851	1	1	44.0	48.0	0.0	8000.0	cluster_2	BO-82Tapyta/BO-82TAPYTA_20250427_021002.wav
7852	1	1	38.0	42.0	0.0	8000.0	cluster_2	BO-81Tapyta/BO-81TAPYTA_20250416_001402.wav
7853	1	1			0.0	8000.0		
7854	1	1	38.0	42.0	0.0	8000.0	cluster_2	BO-82Tapyta/BO-82TAPYTA_20250413_203402.wav
7855	1	1	2.0	6.0	0.0	8000.0	cluster_2	BO-82Tapyta/BO-82TAPYTA_20250416_194702.wav
7856	1	1			0.0	8000.0		
7857	1	1			0.0	8000.0		
7858	1	1			0.0	8000.0		
7859	1	1	30.0	34.0	0.0	8000.0	cluster_2	BO-82Tapyta/BO-82TAPYTA_20250427_041402.wav
7860	1	1			0.0	8000.0		
7861	1	1			0.0	8000.0		
7862	1	1			0.0	8000.0		
7863	1	1			0.0	8000.0		
7864	1	1	44.0	48.0	0.0	8000.0	cluster_2	BO-82Tapyta/BO-82TAPYTA_20250411_190602.wav
7865	1	1			0.0	8000.0		
7866	1	1			0.0	8000.0		
7867	1	1	2.0	6.0	0.0	8000.0	cluster_2	BO-81Tapyta/BO-81TAPYTA_20250415_204002.wav
7868	1	1			0.0	8000.0		
7869	1	1	42.0	46.0	0.0	8000.0	cluster_2	BO-81Tapyta/BO-81TAPYTA_20250412_020102.wav
7870	1	1			0.0	8000.0		
7871	1	1			0.0	8000.0		
7872	1	1			0.0	8000.0		
7873	1	1	28.0	32.0	0.0	8000.0	cluster_2	BO-82Tapyta/BO-82TAPYTA_20250427_210302.wav
7874	1	1			0.0	8000.0		
7875	1	1			0.0	8000.0		
7876	1	1			0.0	8000.0		
7877	1	1			0.0	8000.0		
7878	1	1			0.0	8000.0		
7879	1	1	2.0	6.0	0.0	8000.0	cluster_2	BO-82Tapyta/BO-82TAPYTA_20250426_220802.wav
7880	1	1			0.0	8000.0		
7881	1	1			0.0	8000.0		
7882	1	1			0.0	8000.0		
7883	1	1			0.0	8000.0		
7884	1	1			0.0	8000.0		
7885	1	1			0.0	8000.0		
7886	1	1			0.0	8000.0		
7887	1	1			0.0	8000.0		
7888	1	1			0.0	8000.0		
7889	1	1	38.0	42.0	0.0	8000.0	cluster_2	BO-82Tapyta/BO-82TAPYTA_20250417_000902.wav
7890	1	1	10.0	14.0	0.0	8000.0	cluster_2	BO-82Tapyta/BO-82TAPYTA_20250427_045202.wav
7891	1	1	28.0	32.0	0.0	8000.0	cluster_2	BO-82Tapyta/BO-82TAPYTA_20250426_014802.wav
7892	1	1			0.0	8000.0		
7893	1	1	48.0	52.0	0.0	8000.0	cluster_2	BO-82Tapyta/BO-82TAPYTA_20250427_211002.wav
7894	1	1			0.0	8000.0		
7895	1	1			0.0	8000.0		
7896	1	1			0.0	8000.0		
7897	1	1			0.0	8000.0		
7898	1	1	46.0	50.0	0.0	8000.0	cluster_2	BO-82Tapyta/BO-82TAPYTA_20250425_011502.wav
7899	1	1			0.0	8000.0		
7900	1	1			0.0	8000.0		
7901	1	1			0.0	8000.0		
7902	1	1			0.0	8000.0		
7903	1	1			0.0	8000.0		
7904	1	1			0.0	8000.0		
7905	1	1			0.0	8000.0		
7906	1	1			0.0	8000.0		
7907	1	1			0.0	8000.0		
7908	1	1			0.0	8000.0		
7909	1	1			0.0	8000.0		
7910	1	1			0.0	8000.0		
7911	1	1			0.0	8000.0		
7912	1	1	2.0	6.0	0.0	8000.0	cluster_2	BO-82Tapyta/BO-82TAPYTA_20250414_224402.wav
7913	1	1			0.0	8000.0		
7914	1	1			0.0	8000.0		
7915	1	1	8.0	12.0	0.0	8000.0	cluster_2	BO-82Tapyta/BO-82TAPYTA_20250413_222402.wav
7916	1	1	48.0	52.0	0.0	8000.0	cluster_2	BO-81Tapyta/BO-81TAPYTA_20250413_210202.wav
7917	1	1			0.0	8000.0		
7918	1	1			0.0	8000.0		
7919	1	1			0.0	8000.0		
7920	1	1			0.0	8000.0		
7921	1	1			0.0	8000.0		
7922	1	1			0.0	8000.0		
7923	1	1	14.0	18.0	0.0	8000.0	cluster_2	BO-81Tapyta/BO-81TAPYTA_20250414_203902.wav
7924	1	1	52.0	56.0	0.0	8000.0	cluster_2	BO-82Tapyta/BO-82TAPYTA_20250413_204802.wav
7925	1	1			0.0	8000.0		
7926	1	1			0.0	8000.0		
7927	1	1	6.0	10.0	0.0	8000.0	cluster_2	BO-82Tapyta/BO-82TAPYTA_20250418_040802.wav
7928	1	1			0.0	8000.0		
7929	1	1			0.0	8000.0		
7930	1	1			0.0	8000.0		
7931	1	1			0.0	8000.0		
7932	1	1			0.0	8000.0		
7933	1	1	22.0	26.0	0.0	8000.0	cluster_2	BO-82Tapyta/BO-82TAPYTA_20250416_000402.wav
7934	1	1			0.0	8000.0		
7935	1	1	24.0	28.0	0.0	8000.0	cluster_2	BO-82Tapyta/BO-82TAPYTA_20250427_011702.wav
7936	1	1			0.0	8000.0		
7937	1	1			0.0	8000.0		
7938	1	1	46.0	50.0	0.0	8000.0	cluster_2	BO-82Tapyta/BO-82TAPYTA_20250415_191202.wav
7939	1	1			0.0	8000.0		
7940	1	1			0.0	8000.0		
7941	1	1			0.0	8000.0		
7942	1	1	26.0	30.0	0.0	8000.0	cluster_2	BO-82Tapyta/BO-82TAPYTA_20250417_013502.wav
7943	1	1			0.0	8000.0		
7944	1	1			0.0	8000.0		
7945	1	1	20.0	24.0	0.0	8000.0	cluster_2	BO-82Tapyta/BO-82TAPYTA_20250425_021702.wav
7946	1	1			0.0	8000.0		
7947	1	1			0.0	8000.0		
7948	1	1			0.0	8000.0		
7949	1	1			0.0	8000.0		
7950	1	1			0.0	8000.0		
7951	1	1	16.0	20.0	0.0	8000.0	cluster_2	BO-82Tapyta/BO-82TAPYTA_20250415_222702.wav
7952	1	1	36.0	40.0	0.0	8000.0	cluster_2	BO-82Tapyta/BO-82TAPYTA_20250414_213202.wav
7953	1	1			0.0	8000.0		
7954	1	1			0.0	8000.0		
7955	1	1			0.0	8000.0		
7956	1	1	2.0	6.0	0.0	8000.0	cluster_2	BO-82Tapyta/BO-82TAPYTA_20250417_204602.wav
7957	1	1			0.0	8000.0		
7958	1	1			0.0	8000.0		
7959	1	1			0.0	8000.0		
7960	1	1			0.0	8000.0		
7961	1	1			0.0	8000.0		
7962	1	1			0.0	8000.0		
7963	1	1			0.0	8000.0		
7964	1	1	0.0	4.0	0.0	8000.0	cluster_2	BO-82Tapyta/BO-82TAPYTA_20250413_215402.wav
7965	1	1			0.0	8000.0		
7966	1	1			0.0	8000.0		
7967	1	1			0.0	8000.0		
7968	1	1			0.0	8000.0		
7969	1	1			0.0	8000.0		
7970	1	1	40.0	44.0	0.0	8000.0	cluster_2	BO-82Tapyta/BO-82TAPYTA_20250418_021302.wav
7971	1	1			0.0	8000.0		
7972	1	1			0.0	8000.0		
7973	1	1	0.0	4.0	0.0	8000.0	cluster_2	BO-82Tapyta/BO-82TAPYTA_20250416_234302.wav
7974	1	1			0.0	8000.0		
7975	1	1	40.0	44.0	0.0	8000.0	cluster_2	BO-82Tapyta/BO-82TAPYTA_20250411_210902.wav
7976	1	1			0.0	8000.0		
7977	1	1			0.0	8000.0		
7978	1	1			0.0	8000.0		
7979	1	1			0.0	8000.0		
7980	1	1			0.0	8000.0		
7981	1	1	32.0	36.0	0.0	8000.0	cluster_2	BO-82Tapyta/BO-82TAPYTA_20250416_225802.wav
7982	1	1			0.0	8000.0		
7983	1	1			0.0	8000.0		
7984	1	1	26.0	30.0	0.0	8000.0	cluster_2	BO-82Tapyta/BO-82TAPYTA_20250426_224402.wav
7985	1	1			0.0	8000.0		
7986	1	1			0.0	8000.0		
7987	1	1			0.0	8000.0		
7988	1	1			0.0	8000.0		
7989	1	1			0.0	8000.0		
7990	1	1			0.0	8000.0		
7991	1	1			0.0	8000.0		
7992	1	1			0.0	8000.0		
7993	1	1			0.0	8000.0		
7994	1	1			0.0	8000.0		
7995	1	1			0.0	8000.0		
7996	1	1			0.0	8000.0		
7997	1	1			0.0	8000.0		
7998	1	1			0.0	8000.0		
7999	1	1	2.0	6.0	0.0	8000.0	cluster_2	BO-82Tapyta/BO-82TAPYTA_20250423_220602.wav
8000	1	1	36.0	40.0	0.0	8000.0	cluster_2	BO-82Tapyta/BO-82TAPYTA_20250414_205702.wav
8001	1	1			0.0	8000.0		
8002	1	1			0.0	8000.0		
8003	1	1			0.0	8000.0		
8004	1	1			0.0	8000.0		
8005	1	1			0.0	8000.0		
8006	1	1			0.0	8000.0		
8007	1	1			0.0	8000.0		
8008	1	1	18.0	22.0	0.0	8000.0	cluster_2	BO-82Tapyta/BO-82TAPYTA_20250417_225502.wav
8009	1	1			0.0	8000.0		
8010	1	1			0.0	8000.0		
8011	1	1			0.0	8000.0		
8012	1	1			0.0	8000.0		
8013	1	1			0.0	8000.0		
8014	1	1	26.0	30.0	0.0	8000.0	cluster_2	BO-82Tapyta/BO-82TAPYTA_20250417_045302.wav
8015	1	1	6.0	10.0	0.0	8000.0	cluster_2	BO-82Tapyta/BO-82TAPYTA_20250411_210102.wav
8016	1	1			0.0	8000.0		
8017	1	1			0.0	8000.0		
8018	1	1			0.0	8000.0		
8019	1	1			0.0	8000.0		
8020	1	1	40.0	44.0	0.0	8000.0	cluster_2	BO-82Tapyta/BO-82TAPYTA_20250427_033902.wav
8021	1	1	20.0	24.0	0.0	8000.0	cluster_2	BO-81Tapyta/BO-81TAPYTA_20250412_042902.wav
8022	1	1	24.0	28.0	0.0	8000.0	cluster_2	BO-82Tapyta/BO-82TAPYTA_20250427_002602.wav
8023	1	1	14.0	18.0	0.0	8000.0	cluster_2	BO-82Tapyta/BO-82TAPYTA_20250415_231902.wav
8024	1	1			0.0	8000.0		
8025	1	1			0.0	8000.0		
8026	1	1			0.0	8000.0		
8027	1	1			0.0	8000.0		
8028	1	1			0.0	8000.0		
8029	1	1			0.0	8000.0		
8030	1	1			0.0	8000.0		
8031	1	1	52.0	56.0	0.0	8000.0	cluster_2	BO-82Tapyta/BO-82TAPYTA_20250416_215102.wav
8032	1	1			0.0	8000.0		
8033	1	1			0.0	8000.0		
8034	1	1			0.0	8000.0		
8035	1	1			0.0	8000.0		
8036	1	1	8.0	12.0	0.0	8000.0	cluster_2	BO-81Tapyta/BO-81TAPYTA_20250412_022902.wav
8037	1	1	48.0	52.0	0.0	8000.0	cluster_2	BO-82Tapyta/BO-82TAPYTA_20250426_231602.wav
8038	1	1			0.0	8000.0		
8039	1	1			0.0	8000.0		
8040	1	1			0.0	8000.0		
8041	1	1			0.0	8000.0		
8042	1	1			0.0	8000.0		
8043	1	1			0.0	8000.0		
8044	1	1	48.0	52.0	0.0	8000.0	cluster_2	BO-82Tapyta/BO-82TAPYTA_20250424_230302.wav
8045	1	1			0.0	8000.0		
8046	1	1			0.0	8000.0		
8047	1	1			0.0	8000.0		
8048	1	1			0.0	8000.0		
8049	1	1	38.0	42.0	0.0	8000.0	cluster_2	BO-81Tapyta/BO-81TAPYTA_20250416_032802.wav
8050	1	1	6.0	10.0	0.0	8000.0	cluster_2	BO-82Tapyta/BO-82TAPYTA_20250425_193402.wav
8051	1	1			0.0	8000.0		
8052	1	1	48.0	52.0	0.0	8000.0	cluster_2	BO-81Tapyta/BO-81TAPYTA_20250416_053202.wav
8053	1	1			0.0	8000.0		
8054	1	1			0.0	8000.0		
8055	1	1			0.0	8000.0		
8056	1	1	50.0	54.0	0.0	8000.0	cluster_2	BO-82Tapyta/BO-82TAPYTA_20250417_030802.wav
8057	1	1			0.0	8000.0		
8058	1	1			0.0	8000.0		
8059	1	1			0.0	8000.0		
8060	1	1			0.0	8000.0		
8061	1	1			0.0	8000.0		
8062	1	1			0.0	8000.0		
8063	1	1			0.0	8000.0		
8064	1	1			0.0	8000.0		
8065	1	1			0.0	8000.0		
8066	1	1			0.0	8000.0		
8067	1	1			0.0	8000.0		
8068	1	1			0.0	8000.0		
8069	1	1			0.0	8000.0		
8070	1	1			0.0	8000.0		
8071	1	1			0.0	8000.0		
8072	1	1			0.0	8000.0		
8073	1	1			0.0	8000.0		
8074	1	1			0.0	8000.0		
8075	1	1	10.0	14.0	0.0	8000.0	cluster_2	BO-81Tapyta/BO-81TAPYTA_20250409_184502.wav
8076	1	1	48.0	52.0	0.0	8000.0	cluster_2	BO-82Tapyta/BO-82TAPYTA_20250424_235802.wav
8077	1	1			0.0	8000.0		
8078	1	1			0.0	8000.0		
8079	1	1			0.0	8000.0		
8080	1	1			0.0	8000.0		
8081	1	1	52.0	56.0	0.0	8000.0	cluster_2	BO-82Tapyta/BO-82TAPYTA_20250412_000602.wav
8082	1	1			0.0	8000.0		
8083	1	1			0.0	8000.0		
8084	1	1			0.0	8000.0		
8085	1	1			0.0	8000.0		
8086	1	1	16.0	20.0	0.0	8000.0	cluster_2	BO-82Tapyta/BO-82TAPYTA_20250411_234502.wav
8087	1	1	20.0	24.0	0.0	8000.0	cluster_2	BO-82Tapyta/BO-82TAPYTA_20250417_223602.wav
8088	1	1			0.0	8000.0		
8089	1	1			0.0	8000.0		
8090	1	1			0.0	8000.0		
8091	1	1			0.0	8000.0		
8092	1	1			0.0	8000.0		
8093	1	1			0.0	8000.0		
8094	1	1			0.0	8000.0		
8095	1	1	10.0	14.0	0.0	8000.0	cluster_2	BO-82Tapyta/BO-82TAPYTA_20250424_190902.wav
8096	1	1			0.0	8000.0		
8097	1	1			0.0	8000.0		
8098	1	1			0.0	8000.0		
8099	1	1			0.0	8000.0		
8100	1	1			0.0	8000.0		
8101	1	1			0.0	8000.0		
8102	1	1			0.0	8000.0		
8103	1	1			0.0	8000.0		
8104	1	1	50.0	54.0	0.0	8000.0	cluster_2	BO-82Tapyta/BO-82TAPYTA_20250501_184102.wav
8105	1	1			0.0	8000.0		
8106	1	1			0.0	8000.0		
8107	1	1			0.0	8000.0		
8108	1	1			0.0	8000.0		
8109	1	1			0.0	8000.0		
8110	1	1			0.0	8000.0		
8111	1	1			0.0	8000.0		
8112	1	1			0.0	8000.0		
8113	1	1			0.0	8000.0		
8114	1	1			0.0	8000.0		
8115	1	1			0.0	8000.0		
8116	1	1	50.0	54.0	0.0	8000.0	cluster_2	BO-82Tapyta/BO-82TAPYTA_20250425_194402.wav
8117	1	1			0.0	8000.0		
8118	1	1			0.0	8000.0		
8119	1	1	44.0	48.0	0.0	8000.0	cluster_2	BO-82Tapyta/BO-82TAPYTA_20250426_033002.wav
8120	1	1			0.0	8000.0		
8121	1	1			0.0	8000.0		
8122	1	1	8.0	12.0	0.0	8000.0	cluster_2	BO-82Tapyta/BO-82TAPYTA_20250411_205902.wav
8123	1	1	42.0	46.0	0.0	8000.0	cluster_2	BO-82Tapyta/BO-82TAPYTA_20250416_200902.wav
8124	1	1	14.0	18.0	0.0	8000.0	cluster_2	BO-82Tapyta/BO-82TAPYTA_20250425_020502.wav
8125	1	1			0.0	8000.0		
8126	1	1			0.0	8000.0		
8127	1	1			0.0	8000.0		
8128	1	1			0.0	8000.0		
8129	1	1			0.0	8000.0		
8130	1	1			0.0	8000.0		
8131	1	1	50.0	54.0	0.0	8000.0	cluster_2	BO-82Tapyta/BO-82TAPYTA_20250416_013502.wav
8132	1	1			0.0	8000.0		
8133	1	1			0.0	8000.0		
8134	1	1	30.0	34.0	0.0	8000.0	cluster_2	BO-82Tapyta/BO-82TAPYTA_20250418_000802.wav
8135	1	1	4.0	8.0	0.0	8000.0	cluster_2	BO-82Tapyta/BO-82TAPYTA_20250416_192602.wav
8136	1	1	24.0	28.0	0.0	8000.0	cluster_2	BO-82Tapyta/BO-82TAPYTA_20250425_203602.wav
8137	1	1			0.0	8000.0		
8138	1	1			0.0	8000.0		
8139	1	1			0.0	8000.0		
8140	1	1			0.0	8000.0		
8141	1	1			0.0	8000.0		
8142	1	1			0.0	8000.0		
8143	1	1	30.0	34.0	0.0	8000.0	cluster_2	BO-82Tapyta/BO-82TAPYTA_20250424_234802.wav
8144	1	1			0.0	8000.0		
8145	1	1	42.0	46.0	0.0	8000.0	cluster_2	BO-82Tapyta/BO-82TAPYTA_20250412_014102.wav
8146	1	1			0.0	8000.0		
8147	1	1	34.0	38.0	0.0	8000.0	cluster_2	BO-82Tapyta/BO-82TAPYTA_20250425_011802.wav
8148	1	1			0.0	8000.0		
8149	1	1			0.0	8000.0		
8150	1	1			0.0	8000.0		
8151	1	1			0.0	8000.0		
8152	1	1			0.0	8000.0		
8153	1	1			0.0	8000.0		
8154	1	1			0.0	8000.0		
8155	1	1	30.0	34.0	0.0	8000.0	cluster_2	BO-82Tapyta/BO-82TAPYTA_20250411_222402.wav
8156	1	1			0.0	8000.0		
8157	1	1			0.0	8000.0		
8158	1	1			0.0	8000.0		
8159	1	1			0.0	8000.0		
8160	1	1			0.0	8000.0		
8161	1	1			0.0	8000.0		
8162	1	1			0.0	8000.0		
8163	1	1			0.0	8000.0		
8164	1	1			0.0	8000.0		
8165	1	1			0.0	8000.0		
8166	1	1	32.0	36.0	0.0	8000.0	cluster_2	BO-82Tapyta/BO-82TAPYTA_20250424_192102.wav
8167	1	1			0.0	8000.0		
8168	1	1			0.0	8000.0		
8169	1	1			0.0	8000.0		
8170	1	1			0.0	8000.0		
8171	1	1			0.0	8000.0		
8172	1	1			0.0	8000.0		
8173	1	1			0.0	8000.0		
8174	1	1	52.0	56.0	0.0	8000.0	cluster_2	BO-82Tapyta/BO-82TAPYTA_20250424_205602.wav
8175	1	1	10.0	14.0	0.0	8000.0	cluster_2	BO-82Tapyta/BO-82TAPYTA_20250417_194702.wav
8176	1	1			0.0	8000.0		
8177	1	1			0.0	8000.0		
8178	1	1			0.0	8000.0		
8179	1	1			0.0	8000.0		
8180	1	1	6.0	10.0	0.0	8000.0	cluster_2	BO-82Tapyta/BO-82TAPYTA_20250416_035602.wav
8181	1	1			0.0	8000.0		
8182	1	1			0.0	8000.0		
8183	1	1			0.0	8000.0		
8184	1	1			0.0	8000.0		
8185	1	1			0.0	8000.0		
8186	1	1			0.0	8000.0		
8187	1	1			0.0	8000.0		
8188	1	1			0.0	8000.0		
8189	1	1			0.0	8000.0		
8190	1	1	24.0	28.0	0.0	8000.0	cluster_2	BO-82Tapyta/BO-82TAPYTA_20250416_045302.wav
8191	1	1			0.0	8000.0		
8192	1	1			0.0	8000.0		
8193	1	1			0.0	8000.0		
8194	1	1			0.0	8000.0		
8195	1	1			0.0	8000.0		
8196	1	1	10.0	14.0	0.0	8000.0	cluster_2	BO-82Tapyta/BO-82TAPYTA_20250417_230902.wav
8197	1	1			0.0	8000.0		
8198	1	1			0.0	8000.0		
8199	1	1			0.0	8000.0		
8200	1	1			0.0	8000.0		
8201	1	1			0.0	8000.0		
8202	1	1			0.0	8000.0		
8203	1	1			0.0	8000.0		
8204	1	1			0.0	8000.0		
8205	1	1	0.0	4.0	0.0	8000.0	cluster_2	BO-82Tapyta/BO-82TAPYTA_20250417_230902.wav
8206	1	1			0.0	8000.0		
8207	1	1			0.0	8000.0		
8208	1	1			0.0	8000.0		
8209	1	1			0.0	8000.0		
8210	1	1			0.0	8000.0		
8211	1	1	50.0	54.0	0.0	8000.0	cluster_2	BO-82Tapyta/BO-82TAPYTA_20250418_054002.wav
8212	1	1			0.0	8000.0		
8213	1	1	8.0	12.0	0.0	8000.0	cluster_2	BO-82Tapyta/BO-82TAPYTA_20250416_232802.wav
8214	1	1			0.0	8000.0		
8215	1	1			0.0	8000.0		
8216	1	1			0.0	8000.0		
8217	1	1			0.0	8000.0		
8218	1	1			0.0	8000.0		
8219	1	1			0.0	8000.0		
8220	1	1			0.0	8000.0		
8221	1	1			0.0	8000.0		
8222	1	1			0.0	8000.0		
8223	1	1			0.0	8000.0		
8224	1	1	0.0	4.0	0.0	8000.0	cluster_2	BO-82Tapyta/BO-82TAPYTA_20250426_215202.wav
8225	1	1			0.0	8000.0		
8226	1	1			0.0	8000.0		
8227	1	1	12.0	16.0	0.0	8000.0	cluster_2	BO-82Tapyta/BO-82TAPYTA_20250425_014602.wav
8228	1	1			0.0	8000.0		
8229	1	1			0.0	8000.0		
8230	1	1			0.0	8000.0		
8231	1	1			0.0	8000.0		
8232	1	1	30.0	34.0	0.0	8000.0	cluster_2	BO-82Tapyta/BO-82TAPYTA_20250425_215302.wav
8233	1	1			0.0	8000.0		
8234	1	1			0.0	8000.0		
8235	1	1			0.0	8000.0		
8236	1	1			0.0	8000.0		
8237	1	1			0.0	8000.0		
8238	1	1			0.0	8000.0		
8239	1	1			0.0	8000.0		
8240	1	1			0.0	8000.0		
8241	1	1	26.0	30.0	0.0	8000.0	cluster_2	BO-82Tapyta/BO-82TAPYTA_20250414_222802.wav
8242	1	1			0.0	8000.0		
8243	1	1			0.0	8000.0		
8244	1	1			0.0	8000.0		
8245	1	1	42.0	46.0	0.0	8000.0	cluster_2	BO-82Tapyta/BO-82TAPYTA_20250413_204702.wav
8246	1	1			0.0	8000.0		
8247	1	1			0.0	8000.0		
8248	1	1			0.0	8000.0		
8249	1	1	24.0	28.0	0.0	8000.0	cluster_2	BO-82Tapyta/BO-82TAPYTA_20250414_221402.wav
8250	1	1			0.0	8000.0		
8251	1	1			0.0	8000.0		
8252	1	1			0.0	8000.0		
8253	1	1	28.0	32.0	0.0	8000.0	cluster_2	BO-81Tapyta/BO-81TAPYTA_20250412_045202.wav
8254	1	1	38.0	42.0	0.0	8000.0	cluster_2	BO-82Tapyta/BO-82TAPYTA_20250418_050302.wav
8255	1	1			0.0	8000.0		
8256	1	1	32.0	36.0	0.0	8000.0	cluster_2	BO-82Tapyta/BO-82TAPYTA_20250412_010802.wav
8257	1	1			0.0	8000.0		
8258	1	1			0.0	8000.0		
8259	1	1			0.0	8000.0		
8260	1	1	42.0	46.0	0.0	8000.0	cluster_2	BO-82Tapyta/BO-82TAPYTA_20250416_210602.wav
8261	1	1			0.0	8000.0		
8262	1	1			0.0	8000.0		
8263	1	1	24.0	28.0	0.0	8000.0	cluster_2	BO-81Tapyta/BO-81TAPYTA_20250411_204002.wav
8264	1	1			0.0	8000.0		
8265	1	1			0.0	8000.0		
8266	1	1	18.0	22.0	0.0	8000.0	cluster_2	BO-82Tapyta/BO-82TAPYTA_20250411_215502.wav
8267	1	1			0.0	8000.0		
8268	1	1			0.0	8000.0		
8269	1	1			0.0	8000.0		
8270	1	1			0.0	8000.0		
8271	1	1	34.0	38.0	0.0	8000.0	cluster_2	BO-82Tapyta/BO-82TAPYTA_20250424_204802.wav
8272	1	1	26.0	30.0	0.0	8000.0	cluster_2	BO-82Tapyta/BO-82TAPYTA_20250416_234902.wav
8273	1	1			0.0	8000.0		
8274	1	1	30.0	34.0	0.0	8000.0	cluster_2	BO-82Tapyta/BO-82TAPYTA_20250418_032102.wav
8275	1	1	16.0	20.0	0.0	8000.0	cluster_2	BO-82Tapyta/BO-82TAPYTA_20250425_013702.wav
8276	1	1			0.0	8000.0		
8277	1	1			0.0	8000.0		
8278	1	1	8.0	12.0	0.0	8000.0	cluster_2	BO-81Tapyta/BO-81TAPYTA_20250414_202102.wav
8279	1	1			0.0	8000.0		
8280	1	1			0.0	8000.0		
8281	1	1			0.0	8000.0		
8282	1	1			0.0	8000.0		
8283	1	1	40.0	44.0	0.0	8000.0	cluster_2	BO-82Tapyta/BO-82TAPYTA_20250417_040202.wav
8284	1	1			0.0	8000.0		
8285	1	1			0.0	8000.0		
8286	1	1			0.0	8000.0		
8287	1	1			0.0	8000.0		
8288	1	1			0.0	8000.0		
8289	1	1			0.0	8000.0		
8290	1	1			0.0	8000.0		
8291	1	1			0.0	8000.0		
8292	1	1			0.0	8000.0		
8293	1	1			0.0	8000.0		
8294	1	1	36.0	40.0	0.0	8000.0	cluster_2	BO-82Tapyta/BO-82TAPYTA_20250502_220902.wav
8295	1	1			0.0	8000.0		
8296	1	1	34.0	38.0	0.0	8000.0	cluster_2	BO-82Tapyta/BO-82TAPYTA_20250417_050802.wav
8297	1	1	42.0	46.0	0.0	8000.0	cluster_2	BO-82Tapyta/BO-82TAPYTA_20250412_052802.wav
8298	1	1			0.0	8000.0		
8299	1	1			0.0	8000.0		
8300	1	1			0.0	8000.0		
8301	1	1			0.0	8000.0		
8302	1	1			0.0	8000.0		
8303	1	1			0.0	8000.0		
8304	1	1			0.0	8000.0		
8305	1	1			0.0	8000.0		
8306	1	1	32.0	36.0	0.0	8000.0	cluster_2	BO-82Tapyta/BO-82TAPYTA_20250425_004302.wav
8307	1	1			0.0	8000.0		
8308	1	1	10.0	14.0	0.0	8000.0	cluster_2	BO-82Tapyta/BO-82TAPYTA_20250416_203402.wav
8309	1	1			0.0	8000.0		
8310	1	1			0.0	8000.0		
8311	1	1			0.0	8000.0		
8312	1	1			0.0	8000.0		
8313	1	1	32.0	36.0	0.0	8000.0	cluster_2	BO-81Tapyta/BO-81TAPYTA_20250411_232602.wav
8314	1	1			0.0	8000.0		
8315	1	1			0.0	8000.0		
8316	1	1			0.0	8000.0		
8317	1	1			0.0	8000.0		
8318	1	1	32.0	36.0	0.0	8000.0	cluster_2	BO-82Tapyta/BO-82TAPYTA_20250414_214802.wav
8319	1	1	2.0	6.0	0.0	8000.0	cluster_2	BO-81Tapyta/BO-81TAPYTA_20250415_213302.wav
8320	1	1			0.0	8000.0		
8321	1	1	2.0	6.0	0.0	8000.0	cluster_2	BO-82Tapyta/BO-82TAPYTA_20250419_220702.wav
8322	1	1	36.0	40.0	0.0	8000.0	cluster_2	BO-82Tapyta/BO-82TAPYTA_20250411_234702.wav
8323	1	1			0.0	8000.0		
8324	1	1			0.0	8000.0		
8325	1	1			0.0	8000.0		
8326	1	1			0.0	8000.0		
8327	1	1			0.0	8000.0		
8328	1	1			0.0	8000.0		
8329	1	1			0.0	8000.0		
8330	1	1	52.0	56.0	0.0	8000.0	cluster_2	BO-82Tapyta/BO-82TAPYTA_20250413_204702.wav
8331	1	1	14.0	18.0	0.0	8000.0	cluster_2	BO-82Tapyta/BO-82TAPYTA_20250427_040402.wav
8332	1	1			0.0	8000.0		
8333	1	1			0.0	8000.0		
8334	1	1			0.0	8000.0		
8335	1	1			0.0	8000.0		
8336	1	1			0.0	8000.0		
8337	1	1	26.0	30.0	0.0	8000.0	cluster_2	BO-82Tapyta/BO-82TAPYTA_20250426_001802.wav
8338	1	1	0.0	4.0	0.0	8000.0	cluster_2	BO-82Tapyta/BO-82TAPYTA_20250426_033702.wav
8339	1	1			0.0	8000.0		
8340	1	1	28.0	32.0	0.0	8000.0	cluster_2	BO-82Tapyta/BO-82TAPYTA_20250425_010802.wav
8341	1	1	14.0	18.0	0.0	8000.0	cluster_2	BO-81Tapyta/BO-81TAPYTA_20250416_034502.wav
8342	1	1	24.0	28.0	0.0	8000.0	cluster_2	BO-82Tapyta/BO-82TAPYTA_20250417_213802.wav
8343	1	1	20.0	24.0	0.0	8000.0	cluster_2	BO-81Tapyta/BO-81TAPYTA_20250416_023002.wav
8344	1	1			0.0	8000.0		
8345	1	1			0.0	8000.0		
8346	1	1			0.0	8000.0		
8347	1	1	24.0	28.0	0.0	8000.0	cluster_2	BO-82Tapyta/BO-82TAPYTA_20250416_193902.wav
8348	1	1			0.0	8000.0		
8349	1	1			0.0	8000.0		
8350	1	1			0.0	8000.0		
8351	1	1			0.0	8000.0		
8352	1	1			0.0	8000.0		
8353	1	1	44.0	48.0	0.0	8000.0	cluster_2	BO-81Tapyta/BO-81TAPYTA_20250416_015302.wav
8354	1	1			0.0	8000.0		
8355	1	1			0.0	8000.0		
8356	1	1			0.0	8000.0		
8357	1	1			0.0	8000.0		
8358	1	1			0.0	8000.0		
8359	1	1			0.0	8000.0		
8360	1	1			0.0	8000.0		
8361	1	1			0.0	8000.0		
8362	1	1			0.0	8000.0		
8363	1	1	16.0	20.0	0.0	8000.0	cluster_2	BO-82Tapyta/BO-82TAPYTA_20250416_234002.wav
8364	1	1			0.0	8000.0		
8365	1	1			0.0	8000.0		
8366	1	1			0.0	8000.0		
8367	1	1	12.0	16.0	0.0	8000.0	cluster_2	BO-82Tapyta/BO-82TAPYTA_20250416_233102.wav
8368	1	1			0.0	8000.0		
8369	1	1	16.0	20.0	0.0	8000.0	cluster_2	BO-82Tapyta/BO-82TAPYTA_20250502_202102.wav
8370	1	1	36.0	40.0	0.0	8000.0	cluster_2	BO-82Tapyta/BO-82TAPYTA_20250426_230702.wav
8371	1	1			0.0	8000.0		
8372	1	1			0.0	8000.0		
8373	1	1			0.0	8000.0		
8374	1	1			0.0	8000.0		
8375	1	1			0.0	8000.0		
8376	1	1			0.0	8000.0		
8377	1	1			0.0	8000.0		
8378	1	1			0.0	8000.0		
8379	1	1	4.0	8.0	0.0	8000.0	cluster_2	BO-82Tapyta/BO-82TAPYTA_20250416_220302.wav
8380	1	1			0.0	8000.0		
8381	1	1			0.0	8000.0		
8382	1	1	6.0	10.0	0.0	8000.0	cluster_2	BO-81Tapyta/BO-81TAPYTA_20250416_043802.wav
8383	1	1			0.0	8000.0		
8384	1	1	48.0	52.0	0.0	8000.0	cluster_2	BO-82Tapyta/BO-82TAPYTA_20250417_031602.wav
8385	1	1			0.0	8000.0		
8386	1	1			0.0	8000.0		
8387	1	1			0.0	8000.0		
8388	1	1			0.0	8000.0		
8389	1	1			0.0	8000.0		
8390	1	1			0.0	8000.0		
8391	1	1			0.0	8000.0		
8392	1	1			0.0	8000.0		
8393	1	1	22.0	26.0	0.0	8000.0	cluster_2	BO-82Tapyta/BO-82TAPYTA_20250417_013202.wav
8394	1	1			0.0	8000.0		
8395	1	1			0.0	8000.0		
8396	1	1			0.0	8000.0		
8397	1	1			0.0	8000.0		
8398	1	1			0.0	8000.0		
8399	1	1			0.0	8000.0		
8400	1	1			0.0	8000.0		
8401	1	1			0.0	8000.0		
8402	1	1			0.0	8000.0		
8403	1	1	42.0	46.0	0.0	8000.0	cluster_2	BO-82Tapyta/BO-82TAPYTA_20250424_221302.wav
8404	1	1	8.0	12.0	0.0	8000.0	cluster_2	BO-82Tapyta/BO-82TAPYTA_20250412_034202.wav
8405	1	1	52.0	56.0	0.0	8000.0	cluster_2	BO-81Tapyta/BO-81TAPYTA_20250416_014702.wav
8406	1	1	2.0	6.0	0.0	8000.0	cluster_2	BO-82Tapyta/BO-82TAPYTA_20250416_003202.wav
8407	1	1			0.0	8000.0		
8408	1	1	38.0	42.0	0.0	8000.0	cluster_2	BO-82Tapyta/BO-82TAPYTA_20250418_005802.wav
8409	1	1			0.0	8000.0		
8410	1	1			0.0	8000.0		
8411	1	1			0.0	8000.0		
8412	1	1			0.0	8000.0		
8413	1	1	0.0	4.0	0.0	8000.0	cluster_2	BO-82Tapyta/BO-82TAPYTA_20250425_002102.wav
8414	1	1			0.0	8000.0		
8415	1	1			0.0	8000.0		
8416	1	1	46.0	50.0	0.0	8000.0	cluster_2	BO-82Tapyta/BO-82TAPYTA_20250412_040902.wav
8417	1	1	28.0	32.0	0.0	8000.0	cluster_2	BO-82Tapyta/BO-82TAPYTA_20250425_003702.wav
8418	1	1			0.0	8000.0		
8419	1	1			0.0	8000.0		
8420	1	1	44.0	48.0	0.0	8000.0	cluster_2	BO-82Tapyta/BO-82TAPYTA_20250424_194802.wav
8421	1	1	12.0	16.0	0.0	8000.0	cluster_2	BO-82Tapyta/BO-82TAPYTA_20250424_211802.wav
8422	1	1			0.0	8000.0		
8423	1	1			0.0	8000.0		
8424	1	1			0.0	8000.0		
8425	1	1			0.0	8000.0		
8426	1	1			0.0	8000.0		
8427	1	1	38.0	42.0	0.0	8000.0	cluster_2	BO-82Tapyta/BO-82TAPYTA_20250427_202302.wav
8428	1	1			0.0	8000.0		
8429	1	1			0.0	8000.0		
8430	1	1	10.0	14.0	0.0	8000.0	cluster_2	BO-81Tapyta/BO-81TAPYTA_20250415_200402.wav
8431	1	1	42.0	46.0	0.0	8000.0	cluster_2	BO-82Tapyta/BO-82TAPYTA_20250426_051102.wav
8432	1	1			0.0	8000.0		
8433	1	1	24.0	28.0	0.0	8000.0	cluster_2	BO-82Tapyta/BO-82TAPYTA_20250413_193102.wav
8434	1	1			0.0	8000.0		
8435	1	1			0.0	8000.0		
8436	1	1			0.0	8000.0		
8437	1	1	46.0	50.0	0.0	8000.0	cluster_2	BO-81Tapyta/BO-81TAPYTA_20250416_053302.wav
8438	1	1			0.0	8000.0		
8439	1	1			0.0	8000.0		
8440	1	1			0.0	8000.0		
8441	1	1			0.0	8000.0		
8442	1	1			0.0	8000.0		
8443	1	1	34.0	38.0	0.0	8000.0	cluster_2	BO-82Tapyta/BO-82TAPYTA_20250417_015502.wav
8444	1	1	0.0	4.0	0.0	8000.0	cluster_2	BO-82Tapyta/BO-82TAPYTA_20250427_203202.wav
8445	1	1	0.0	4.0	0.0	8000.0	cluster_2	BO-82Tapyta/BO-82TAPYTA_20250417_222202.wav
8446	1	1	40.0	44.0	0.0	8000.0	cluster_2	BO-82Tapyta/BO-82TAPYTA_20250418_001802.wav
8447	1	1			0.0	8000.0		
8448	1	1	40.0	44.0	0.0	8000.0	cluster_2	BO-81Tapyta/BO-81TAPYTA_20250415_231802.wav
8449	1	1			0.0	8000.0		
8450	1	1			0.0	8000.0		
8451	1	1			0.0	8000.0		
8452	1	1			0.0	8000.0		
8453	1	1			0.0	8000.0		
8454	1	1	30.0	34.0	0.0	8000.0	cluster_2	BO-82Tapyta/BO-82TAPYTA_20250415_233702.wav
8455	1	1			0.0	8000.0		
8456	1	1			0.0	8000.0		
8457	1	1	50.0	54.0	0.0	8000.0	cluster_2	BO-82Tapyta/BO-82TAPYTA_20250427_033902.wav
8458	1	1	2.0	6.0	0.0	8000.0	cluster_2	BO-82Tapyta/BO-82TAPYTA_20250427_205802.wav
8459	1	1			0.0	8000.0		
8460	1	1			0.0	8000.0		
8461	1	1			0.0	8000.0		
8462	1	1			0.0	8000.0		
8463	1	1			0.0	8000.0		
8464	1	1			0.0	8000.0		
8465	1	1			0.0	8000.0		
8466	1	1			0.0	8000.0		
8467	1	1	48.0	52.0	0.0	8000.0	cluster_2	BO-82Tapyta/BO-82TAPYTA_20250417_053602.wav
8468	1	1			0.0	8000.0		
8469	1	1			0.0	8000.0		
8470	1	1			0.0	8000.0		
8471	1	1	46.0	50.0	0.0	8000.0	cluster_2	BO-81Tapyta/BO-81TAPYTA_20250416_001202.wav
8472	1	1			0.0	8000.0		
8473	1	1			0.0	8000.0		
8474	1	1			0.0	8000.0		
8475	1	1			0.0	8000.0		
8476	1	1			0.0	8000.0		
8477	1	1			0.0	8000.0		
8478	1	1	40.0	44.0	0.0	8000.0	cluster_2	BO-81Tapyta/BO-81TAPYTA_20250415_221102.wav
8479	1	1			0.0	8000.0		
8480	1	1	14.0	18.0	0.0	8000.0	cluster_2	BO-82Tapyta/BO-82TAPYTA_20250426_014202.wav
8481	1	1	44.0	48.0	0.0	8000.0	cluster_2	BO-81Tapyta/BO-81TAPYTA_20250411_212202.wav
8482	1	1			0.0	8000.0		
8483	1	1			0.0	8000.0		
8484	1	1			0.0	8000.0		
8485	1	1			0.0	8000.0		
8486	1	1			0.0	8000.0		
8487	1	1	6.0	10.0	0.0	8000.0	cluster_2	BO-82Tapyta/BO-82TAPYTA_20250413_211402.wav
8488	1	1	46.0	50.0	0.0	8000.0	cluster_2	BO-82Tapyta/BO-82TAPYTA_20250426_203402.wav
8489	1	1			0.0	8000.0		
8490	1	1			0.0	8000.0		
8491	1	1	4.0	8.0	0.0	8000.0	cluster_2	BO-82Tapyta/BO-82TAPYTA_20250425_210402.wav
8492	1	1			0.0	8000.0		
8493	1	1			0.0	8000.0		
8494	1	1			0.0	8000.0		
8495	1	1			0.0	8000.0		
8496	1	1			0.0	8000.0		
8497	1	1			0.0	8000.0		
8498	1	1			0.0	8000.0		
8499	1	1			0.0	8000.0		
8500	1	1			0.0	8000.0		
8501	1	1			0.0	8000.0		
8502	1	1			0.0	8000.0		
8503	1	1			0.0	8000.0		
8504	1	1			0.0	8000.0		
8505	1	1	22.0	26.0	0.0	8000.0	cluster_2	BO-82Tapyta/BO-82TAPYTA_20250426_013202.wav
8506	1	1			0.0	8000.0		
8507	1	1			0.0	8000.0		
8508	1	1			0.0	8000.0		
8509	1	1			0.0	8000.0		
8510	1	1			0.0	8000.0		
8511	1	1			0.0	8000.0		
8512	1	1			0.0	8000.0		
8513	1	1	20.0	24.0	0.0	8000.0	cluster_2	BO-82Tapyta/BO-82TAPYTA_20250427_215702.wav
8514	1	1			0.0	8000.0		
8515	1	1			0.0	8000.0		
8516	1	1			0.0	8000.0		
8517	1	1			0.0	8000.0		
8518	1	1			0.0	8000.0		
8519	1	1			0.0	8000.0		
8520	1	1			0.0	8000.0		
8521	1	1			0.0	8000.0		
8522	1	1			0.0	8000.0		
8523	1	1			0.0	8000.0		
8524	1	1	42.0	46.0	0.0	8000.0	cluster_2	BO-82Tapyta/BO-82TAPYTA_20250426_192802.wav
8525	1	1			0.0	8000.0		
8526	1	1			0.0	8000.0		
8527	1	1			0.0	8000.0		
8528	1	1			0.0	8000.0		
8529	1	1			0.0	8000.0		
8530	1	1	2.0	6.0	0.0	8000.0	cluster_2	BO-82Tapyta/BO-82TAPYTA_20250411_230502.wav
8531	1	1	36.0	40.0	0.0	8000.0	cluster_2	BO-82Tapyta/BO-82TAPYTA_20250425_014902.wav
8532	1	1			0.0	8000.0		
8533	1	1			0.0	8000.0		
8534	1	1			0.0	8000.0		
8535	1	1			0.0	8000.0		
8536	1	1	18.0	22.0	0.0	8000.0	cluster_2	BO-81Tapyta/BO-81TAPYTA_20250416_013302.wav
8537	1	1			0.0	8000.0		
8538	1	1	10.0	14.0	0.0	8000.0	cluster_2	BO-82Tapyta/BO-82TAPYTA_20250413_001502.wav
8539	1	1			0.0	8000.0		
8540	1	1	36.0	40.0	0.0	8000.0	cluster_2	BO-82Tapyta/BO-82TAPYTA_20250415_203902.wav
8541	1	1	46.0	50.0	0.0	8000.0	cluster_2	BO-81Tapyta/BO-81TAPYTA_20250415_204802.wav
8542	1	1			0.0	8000.0		
8543	1	1	52.0	56.0	0.0	8000.0	cluster_2	BO-82Tapyta/BO-82TAPYTA_20250426_231402.wav
8544	1	1			0.0	8000.0		
8545	1	1			0.0	8000.0		
8546	1	1	48.0	52.0	0.0	8000.0	cluster_2	BO-82Tapyta/BO-82TAPYTA_20250416_192302.wav
8547	1	1	0.0	4.0	0.0	8000.0	cluster_2	BO-82Tapyta/BO-82TAPYTA_20250425_015002.wav
8548	1	1			0.0	8000.0		
8549	1	1			0.0	8000.0		
8550	1	1	22.0	26.0	0.0	8000.0	cluster_2	BO-82Tapyta/BO-82TAPYTA_20250427_011202.wav
8551	1	1			0.0	8000.0		
8552	1	1	26.0	30.0	0.0	8000.0	cluster_2	BO-81Tapyta/BO-81TAPYTA_20250416_040202.wav
8553	1	1			0.0	8000.0		
8554	1	1			0.0	8000.0		
8555	1	1			0.0	8000.0		
8556	1	1			0.0	8000.0		
8557	1	1	10.0	14.0	0.0	8000.0	cluster_2	BO-82Tapyta/BO-82TAPYTA_20250427_020502.wav
8558	1	1			0.0	8000.0		
8559	1	1			0.0	8000.0		
8560	1	1	36.0	40.0	0.0	8000.0	cluster_2	BO-82Tapyta/BO-82TAPYTA_20250427_014602.wav
8561	1	1			0.0	8000.0		
8562	1	1			0.0	8000.0		
8563	1	1	44.0	48.0	0.0	8000.0	cluster_2	BO-82Tapyta/BO-82TAPYTA_20250416_025102.wav
8564	1	1			0.0	8000.0		
8565	1	1			0.0	8000.0		
8566	1	1			0.0	8000.0		
8567	1	1			0.0	8000.0		
8568	1	1			0.0	8000.0		
8569	1	1	26.0	30.0	0.0	8000.0	cluster_2	BO-82Tapyta/BO-82TAPYTA_20250417_041102.wav
8570	1	1			0.0	8000.0		
8571	1	1	34.0	38.0	0.0	8000.0	cluster_2	BO-81Tapyta/BO-81TAPYTA_20250413_210502.wav
8572	1	1			0.0	8000.0		
8573	1	1			0.0	8000.0		
8574	1	1			0.0	8000.0		
8575	1	1			0.0	8000.0		
8576	1	1			0.0	8000.0		
8577	1	1	50.0	54.0	0.0	8000.0	cluster_2	BO-81Tapyta/BO-81TAPYTA_20250411_220002.wav
8578	1	1			0.0	8000.0		
8579	1	1			0.0	8000.0		
8580	1	1			0.0	8000.0		
8581	1	1	34.0	38.0	0.0	8000.0	cluster_2	BO-82Tapyta/BO-82TAPYTA_20250424_004702.wav
8582	1	1			0.0	8000.0		
8583	1	1			0.0	8000.0		
8584	1	1			0.0	8000.0		
8585	1	1			0.0	8000.0		
8586	1	1			0.0	8000.0		
8587	1	1			0.0	8000.0		
8588	1	1			0.0	8000.0		
8589	1	1			0.0	8000.0		
8590	1	1	32.0	36.0	0.0	8000.0	cluster_2	BO-82Tapyta/BO-82TAPYTA_20250411_210402.wav
8591	1	1	26.0	30.0	0.0	8000.0	cluster_2	BO-82Tapyta/BO-82TAPYTA_20250416_013102.wav
8592	1	1			0.0	8000.0		
8593	1	1			0.0	8000.0		
8594	1	1			0.0	8000.0		
8595	1	1			0.0	8000.0		
8596	1	1			0.0	8000.0		
8597	1	1			0.0	8000.0		
8598	1	1			0.0	8000.0		
8599	1	1			0.0	8000.0		
8600	1	1	6.0	10.0	0.0	8000.0	cluster_2	BO-82Tapyta/BO-82TAPYTA_20250416_222802.wav
8601	1	1			0.0	8000.0		
8602	1	1			0.0	8000.0		
8603	1	1			0.0	8000.0		
8604	1	1	52.0	56.0	0.0	8000.0	cluster_2	BO-82Tapyta/BO-82TAPYTA_20250411_201502.wav
8605	1	1			0.0	8000.0		
8606	1	1	6.0	10.0	0.0	8000.0	cluster_2	BO-82Tapyta/BO-82TAPYTA_20250415_205002.wav
8607	1	1	48.0	52.0	0.0	8000.0	cluster_2	BO-82Tapyta/BO-82TAPYTA_20250417_022002.wav
8608	1	1			0.0	8000.0		
8609	1	1			0.0	8000.0		
8610	1	1			0.0	8000.0		
8611	1	1			0.0	8000.0		
8612	1	1			0.0	8000.0		
8613	1	1	8.0	12.0	0.0	8000.0	cluster_2	BO-82Tapyta/BO-82TAPYTA_20250427_041102.wav
8614	1	1			0.0	8000.0		
8615	1	1			0.0	8000.0		
8616	1	1			0.0	8000.0		
8617	1	1			0.0	8000.0		
8618	1	1	52.0	56.0	0.0	8000.0	cluster_2	BO-82Tapyta/BO-82TAPYTA_20250425_235902.wav
8619	1	1			0.0	8000.0		
8620	1	1	28.0	32.0	0.0	8000.0	cluster_2	BO-82Tapyta/BO-82TAPYTA_20250415_210702.wav
8621	1	1			0.0	8000.0		
8622	1	1			0.0	8000.0		
8623	1	1			0.0	8000.0		
8624	1	1	34.0	38.0	0.0	8000.0	cluster_2	BO-82Tapyta/BO-82TAPYTA_20250417_192902.wav
8625	1	1			0.0	8000.0		
8626	1	1			0.0	8000.0		
8627	1	1			0.0	8000.0		
8628	1	1			0.0	8000.0		
8629	1	1			0.0	8000.0		
8630	1	1	50.0	54.0	0.0	8000.0	cluster_2	BO-82Tapyta/BO-82TAPYTA_20250427_012802.wav
8631	1	1			0.0	8000.0		
8632	1	1			0.0	8000.0		
8633	1	1			0.0	8000.0		
8634	1	1			0.0	8000.0		
8635	1	1	44.0	48.0	0.0	8000.0	cluster_2	BO-82Tapyta/BO-82TAPYTA_20250415_192902.wav
8636	1	1	50.0	54.0	0.0	8000.0	cluster_2	BO-82Tapyta/BO-82TAPYTA_20250414_201602.wav
8637	1	1			0.0	8000.0		
8638	1	1			0.0	8000.0		
8639	1	1			0.0	8000.0		
8640	1	1			0.0	8000.0		
8641	1	1			0.0	8000.0		
8642	1	1			0.0	8000.0		
8643	1	1			0.0	8000.0		
8644	1	1			0.0	8000.0		
8645	1	1			0.0	8000.0		
8646	1	1	6.0	10.0	0.0	8000.0	cluster_2	BO-81Tapyta/BO-81TAPYTA_20250416_024002.wav
8647	1	1	46.0	50.0	0.0	8000.0	cluster_2	BO-82Tapyta/BO-82TAPYTA_20250411_203702.wav
8648	1	1			0.0	8000.0		
8649	1	1	2.0	6.0	0.0	8000.0	cluster_2	BO-81Tapyta/BO-81TAPYTA_20250416_044402.wav
8650	1	1			0.0	8000.0		
8651	1	1	50.0	54.0	0.0	8000.0	cluster_2	BO-82Tapyta/BO-82TAPYTA_20250418_011902.wav
8652	1	1			0.0	8000.0		
8653	1	1			0.0	8000.0		
8654	1	1			0.0	8000.0		
8655	1	1			0.0	8000.0		
8656	1	1	26.0	30.0	0.0	8000.0	cluster_2	BO-82Tapyta/BO-82TAPYTA_20250424_235602.wav
8657	1	1			0.0	8000.0		
8658	1	1			0.0	8000.0		
8659	1	1	8.0	12.0	0.0	8000.0	cluster_2	BO-82Tapyta/BO-82TAPYTA_20250426_030002.wav
8660	1	1	2.0	6.0	0.0	8000.0	cluster_2	BO-82Tapyta/BO-82TAPYTA_20250427_214402.wav
8661	1	1			0.0	8000.0		
8662	1	1			0.0	8000.0		
8663	1	1			0.0	8000.0		
8664	1	1			0.0	8000.0		
8665	1	1			0.0	8000.0		
8666	1	1			0.0	8000.0		
8667	1	1	52.0	56.0	0.0	8000.0	cluster_2	BO-82Tapyta/BO-82TAPYTA_20250415_211102.wav
8668	1	1			0.0	8000.0		
8669	1	1			0.0	8000.0		
8670	1	1			0.0	8000.0		
8671	1	1			0.0	8000.0		
8672	1	1			0.0	8000.0		
8673	1	1	36.0	40.0	0.0	8000.0	cluster_2	BO-81Tapyta/BO-81TAPYTA_20250412_025002.wav
8674	1	1	40.0	44.0	0.0	8000.0	cluster_2	BO-82Tapyta/BO-82TAPYTA_20250416_233502.wav
8675	1	1			0.0	8000.0		
8676	1	1			0.0	8000.0		
8677	1	1			0.0	8000.0		
8678	1	1			0.0	8000.0		
8679	1	1			0.0	8000.0		
8680	1	1			0.0	8000.0		
8681	1	1			0.0	8000.0		
8682	1	1			0.0	8000.0		
8683	1	1			0.0	8000.0		
8684	1	1			0.0	8000.0		
8685	1	1			0.0	8000.0		
8686	1	1	8.0	12.0	0.0	8000.0	cluster_2	BO-82Tapyta/BO-82TAPYTA_20250416_215502.wav
8687	1	1			0.0	8000.0		
8688	1	1			0.0	8000.0		
8689	1	1			0.0	8000.0		
8690	1	1			0.0	8000.0		
8691	1	1	40.0	44.0	0.0	8000.0	cluster_2	BO-81Tapyta/BO-81TAPYTA_20250412_013602.wav
8692	1	1			0.0	8000.0		
8693	1	1	20.0	24.0	0.0	8000.0	cluster_2	BO-81Tapyta/BO-81TAPYTA_20250416_042002.wav
8694	1	1			0.0	8000.0		
8695	1	1	32.0	36.0	0.0	8000.0	cluster_2	BO-82Tapyta/BO-82TAPYTA_20250411_212102.wav
8696	1	1			0.0	8000.0		
8697	1	1	10.0	14.0	0.0	8000.0	cluster_2	BO-82Tapyta/BO-82TAPYTA_20250424_233102.wav
8698	1	1			0.0	8000.0		
8699	1	1			0.0	8000.0		
8700	1	1			0.0	8000.0		
8701	1	1			0.0	8000.0		
8702	1	1			0.0	8000.0		
8703	1	1	52.0	56.0	0.0	8000.0	cluster_2	BO-82Tapyta/BO-82TAPYTA_20250426_232902.wav
8704	1	1			0.0	8000.0		
8705	1	1			0.0	8000.0		
8706	1	1			0.0	8000.0		
8707	1	1	48.0	52.0	0.0	8000.0	cluster_2	BO-82Tapyta/BO-82TAPYTA_20250416_005802.wav
8708	1	1			0.0	8000.0		
8709	1	1			0.0	8000.0		
8710	1	1			0.0	8000.0		
8711	1	1	42.0	46.0	0.0	8000.0	cluster_2	BO-82Tapyta/BO-82TAPYTA_20250426_213902.wav
8712	1	1	8.0	12.0	0.0	8000.0	cluster_2	BO-82Tapyta/BO-82TAPYTA_20250417_041102.wav
8713	1	1			0.0	8000.0		
8714	1	1	24.0	28.0	0.0	8000.0	cluster_2	BO-82Tapyta/BO-82TAPYTA_20250418_032602.wav
8715	1	1			0.0	8000.0		
8716	1	1			0.0	8000.0		
8717	1	1			0.0	8000.0		
8718	1	1			0.0	8000.0		
8719	1	1			0.0	8000.0		
8720	1	1			0.0	8000.0		
8721	1	1	40.0	44.0	0.0	8000.0	cluster_2	BO-82Tapyta/BO-82TAPYTA_20250426_195402.wav
8722	1	1			0.0	8000.0		
8723	1	1			0.0	8000.0		
8724	1	1			0.0	8000.0		
8725	1	1			0.0	8000.0		
8726	1	1			0.0	8000.0		
8727	1	1			0.0	8000.0		
8728	1	1			0.0	8000.0		
8729	1	1			0.0	8000.0		
8730	1	1			0.0	8000.0		
8731	1	1			0.0	8000.0		
8732	1	1			0.0	8000.0		
8733	1	1			0.0	8000.0		
8734	1	1			0.0	8000.0		
8735	1	1			0.0	8000.0		
8736	1	1			0.0	8000.0		
8737	1	1	50.0	54.0	0.0	8000.0	cluster_2	BO-82Tapyta/BO-82TAPYTA_20250416_020502.wav
8738	1	1			0.0	8000.0		
8739	1	1			0.0	8000.0		
8740	1	1			0.0	8000.0		
8741	1	1			0.0	8000.0		
8742	1	1			0.0	8000.0		
8743	1	1			0.0	8000.0		
8744	1	1			0.0	8000.0		
8745	1	1			0.0	8000.0		
8746	1	1	4.0	8.0	0.0	8000.0	cluster_2	BO-82Tapyta/BO-82TAPYTA_20250424_201202.wav
8747	1	1			0.0	8000.0		
8748	1	1			0.0	8000.0		
8749	1	1			0.0	8000.0		
8750	1	1	48.0	52.0	0.0	8000.0	cluster_2	BO-82Tapyta/BO-82TAPYTA_20250427_230002.wav
8751	1	1			0.0	8000.0		
8752	1	1	40.0	44.0	0.0	8000.0	cluster_2	BO-82Tapyta/BO-82TAPYTA_20250412_005002.wav
8753	1	1	0.0	4.0	0.0	8000.0	cluster_2	BO-82Tapyta/BO-82TAPYTA_20250416_234202.wav
8754	1	1			0.0	8000.0		
8755	1	1			0.0	8000.0		
8756	1	1	30.0	34.0	0.0	8000.0	cluster_2	BO-82Tapyta/BO-82TAPYTA_20250427_194602.wav
8757	1	1	30.0	34.0	0.0	8000.0	cluster_2	BO-82Tapyta/BO-82TAPYTA_20250415_194402.wav
8758	1	1			0.0	8000.0		
8759	1	1			0.0	8000.0		
8760	1	1			0.0	8000.0		
8761	1	1			0.0	8000.0		
8762	1	1			0.0	8000.0		
8763	1	1			0.0	8000.0		
8764	1	1			0.0	8000.0		
8765	1	1			0.0	8000.0		
8766	1	1			0.0	8000.0		
8767	1	1			0.0	8000.0		
8768	1	1			0.0	8000.0		
8769	1	1			0.0	8000.0		
8770	1	1			0.0	8000.0		
8771	1	1			0.0	8000.0		
8772	1	1			0.0	8000.0		
8773	1	1			0.0	8000.0		
8774	1	1	4.0	8.0	0.0	8000.0	cluster_2	BO-82Tapyta/BO-82TAPYTA_20250425_030102.wav
8775	1	1			0.0	8000.0		
8776	1	1			0.0	8000.0		
8777	1	1			0.0	8000.0		
8778	1	1	24.0	28.0	0.0	8000.0	cluster_2	BO-82Tapyta/BO-82TAPYTA_20250418_015502.wav
8779	1	1	40.0	44.0	0.0	8000.0	cluster_2	BO-81Tapyta/BO-81TAPYTA_20250411_231602.wav
8780	1	1			0.0	8000.0		
8781	1	1			0.0	8000.0		
8782	1	1			0.0	8000.0		
8783	1	1			0.0	8000.0		
8784	1	1	28.0	32.0	0.0	8000.0	cluster_2	BO-82Tapyta/BO-82TAPYTA_20250426_005102.wav
8785	1	1	46.0	50.0	0.0	8000.0	cluster_2	BO-82Tapyta/BO-82TAPYTA_20250427_010502.wav
8786	1	1			0.0	8000.0		
8787	1	1			0.0	8000.0		
8788	1	1	50.0	54.0	0.0	8000.0	cluster_2	BO-82Tapyta/BO-82TAPYTA_20250427_010102.wav
8789	1	1			0.0	8000.0		
8790	1	1			0.0	8000.0		
8791	1	1			0.0	8000.0		
8792	1	1			0.0	8000.0		
8793	1	1			0.0	8000.0		
8794	1	1			0.0	8000.0		
8795	1	1	38.0	42.0	0.0	8000.0	cluster_2	BO-82Tapyta/BO-82TAPYTA_20250425_000402.wav
8796	1	1			0.0	8000.0		
8797	1	1			0.0	8000.0		
8798	1	1			0.0	8000.0		
8799	1	1			0.0	8000.0		
8800	1	1	50.0	54.0	0.0	8000.0	cluster_2	BO-82Tapyta/BO-82TAPYTA_20250412_052302.wav
8801	1	1	12.0	16.0	0.0	8000.0	cluster_2	BO-82Tapyta/BO-82TAPYTA_20250418_054902.wav
8802	1	1			0.0	8000.0		
8803	1	1			0.0	8000.0		
8804	1	1			0.0	8000.0		
8805	1	1			0.0	8000.0		
8806	1	1	30.0	34.0	0.0	8000.0	cluster_2	BO-82Tapyta/BO-82TAPYTA_20250416_034302.wav
8807	1	1	18.0	22.0	0.0	8000.0	cluster_2	BO-82Tapyta/BO-82TAPYTA_20250426_221602.wav
8808	1	1			0.0	8000.0		
8809	1	1			0.0	8000.0		
8810	1	1			0.0	8000.0		
8811	1	1			0.0	8000.0		
8812	1	1			0.0	8000.0		
8813	1	1	28.0	32.0	0.0	8000.0	cluster_2	BO-82Tapyta/BO-82TAPYTA_20250424_213502.wav
8814	1	1			0.0	8000.0		
8815	1	1			0.0	8000.0		
8816	1	1			0.0	8000.0		
8817	1	1			0.0	8000.0		
8818	1	1	12.0	16.0	0.0	8000.0	cluster_2	BO-82Tapyta/BO-82TAPYTA_20250417_204302.wav
8819	1	1			0.0	8000.0		
8820	1	1			0.0	8000.0		
8821	1	1			0.0	8000.0		
8822	1	1			0.0	8000.0		
8823	1	1			0.0	8000.0		
8824	1	1	8.0	12.0	0.0	8000.0	cluster_2	BO-81Tapyta/BO-81TAPYTA_20250412_022602.wav
8825	1	1			0.0	8000.0		
8826	1	1			0.0	8000.0		
8827	1	1			0.0	8000.0		
8828	1	1			0.0	8000.0		
8829	1	1			0.0	8000.0		
8830	1	1			0.0	8000.0		
8831	1	1			0.0	8000.0		
8832	1	1			0.0	8000.0		
8833	1	1	44.0	48.0	0.0	8000.0	cluster_2	BO-82Tapyta/BO-82TAPYTA_20250427_205202.wav
8834	1	1			0.0	8000.0		
8835	1	1			0.0	8000.0		
8836	1	1	40.0	44.0	0.0	8000.0	cluster_2	BO-82Tapyta/BO-82TAPYTA_20250418_005702.wav
8837	1	1			0.0	8000.0		
8838	1	1	6.0	10.0	0.0	8000.0	cluster_2	BO-81Tapyta/BO-81TAPYTA_20250416_042602.wav
8839	1	1			0.0	8000.0		
8840	1	1	6.0	10.0	0.0	8000.0	cluster_2	BO-82Tapyta/BO-82TAPYTA_20250424_003202.wav
8841	1	1			0.0	8000.0		
8842	1	1			0.0	8000.0		
8843	1	1			0.0	8000.0		
8844	1	1			0.0	8000.0		
8845	1	1	38.0	42.0	0.0	8000.0	cluster_2	BO-82Tapyta/BO-82TAPYTA_20250418_042102.wav
8846	1	1			0.0	8000.0		
8847	1	1			0.0	8000.0		
8848	1	1			0.0	8000.0		
8849	1	1			0.0	8000.0		
8850	1	1			0.0	8000.0		
8851	1	1	16.0	20.0	0.0	8000.0	cluster_2	BO-82Tapyta/BO-82TAPYTA_20250426_012402.wav
8852	1	1	0.0	4.0	0.0	8000.0	cluster_2	BO-81Tapyta/BO-81TAPYTA_20250416_020302.wav
8853	1	1	42.0	46.0	0.0	8000.0	cluster_2	BO-82Tapyta/BO-82TAPYTA_20250423_214402.wav
8854	1	1			0.0	8000.0		
8855	1	1			0.0	8000.0		
8856	1	1			0.0	8000.0		
8857	1	1	6.0	10.0	0.0	8000.0	cluster_2	BO-82Tapyta/BO-82TAPYTA_20250412_025402.wav
8858	1	1			0.0	8000.0		
8859	1	1			0.0	8000.0		
8860	1	1			0.0	8000.0		
8861	1	1			0.0	8000.0		
8862	1	1	42.0	46.0	0.0	8000.0	cluster_2	BO-82Tapyta/BO-82TAPYTA_20250411_191202.wav
8863	1	1			0.0	8000.0		
8864	1	1			0.0	8000.0		
8865	1	1			0.0	8000.0		
8866	1	1			0.0	8000.0		
8867	1	1			0.0	8000.0		
8868	1	1			0.0	8000.0		
8869	1	1	8.0	12.0	0.0	8000.0	cluster_2	BO-82Tapyta/BO-82TAPYTA_20250411_210002.wav
8870	1	1			0.0	8000.0		
8871	1	1			0.0	8000.0		
8872	1	1			0.0	8000.0		
8873	1	1			0.0	8000.0		
8874	1	1			0.0	8000.0		
8875	1	1	36.0	40.0	0.0	8000.0	cluster_2	BO-82Tapyta/BO-82TAPYTA_20250416_050202.wav
8876	1	1	38.0	42.0	0.0	8000.0	cluster_2	BO-82Tapyta/BO-82TAPYTA_20250416_221902.wav
8877	1	1			0.0	8000.0		
8878	1	1			0.0	8000.0		
8879	1	1	8.0	12.0	0.0	8000.0	cluster_2	BO-82Tapyta/BO-82TAPYTA_20250411_223502.wav
8880	1	1			0.0	8000.0		
8881	1	1	4.0	8.0	0.0	8000.0	cluster_2	BO-82Tapyta/BO-82TAPYTA_20250417_194002.wav
8882	1	1			0.0	8000.0		
8883	1	1			0.0	8000.0		
8884	1	1			0.0	8000.0		
8885	1	1	34.0	38.0	0.0	8000.0	cluster_2	BO-82Tapyta/BO-82TAPYTA_20250415_194102.wav
8886	1	1	30.0	34.0	0.0	8000.0	cluster_2	BO-82Tapyta/BO-82TAPYTA_20250425_005202.wav
8887	1	1	20.0	24.0	0.0	8000.0	cluster_2	BO-82Tapyta/BO-82TAPYTA_20250502_204502.wav
8888	1	1			0.0	8000.0		
8889	1	1			0.0	8000.0		
8890	1	1			0.0	8000.0		
8891	1	1			0.0	8000.0		
8892	1	1			0.0	8000.0		
8893	1	1			0.0	8000.0		
8894	1	1			0.0	8000.0		
8895	1	1			0.0	8000.0		
8896	1	1			0.0	8000.0		
8897	1	1			0.0	8000.0		
8898	1	1			0.0	8000.0		
8899	1	1			0.0	8000.0		
8900	1	1			0.0	8000.0		
8901	1	1			0.0	8000.0		
8902	1	1			0.0	8000.0		
8903	1	1			0.0	8000.0		
8904	1	1			0.0	8000.0		
8905	1	1			0.0	8000.0		
8906	1	1			0.0	8000.0		
8907	1	1			0.0	8000.0		
8908	1	1			0.0	8000.0		
8909	1	1			0.0	8000.0		
8910	1	1			0.0	8000.0		
8911	1	1	30.0	34.0	0.0	8000.0	cluster_2	BO-82Tapyta/BO-82TAPYTA_20250415_210602.wav
8912	1	1	0.0	4.0	0.0	8000.0	cluster_2	BO-82Tapyta/BO-82TAPYTA_20250425_021102.wav
8913	1	1			0.0	8000.0		
8914	1	1	10.0	14.0	0.0	8000.0	cluster_2	BO-82Tapyta/BO-82TAPYTA_20250424_201102.wav
8915	1	1			0.0	8000.0		
8916	1	1	26.0	30.0	0.0	8000.0	cluster_2	BO-82Tapyta/BO-82TAPYTA_20250417_195002.wav
8917	1	1			0.0	8000.0		
8918	1	1			0.0	8000.0		
8919	1	1			0.0	8000.0		
8920	1	1			0.0	8000.0		
8921	1	1	8.0	12.0	0.0	8000.0	cluster_2	BO-82Tapyta/BO-82TAPYTA_20250416_011302.wav
8922	1	1			0.0	8000.0		
8923	1	1			0.0	8000.0		
8924	1	1			0.0	8000.0		
8925	1	1	44.0	48.0	0.0	8000.0	cluster_2	BO-82Tapyta/BO-82TAPYTA_20250417_011602.wav
8926	1	1	44.0	48.0	0.0	8000.0	cluster_2	BO-82Tapyta/BO-82TAPYTA_20250411_214202.wav
8927	1	1	28.0	32.0	0.0	8000.0	cluster_2	BO-82Tapyta/BO-82TAPYTA_20250426_201902.wav
8928	1	1			0.0	8000.0		
8929	1	1	42.0	46.0	0.0	8000.0	cluster_2	BO-82Tapyta/BO-82TAPYTA_20250424_005302.wav
8930	1	1			0.0	8000.0		
8931	1	1			0.0	8000.0		
8932	1	1	48.0	52.0	0.0	8000.0	cluster_2	BO-82Tapyta/BO-82TAPYTA_20250417_033502.wav
8933	1	1			0.0	8000.0		
8934	1	1	0.0	4.0	0.0	8000.0	cluster_2	BO-82Tapyta/BO-82TAPYTA_20250415_193702.wav
8935	1	1			0.0	8000.0		
8936	1	1			0.0	8000.0		
8937	1	1			0.0	8000.0		
8938	1	1	18.0	22.0	0.0	8000.0	cluster_2	BO-82Tapyta/BO-82TAPYTA_20250414_214202.wav
8939	1	1			0.0	8000.0		
8940	1	1			0.0	8000.0		
8941	1	1	38.0	42.0	0.0	8000.0	cluster_2	BO-82Tapyta/BO-82TAPYTA_20250417_213302.wav
8942	1	1			0.0	8000.0		
8943	1	1	4.0	8.0	0.0	8000.0	cluster_2	BO-82Tapyta/BO-82TAPYTA_20250418_040802.wav
8944	1	1			0.0	8000.0		
8945	1	1			0.0	8000.0		
8946	1	1			0.0	8000.0		
8947	1	1			0.0	8000.0		
8948	1	1			0.0	8000.0		
8949	1	1			0.0	8000.0		
8950	1	1			0.0	8000.0		
8951	1	1	28.0	32.0	0.0	8000.0	cluster_2	BO-82Tapyta/BO-82TAPYTA_20250418_024102.wav
8952	1	1			0.0	8000.0		
8953	1	1			0.0	8000.0		
8954	1	1			0.0	8000.0		
8955	1	1			0.0	8000.0		
8956	1	1			0.0	8000.0		
8957	1	1			0.0	8000.0		
8958	1	1			0.0	8000.0		
8959	1	1	6.0	10.0	0.0	8000.0	cluster_2	BO-82Tapyta/BO-82TAPYTA_20250425_022802.wav
8960	1	1	6.0	10.0	0.0	8000.0	cluster_2	BO-82Tapyta/BO-82TAPYTA_20250411_193502.wav
8961	1	1			0.0	8000.0		
8962	1	1	30.0	34.0	0.0	8000.0	cluster_2	BO-82Tapyta/BO-82TAPYTA_20250425_021502.wav
8963	1	1	26.0	30.0	0.0	8000.0	cluster_2	BO-82Tapyta/BO-82TAPYTA_20250416_040102.wav
8964	1	1			0.0	8000.0		
8965	1	1	44.0	48.0	0.0	8000.0	cluster_2	BO-82Tapyta/BO-82TAPYTA_20250425_205502.wav
8966	1	1			0.0	8000.0		
8967	1	1	6.0	10.0	0.0	8000.0	cluster_2	BO-82Tapyta/BO-82TAPYTA_20250502_222502.wav
8968	1	1			0.0	8000.0		
8969	1	1			0.0	8000.0		
8970	1	1			0.0	8000.0		
8971	1	1			0.0	8000.0		
8972	1	1			0.0	8000.0		
8973	1	1			0.0	8000.0		
8974	1	1	24.0	28.0	0.0	8000.0	cluster_2	BO-81Tapyta/BO-81TAPYTA_20250416_013502.wav
8975	1	1	38.0	42.0	0.0	8000.0	cluster_2	BO-82Tapyta/BO-82TAPYTA_20250412_005202.wav
8976	1	1	2.0	6.0	0.0	8000.0	cluster_2	BO-82Tapyta/BO-82TAPYTA_20250418_053702.wav
8977	1	1			0.0	8000.0		
8978	1	1			0.0	8000.0		
8979	1	1			0.0	8000.0		
8980	1	1	12.0	16.0	0.0	8000.0	cluster_2	BO-81Tapyta/BO-81TAPYTA_20250413_211402.wav
8981	1	1			0.0	8000.0		
8982	1	1			0.0	8000.0		
8983	1	1	44.0	48.0	0.0	8000.0	cluster_2	BO-82Tapyta/BO-82TAPYTA_20250424_201502.wav
8984	1	1			0.0	8000.0		
8985	1	1			0.0	8000.0		
8986	1	1	2.0	6.0	0.0	8000.0	cluster_2	BO-82Tapyta/BO-82TAPYTA_20250418_052202.wav
8987	1	1			0.0	8000.0		
8988	1	1			0.0	8000.0		
8989	1	1	38.0	42.0	0.0	8000.0	cluster_2	BO-82Tapyta/BO-82TAPYTA_20250415_214502.wav
8990	1	1			0.0	8000.0		
8991	1	1	12.0	16.0	0.0	8000.0	cluster_2	BO-82Tapyta/BO-82TAPYTA_20250501_193902.wav
8992	1	1			0.0	8000.0		
8993	1	1			0.0	8000.0		
8994	1	1			0.0	8000.0		
8995	1	1			0.0	8000.0		
8996	1	1			0.0	8000.0		
8997	1	1	32.0	36.0	0.0	8000.0	cluster_2	BO-82Tapyta/BO-82TAPYTA_20250427_052302.wav
8998	1	1	16.0	20.0	0.0	8000.0	cluster_2	BO-82Tapyta/BO-82TAPYTA_20250414_215502.wav
8999	1	1	24.0	28.0	0.0	8000.0	cluster_2	BO-82Tapyta/BO-82TAPYTA_20250414_204502.wav
9000	1	1	12.0	16.0	0.0	8000.0	cluster_2	BO-82Tapyta/BO-82TAPYTA_20250415_205202.wav
9001	1	1	52.0	56.0	0.0	8000.0	cluster_2	BO-82Tapyta/BO-82TAPYTA_20250426_001602.wav
9002	1	1	36.0	40.0	0.0	8000.0	cluster_2	BO-81Tapyta/BO-81TAPYTA_20250415_203402.wav
9003	1	1			0.0	8000.0		
9004	1	1			0.0	8000.0		
9005	1	1	6.0	10.0	0.0	8000.0	cluster_2	BO-82Tapyta/BO-82TAPYTA_20250427_014702.wav
9006	1	1			0.0	8000.0		
9007	1	1			0.0	8000.0		
9008	1	1	18.0	22.0	0.0	8000.0	cluster_2	BO-82Tapyta/BO-82TAPYTA_20250411_234802.wav
9009	1	1			0.0	8000.0		
9010	1	1			0.0	8000.0		
9011	1	1			0.0	8000.0		
9012	1	1			0.0	8000.0		
9013	1	1			0.0	8000.0		
9014	1	1			0.0	8000.0		
9015	1	1			0.0	8000.0		
9016	1	1			0.0	8000.0		
9017	1	1			0.0	8000.0		
9018	1	1			0.0	8000.0		
9019	1	1			0.0	8000.0		
9020	1	1			0.0	8000.0		
9021	1	1			0.0	8000.0		
9022	1	1			0.0	8000.0		
9023	1	1			0.0	8000.0		
9024	1	1			0.0	8000.0		
9025	1	1			0.0	8000.0		
9026	1	1			0.0	8000.0		
9027	1	1			0.0	8000.0		
9028	1	1			0.0	8000.0		
9029	1	1			0.0	8000.0		
9030	1	1	38.0	42.0	0.0	8000.0	cluster_2	BO-82Tapyta/BO-82TAPYTA_20250424_225302.wav
9031	1	1			0.0	8000.0		
9032	1	1			0.0	8000.0		
9033	1	1			0.0	8000.0		
9034	1	1			0.0	8000.0		
9035	1	1			0.0	8000.0		
9036	1	1			0.0	8000.0		
9037	1	1			0.0	8000.0		
9038	1	1	42.0	46.0	0.0	8000.0	cluster_2	BO-82Tapyta/BO-82TAPYTA_20250425_203902.wav
9039	1	1			0.0	8000.0		
9040	1	1			0.0	8000.0		
9041	1	1			0.0	8000.0		
9042	1	1			0.0	8000.0		
9043	1	1	42.0	46.0	0.0	8000.0	cluster_2	BO-82Tapyta/BO-82TAPYTA_20250502_185602.wav
9044	1	1			0.0	8000.0		
9045	1	1			0.0	8000.0		
9046	1	1			0.0	8000.0		
9047	1	1			0.0	8000.0		
9048	1	1	12.0	16.0	0.0	8000.0	cluster_2	BO-81Tapyta/BO-81TAPYTA_20250412_001202.wav
9049	1	1			0.0	8000.0		
9050	1	1			0.0	8000.0		
9051	1	1			0.0	8000.0		
9052	1	1	14.0	18.0	0.0	8000.0	cluster_2	BO-82Tapyta/BO-82TAPYTA_20250427_022802.wav
9053	1	1			0.0	8000.0		
9054	1	1			0.0	8000.0		
9055	1	1			0.0	8000.0		
9056	1	1	32.0	36.0	0.0	8000.0	cluster_2	BO-82Tapyta/BO-82TAPYTA_20250418_031502.wav
9057	1	1			0.0	8000.0		
9058	1	1			0.0	8000.0		
9059	1	1			0.0	8000.0		
9060	1	1	18.0	22.0	0.0	8000.0	cluster_2	BO-82Tapyta/BO-82TAPYTA_20250418_055902.wav
9061	1	1	30.0	34.0	0.0	8000.0	cluster_2	BO-82Tapyta/BO-82TAPYTA_20250502_215302.wav
9062	1	1			0.0	8000.0		
9063	1	1			0.0	8000.0		
9064	1	1			0.0	8000.0		
9065	1	1	38.0	42.0	0.0	8000.0	cluster_2	BO-81Tapyta/BO-81TAPYTA_20250413_212702.wav
9066	1	1			0.0	8000.0		
9067	1	1			0.0	8000.0		
9068	1	1			0.0	8000.0		
9069	1	1			0.0	8000.0		
9070	1	1			0.0	8000.0		
9071	1	1			0.0	8000.0		
9072	1	1	24.0	28.0	0.0	8000.0	cluster_2	BO-82Tapyta/BO-82TAPYTA_20250426_192902.wav
9073	1	1	20.0	24.0	0.0	8000.0	cluster_2	BO-82Tapyta/BO-82TAPYTA_20250424_212402.wav
9074	1	1			0.0	8000.0		
9075	1	1	46.0	50.0	0.0	8000.0	cluster_2	BO-82Tapyta/BO-82TAPYTA_20250415_195802.wav
9076	1	1	48.0	52.0	0.0	8000.0	cluster_2	BO-82Tapyta/BO-82TAPYTA_20250411_224502.wav
9077	1	1			0.0	8000.0		
9078	1	1			0.0	8000.0		
9079	1	1			0.0	8000.0		
9080	1	1	20.0	24.0	0.0	8000.0	cluster_2	BO-82Tapyta/BO-82TAPYTA_20250426_000002.wav
9081	1	1	12.0	16.0	0.0	8000.0	cluster_2	BO-82Tapyta/BO-82TAPYTA_20250427_043502.wav
9082	1	1			0.0	8000.0		
9083	1	1	48.0	52.0	0.0	8000.0	cluster_2	BO-82Tapyta/BO-82TAPYTA_20250418_011302.wav
9084	1	1			0.0	8000.0		
9085	1	1			0.0	8000.0		
9086	1	1			0.0	8000.0		
9087	1	1			0.0	8000.0		
9088	1	1	38.0	42.0	0.0	8000.0	cluster_2	BO-82Tapyta/BO-82TAPYTA_20250425_002002.wav
9089	1	1	42.0	46.0	0.0	8000.0	cluster_2	BO-82Tapyta/BO-82TAPYTA_20250412_010602.wav
9090	1	1	2.0	6.0	0.0	8000.0	cluster_2	BO-82Tapyta/BO-82TAPYTA_20250416_233402.wav
9091	1	1			0.0	8000.0		
9092	1	1			0.0	8000.0		
9093	1	1			0.0	8000.0		
9094	1	1			0.0	8000.0		
9095	1	1	8.0	12.0	0.0	8000.0	cluster_2	BO-82Tapyta/BO-82TAPYTA_20250416_215602.wav
9096	1	1			0.0	8000.0		
9097	1	1			0.0	8000.0		
9098	1	1			0.0	8000.0		
9099	1	1	36.0	40.0	0.0	8000.0	cluster_2	BO-82Tapyta/BO-82TAPYTA_20250424_230502.wav
9100	1	1			0.0	8000.0		
9101	1	1			0.0	8000.0		
9102	1	1	38.0	42.0	0.0	8000.0	cluster_2	BO-82Tapyta/BO-82TAPYTA_20250426_192502.wav
9103	1	1			0.0	8000.0		
9104	1	1			0.0	8000.0		
9105	1	1			0.0	8000.0		
9106	1	1			0.0	8000.0		
9107	1	1	38.0	42.0	0.0	8000.0	cluster_2	BO-82Tapyta/BO-82TAPYTA_20250426_235502.wav
9108	1	1			0.0	8000.0		
9109	1	1	22.0	26.0	0.0	8000.0	cluster_2	BO-82Tapyta/BO-82TAPYTA_20250415_214702.wav
9110	1	1			0.0	8000.0		
9111	1	1	38.0	42.0	0.0	8000.0	cluster_2	BO-82Tapyta/BO-82TAPYTA_20250427_030502.wav
9112	1	1			0.0	8000.0		
9113	1	1			0.0	8000.0		
9114	1	1			0.0	8000.0		
9115	1	1			0.0	8000.0		
9116	1	1	36.0	40.0	0.0	8000.0	cluster_2	BO-82Tapyta/BO-82TAPYTA_20250411_204302.wav
9117	1	1			0.0	8000.0		
9118	1	1			0.0	8000.0		
9119	1	1	30.0	34.0	0.0	8000.0	cluster_2	BO-82Tapyta/BO-82TAPYTA_20250426_000802.wav
9120	1	1	44.0	48.0	0.0	8000.0	cluster_2	BO-82Tapyta/BO-82TAPYTA_20250418_034902.wav
9121	1	1			0.0	8000.0		
9122	1	1			0.0	8000.0		
9123	1	1	18.0	22.0	0.0	8000.0	cluster_2	BO-82Tapyta/BO-82TAPYTA_20250417_003602.wav
9124	1	1			0.0	8000.0		
9125	1	1			0.0	8000.0		
9126	1	1			0.0	8000.0		
9127	1	1			0.0	8000.0		
9128	1	1			0.0	8000.0		
9129	1	1			0.0	8000.0		
9130	1	1	2.0	6.0	0.0	8000.0	cluster_2	BO-81Tapyta/BO-81TAPYTA_20250415_202802.wav
9131	1	1			0.0	8000.0		
9132	1	1			0.0	8000.0		
9133	1	1			0.0	8000.0		
9134	1	1	14.0	18.0	0.0	8000.0	cluster_2	BO-82Tapyta/BO-82TAPYTA_20250418_000702.wav
9135	1	1			0.0	8000.0		
9136	1	1			0.0	8000.0		
9137	1	1			0.0	8000.0		
9138	1	1			0.0	8000.0		
9139	1	1			0.0	8000.0		
9140	1	1			0.0	8000.0		
9141	1	1			0.0	8000.0		
9142	1	1			0.0	8000.0		
9143	1	1			0.0	8000.0		
9144	1	1			0.0	8000.0		
9145	1	1	24.0	28.0	0.0	8000.0	cluster_2	BO-81Tapyta/BO-81TAPYTA_20250414_215702.wav
9146	1	1			0.0	8000.0		
9147	1	1			0.0	8000.0		
9148	1	1	44.0	48.0	0.0	8000.0	cluster_2	BO-82Tapyta/BO-82TAPYTA_20250415_193002.wav
9149	1	1			0.0	8000.0		
9150	1	1			0.0	8000.0		
9151	1	1			0.0	8000.0		
9152	1	1			0.0	8000.0		
9153	1	1			0.0	8000.0		
9154	1	1			0.0	8000.0		
9155	1	1			0.0	8000.0		
9156	1	1	42.0	46.0	0.0	8000.0	cluster_2	BO-82Tapyta/BO-82TAPYTA_20250414_204302.wav
9157	1	1			0.0	8000.0		
9158	1	1			0.0	8000.0		
9159	1	1			0.0	8000.0		
9160	1	1			0.0	8000.0		
9161	1	1			0.0	8000.0		
9162	1	1			0.0	8000.0		
9163	1	1			0.0	8000.0		
9164	1	1			0.0	8000.0		
9165	1	1			0.0	8000.0		
9166	1	1			0.0	8000.0		
9167	1	1			0.0	8000.0		
9168	1	1			0.0	8000.0		
9169	1	1			0.0	8000.0		
9170	1	1			0.0	8000.0		
9171	1	1			0.0	8000.0		
9172	1	1			0.0	8000.0		
9173	1	1	44.0	48.0	0.0	8000.0	cluster_2	BO-82Tapyta/BO-82TAPYTA_20250416_003902.wav
9174	1	1	12.0	16.0	0.0	8000.0	cluster_2	BO-82Tapyta/BO-82TAPYTA_20250426_213102.wav
9175	1	1			0.0	8000.0		
9176	1	1			0.0	8000.0		
9177	1	1			0.0	8000.0		
9178	1	1			0.0	8000.0		
9179	1	1			0.0	8000.0		
9180	1	1	48.0	52.0	0.0	8000.0	cluster_2	BO-82Tapyta/BO-82TAPYTA_20250425_030202.wav
9181	1	1			0.0	8000.0		
9182	1	1			0.0	8000.0		
9183	1	1			0.0	8000.0		
9184	1	1			0.0	8000.0		
9185	1	1			0.0	8000.0		
9186	1	1			0.0	8000.0		
9187	1	1	50.0	54.0	0.0	8000.0	cluster_2	BO-82Tapyta/BO-82TAPYTA_20250426_040502.wav
9188	1	1			0.0	8000.0		
9189	1	1			0.0	8000.0		
9190	1	1			0.0	8000.0		
9191	1	1			0.0	8000.0		
9192	1	1			0.0	8000.0		
9193	1	1			0.0	8000.0		
9194	1	1			0.0	8000.0		
9195	1	1			0.0	8000.0		
9196	1	1			0.0	8000.0		
9197	1	1			0.0	8000.0		
9198	1	1			0.0	8000.0		
9199	1	1			0.0	8000.0		
9200	1	1	46.0	50.0	0.0	8000.0	cluster_2	BO-81Tapyta/BO-81TAPYTA_20250416_035502.wav
9201	1	1	48.0	52.0	0.0	8000.0	cluster_2	BO-82Tapyta/BO-82TAPYTA_20250414_223302.wav
9202	1	1			0.0	8000.0		
9203	1	1	2.0	6.0	0.0	8000.0	cluster_2	BO-82Tapyta/BO-82TAPYTA_20250418_024002.wav
9204	1	1	6.0	10.0	0.0	8000.0	cluster_2	BO-82Tapyta/BO-82TAPYTA_20250410_191102.wav
9205	1	1			0.0	8000.0		
9206	1	1			0.0	8000.0		
9207	1	1			0.0	8000.0		
9208	1	1			0.0	8000.0		
9209	1	1			0.0	8000.0		
9210	1	1			0.0	8000.0		
9211	1	1			0.0	8000.0		
9212	1	1			0.0	8000.0		
9213	1	1			0.0	8000.0		
9214	1	1	46.0	50.0	0.0	8000.0	cluster_2	BO-82Tapyta/BO-82TAPYTA_20250417_021002.wav
9215	1	1			0.0	8000.0		
9216	1	1			0.0	8000.0		
9217	1	1			0.0	8000.0		
9218	1	1			0.0	8000.0		
9219	1	1			0.0	8000.0		
9220	1	1			0.0	8000.0		
9221	1	1			0.0	8000.0		
9222	1	1			0.0	8000.0		
9223	1	1			0.0	8000.0		
9224	1	1			0.0	8000.0		
9225	1	1			0.0	8000.0		
9226	1	1			0.0	8000.0		
9227	1	1			0.0	8000.0		
9228	1	1			0.0	8000.0		
9229	1	1	52.0	56.0	0.0	8000.0	cluster_2	BO-82Tapyta/BO-82TAPYTA_20250416_020002.wav
9230	1	1			0.0	8000.0		
9231	1	1	10.0	14.0	0.0	8000.0	cluster_2	BO-81Tapyta/BO-81TAPYTA_20250415_220602.wav
9232	1	1			0.0	8000.0		
9233	1	1			0.0	8000.0		
9234	1	1			0.0	8000.0		
9235	1	1			0.0	8000.0		
9236	1	1			0.0	8000.0		
9237	1	1	36.0	40.0	0.0	8000.0	cluster_2	BO-82Tapyta/BO-82TAPYTA_20250415_195602.wav
9238	1	1			0.0	8000.0		
9239	1	1			0.0	8000.0		
9240	1	1			0.0	8000.0		
9241	1	1			0.0	8000.0		
9242	1	1	14.0	18.0	0.0	8000.0	cluster_2	BO-82Tapyta/BO-82TAPYTA_20250416_043102.wav
9243	1	1			0.0	8000.0		
9244	1	1	40.0	44.0	0.0	8000.0	cluster_2	BO-82Tapyta/BO-82TAPYTA_20250411_195802.wav
9245	1	1			0.0	8000.0		
9246	1	1			0.0	8000.0		
9247	1	1	6.0	10.0	0.0	8000.0	cluster_2	BO-82Tapyta/BO-82TAPYTA_20250426_055002.wav
9248	1	1			0.0	8000.0		
9249	1	1			0.0	8000.0		
9250	1	1	32.0	36.0	0.0	8000.0	cluster_2	BO-82Tapyta/BO-82TAPYTA_20250414_220902.wav
9251	1	1			0.0	8000.0		
9252	1	1	34.0	38.0	0.0	8000.0	cluster_2	BO-82Tapyta/BO-82TAPYTA_20250424_205702.wav
9253	1	1	2.0	6.0	0.0	8000.0	cluster_2	BO-82Tapyta/BO-82TAPYTA_20250418_013002.wav
9254	1	1			0.0	8000.0		
9255	1	1	34.0	38.0	0.0	8000.0	cluster_2	BO-82Tapyta/BO-82TAPYTA_20250426_223602.wav
9256	1	1			0.0	8000.0		
9257	1	1	52.0	56.0	0.0	8000.0	cluster_2	BO-82Tapyta/BO-82TAPYTA_20250416_221802.wav
9258	1	1			0.0	8000.0		
9259	1	1	42.0	46.0	0.0	8000.0	cluster_2	BO-82Tapyta/BO-82TAPYTA_20250418_053502.wav
9260	1	1			0.0	8000.0		
9261	1	1			0.0	8000.0		
9262	1	1			0.0	8000.0		
9263	1	1			0.0	8000.0		
9264	1	1			0.0	8000.0		
9265	1	1			0.0	8000.0		
9266	1	1			0.0	8000.0		
9267	1	1			0.0	8000.0		
9268	1	1			0.0	8000.0		
9269	1	1	24.0	28.0	0.0	8000.0	cluster_2	BO-81Tapyta/BO-81TAPYTA_20250413_221502.wav
9270	1	1	22.0	26.0	0.0	8000.0	cluster_2	BO-82Tapyta/BO-82TAPYTA_20250414_213002.wav
9271	1	1			0.0	8000.0		
9272	1	1			0.0	8000.0		
9273	1	1			0.0	8000.0		
9274	1	1			0.0	8000.0		
9275	1	1	12.0	16.0	0.0	8000.0	cluster_2	BO-82Tapyta/BO-82TAPYTA_20250417_053702.wav
9276	1	1	10.0	14.0	0.0	8000.0	cluster_2	BO-82Tapyta/BO-82TAPYTA_20250427_193502.wav
9277	1	1			0.0	8000.0		
9278	1	1			0.0	8000.0		
9279	1	1			0.0	8000.0		
9280	1	1	10.0	14.0	0.0	8000.0	cluster_2	BO-82Tapyta/BO-82TAPYTA_20250417_032502.wav
9281	1	1			0.0	8000.0		
9282	1	1			0.0	8000.0		
9283	1	1			0.0	8000.0		
9284	1	1			0.0	8000.0		
9285	1	1			0.0	8000.0		
9286	1	1			0.0	8000.0		
9287	1	1	32.0	36.0	0.0	8000.0	cluster_2	BO-82Tapyta/BO-82TAPYTA_20250424_010302.wav
9288	1	1			0.0	8000.0		
9289	1	1	34.0	38.0	0.0	8000.0	cluster_2	BO-82Tapyta/BO-82TAPYTA_20250427_211402.wav
9290	1	1	20.0	24.0	0.0	8000.0	cluster_2	BO-82Tapyta/BO-82TAPYTA_20250411_231402.wav
9291	1	1	48.0	52.0	0.0	8000.0	cluster_2	BO-82Tapyta/BO-82TAPYTA_20250427_053202.wav
9292	1	1			0.0	8000.0		
9293	1	1	6.0	10.0	0.0	8000.0	cluster_2	BO-82Tapyta/BO-82TAPYTA_20250414_203002.wav
9294	1	1			0.0	8000.0		
9295	1	1	32.0	36.0	0.0	8000.0	cluster_2	BO-82Tapyta/BO-82TAPYTA_20250414_200902.wav
9296	1	1			0.0	8000.0		
9297	1	1			0.0	8000.0		
9298	1	1			0.0	8000.0		
9299	1	1			0.0	8000.0		
9300	1	1			0.0	8000.0		
9301	1	1	28.0	32.0	0.0	8000.0	cluster_2	BO-82Tapyta/BO-82TAPYTA_20250502_193002.wav
9302	1	1			0.0	8000.0		
9303	1	1	18.0	22.0	0.0	8000.0	cluster_2	BO-82Tapyta/BO-82TAPYTA_20250418_005302.wav
9304	1	1			0.0	8000.0		
9305	1	1			0.0	8000.0		
9306	1	1			0.0	8000.0		
9307	1	1			0.0	8000.0		
9308	1	1			0.0	8000.0		
9309	1	1			0.0	8000.0		
9310	1	1			0.0	8000.0		
9311	1	1			0.0	8000.0		
9312	1	1			0.0	8000.0		
9313	1	1			0.0	8000.0		
9314	1	1	34.0	38.0	0.0	8000.0	cluster_2	BO-82Tapyta/BO-82TAPYTA_20250425_022102.wav
9315	1	1			0.0	8000.0		
9316	1	1			0.0	8000.0		
9317	1	1			0.0	8000.0		
9318	1	1			0.0	8000.0		
9319	1	1			0.0	8000.0		
9320	1	1			0.0	8000.0		
9321	1	1			0.0	8000.0		
9322	1	1			0.0	8000.0		
9323	1	1			0.0	8000.0		
9324	1	1			0.0	8000.0		
9325	1	1			0.0	8000.0		
9326	1	1			0.0	8000.0		
9327	1	1			0.0	8000.0		
9328	1	1			0.0	8000.0		
9329	1	1	2.0	6.0	0.0	8000.0	cluster_2	BO-82Tapyta/BO-82TAPYTA_20250427_044602.wav
9330	1	1			0.0	8000.0		
9331	1	1			0.0	8000.0		
9332	1	1			0.0	8000.0		
9333	1	1			0.0	8000.0		
9334	1	1			0.0	8000.0		
9335	1	1			0.0	8000.0		
9336	1	1			0.0	8000.0		
9337	1	1			0.0	8000.0		
9338	1	1			0.0	8000.0		
9339	1	1	14.0	18.0	0.0	8000.0	cluster_2	BO-82Tapyta/BO-82TAPYTA_20250411_190002.wav
9340	1	1			0.0	8000.0		
9341	1	1			0.0	8000.0		
9342	1	1			0.0	8000.0		
9343	1	1			0.0	8000.0		
9344	1	1			0.0	8000.0		
9345	1	1			0.0	8000.0		
9346	1	1	32.0	36.0	0.0	8000.0	cluster_2	BO-82Tapyta/BO-82TAPYTA_20250416_224802.wav
9347	1	1	22.0	26.0	0.0	8000.0	cluster_2	BO-81Tapyta/BO-81TAPYTA_20250414_210302.wav
9348	1	1			0.0	8000.0		
9349	1	1			0.0	8000.0		
9350	1	1			0.0	8000.0		
9351	1	1			0.0	8000.0		
9352	1	1			0.0	8000.0		
9353	1	1	8.0	12.0	0.0	8000.0	cluster_2	BO-82Tapyta/BO-82TAPYTA_20250412_052302.wav
9354	1	1			0.0	8000.0		
9355	1	1			0.0	8000.0		
9356	1	1			0.0	8000.0		
9357	1	1			0.0	8000.0		
9358	1	1	50.0	54.0	0.0	8000.0	cluster_2	BO-82Tapyta/BO-82TAPYTA_20250416_000802.wav
9359	1	1	16.0	20.0	0.0	8000.0	cluster_2	BO-82Tapyta/BO-82TAPYTA_20250413_201002.wav
9360	1	1	48.0	52.0	0.0	8000.0	cluster_2	BO-82Tapyta/BO-82TAPYTA_20250417_005102.wav
9361	1	1			0.0	8000.0		
9362	1	1	52.0	56.0	0.0	8000.0	cluster_2	BO-82Tapyta/BO-82TAPYTA_20250425_212102.wav
9363	1	1	4.0	8.0	0.0	8000.0	cluster_2	BO-82Tapyta/BO-82TAPYTA_20250415_201202.wav
9364	1	1			0.0	8000.0		
9365	1	1			0.0	8000.0		
9366	1	1			0.0	8000.0		
9367	1	1			0.0	8000.0		
9368	1	1			0.0	8000.0		
9369	1	1			0.0	8000.0		
9370	1	1			0.0	8000.0		
9371	1	1			0.0	8000.0		
9372	1	1	24.0	28.0	0.0	8000.0	cluster_2	BO-82Tapyta/BO-82TAPYTA_20250426_015002.wav
9373	1	1			0.0	8000.0		
9374	1	1			0.0	8000.0		
9375	1	1			0.0	8000.0		
9376	1	1	42.0	46.0	0.0	8000.0	cluster_2	BO-82Tapyta/BO-82TAPYTA_20250425_001302.wav
9377	1	1			0.0	8000.0		
9378	1	1			0.0	8000.0		
9379	1	1			0.0	8000.0		
9380	1	1	40.0	44.0	0.0	8000.0	cluster_2	BO-82Tapyta/BO-82TAPYTA_20250425_192102.wav
9381	1	1			0.0	8000.0		
9382	1	1			0.0	8000.0		
9383	1	1			0.0	8000.0		
9384	1	1	32.0	36.0	0.0	8000.0	cluster_2	BO-82Tapyta/BO-82TAPYTA_20250418_043702.wav
9385	1	1			0.0	8000.0		
9386	1	1	6.0	10.0	0.0	8000.0	cluster_2	BO-82Tapyta/BO-82TAPYTA_20250418_002502.wav
9387	1	1			0.0	8000.0		
9388	1	1			0.0	8000.0		
9389	1	1	46.0	50.0	0.0	8000.0	cluster_2	BO-82Tapyta/BO-82TAPYTA_20250425_210402.wav
9390	1	1			0.0	8000.0		
9391	1	1			0.0	8000.0		
9392	1	1			0.0	8000.0		
9393	1	1	38.0	42.0	0.0	8000.0	cluster_2	BO-82Tapyta/BO-82TAPYTA_20250415_200602.wav
9394	1	1			0.0	8000.0		
9395	1	1			0.0	8000.0		
9396	1	1			0.0	8000.0		
9397	1	1			0.0	8000.0		
9398	1	1			0.0	8000.0		
9399	1	1			0.0	8000.0		
9400	1	1			0.0	8000.0		
9401	1	1			0.0	8000.0		
9402	1	1			0.0	8000.0		
9403	1	1	52.0	56.0	0.0	8000.0	cluster_2	BO-82Tapyta/BO-82TAPYTA_20250427_215502.wav
9404	1	1			0.0	8000.0		
9405	1	1			0.0	8000.0		
9406	1	1			0.0	8000.0		
9407	1	1	34.0	38.0	0.0	8000.0	cluster_2	BO-81Tapyta/BO-81TAPYTA_20250413_204002.wav
9408	1	1			0.0	8000.0		
9409	1	1			0.0	8000.0		
9410	1	1			0.0	8000.0		
9411	1	1			0.0	8000.0		
9412	1	1			0.0	8000.0		
9413	1	1			0.0	8000.0		
9414	1	1			0.0	8000.0		
9415	1	1			0.0	8000.0		
9416	1	1			0.0	8000.0		
9417	1	1			0.0	8000.0		
9418	1	1			0.0	8000.0		
9419	1	1			0.0	8000.0		
9420	1	1			0.0	8000.0		
9421	1	1			0.0	8000.0		
9422	1	1	48.0	52.0	0.0	8000.0	cluster_2	BO-82Tapyta/BO-82TAPYTA_20250415_230802.wav
9423	1	1			0.0	8000.0		
9424	1	1			0.0	8000.0		
9425	1	1			0.0	8000.0		
9426	1	1			0.0	8000.0		
9427	1	1	28.0	32.0	0.0	8000.0	cluster_2	BO-82Tapyta/BO-82TAPYTA_20250411_204802.wav
9428	1	1	16.0	20.0	0.0	8000.0	cluster_2	BO-82Tapyta/BO-82TAPYTA_20250416_205102.wav
9429	1	1			0.0	8000.0		
9430	1	1			0.0	8000.0		
9431	1	1	40.0	44.0	0.0	8000.0	cluster_2	BO-82Tapyta/BO-82TAPYTA_20250412_045102.wav
9432	1	1			0.0	8000.0		
9433	1	1			0.0	8000.0		
9434	1	1			0.0	8000.0		
9435	1	1			0.0	8000.0		
9436	1	1	36.0	40.0	0.0	8000.0	cluster_2	BO-82Tapyta/BO-82TAPYTA_20250424_223202.wav
9437	1	1			0.0	8000.0		
9438	1	1			0.0	8000.0		
9439	1	1			0.0	8000.0		
9440	1	1	10.0	14.0	0.0	8000.0	cluster_2	BO-82Tapyta/BO-82TAPYTA_20250425_225602.wav
9441	1	1	4.0	8.0	0.0	8000.0	cluster_2	BO-82Tapyta/BO-82TAPYTA_20250417_004802.wav
9442	1	1			0.0	8000.0		
9443	1	1			0.0	8000.0		
9444	1	1			0.0	8000.0		
9445	1	1			0.0	8000.0		
9446	1	1	2.0	6.0	0.0	8000.0	cluster_2	BO-82Tapyta/BO-82TAPYTA_20250424_211802.wav
9447	1	1			0.0	8000.0		
9448	1	1			0.0	8000.0		
9449	1	1			0.0	8000.0		
9450	1	1			0.0	8000.0		
9451	1	1			0.0	8000.0		
9452	1	1			0.0	8000.0		
9453	1	1			0.0	8000.0		
9454	1	1			0.0	8000.0		
9455	1	1			0.0	8000.0		
9456	1	1			0.0	8000.0		
9457	1	1			0.0	8000.0		
9458	1	1	50.0	54.0	0.0	8000.0	cluster_2	BO-82Tapyta/BO-82TAPYTA_20250427_030302.wav
9459	1	1			0.0	8000.0		
9460	1	1			0.0	8000.0		
9461	1	1			0.0	8000.0		
9462	1	1			0.0	8000.0		
9463	1	1	22.0	26.0	0.0	8000.0	cluster_2	BO-82Tapyta/BO-82TAPYTA_20250427_052202.wav
9464	1	1	22.0	26.0	0.0	8000.0	cluster_2	BO-82Tapyta/BO-82TAPYTA_20250417_210502.wav
9465	1	1			0.0	8000.0		
9466	1	1			0.0	8000.0		
9467	1	1			0.0	8000.0		
9468	1	1			0.0	8000.0		
9469	1	1			0.0	8000.0		
9470	1	1			0.0	8000.0		
9471	1	1			0.0	8000.0		
9472	1	1			0.0	8000.0		
9473	1	1			0.0	8000.0		
9474	1	1			0.0	8000.0		
9475	1	1	18.0	22.0	0.0	8000.0	cluster_2	BO-82Tapyta/BO-82TAPYTA_20250417_015302.wav
9476	1	1			0.0	8000.0		
9477	1	1			0.0	8000.0		
9478	1	1	28.0	32.0	0.0	8000.0	cluster_2	BO-82Tapyta/BO-82TAPYTA_20250425_021402.wav
9479	1	1			0.0	8000.0		
9480	1	1			0.0	8000.0		
9481	1	1			0.0	8000.0		
9482	1	1			0.0	8000.0		
9483	1	1			0.0	8000.0		
9484	1	1	20.0	24.0	0.0	8000.0	cluster_2	BO-82Tapyta/BO-82TAPYTA_20250424_222202.wav
9485	1	1	34.0	38.0	0.0	8000.0	cluster_2	BO-82Tapyta/BO-82TAPYTA_20250414_220702.wav
9486	1	1	22.0	26.0	0.0	8000.0	cluster_2	BO-82Tapyta/BO-82TAPYTA_20250427_040702.wav
9487	1	1	14.0	18.0	0.0	8000.0	cluster_2	BO-82Tapyta/BO-82TAPYTA_20250427_032802.wav
9488	1	1			0.0	8000.0		
9489	1	1	2.0	6.0	0.0	8000.0	cluster_2	BO-82Tapyta/BO-82TAPYTA_20250417_230302.wav
9490	1	1			0.0	8000.0		
9491	1	1			0.0	8000.0		
9492	1	1			0.0	8000.0		
9493	1	1	52.0	56.0	0.0	8000.0	cluster_2	BO-82Tapyta/BO-82TAPYTA_20250416_051802.wav
9494	1	1			0.0	8000.0		
9495	1	1	0.0	4.0	0.0	8000.0	cluster_2	BO-82Tapyta/BO-82TAPYTA_20250417_034802.wav
9496	1	1			0.0	8000.0		
9497	1	1			0.0	8000.0		
9498	1	1			0.0	8000.0		
9499	1	1			0.0	8000.0		
9500	1	1	42.0	46.0	0.0	8000.0	cluster_2	BO-82Tapyta/BO-82TAPYTA_20250418_040102.wav
9501	1	1			0.0	8000.0		
9502	1	1	38.0	42.0	0.0	8000.0	cluster_2	BO-82Tapyta/BO-82TAPYTA_20250414_204302.wav
9503	1	1			0.0	8000.0		
9504	1	1			0.0	8000.0		
9505	1	1			0.0	8000.0		
9506	1	1			0.0	8000.0		
9507	1	1			0.0	8000.0		
9508	1	1	36.0	40.0	0.0	8000.0	cluster_2	BO-82Tapyta/BO-82TAPYTA_20250416_235302.wav
9509	1	1			0.0	8000.0		
9510	1	1			0.0	8000.0		
9511	1	1			0.0	8000.0		
9512	1	1			0.0	8000.0		
9513	1	1	14.0	18.0	0.0	8000.0	cluster_2	BO-81Tapyta/BO-81TAPYTA_20250416_024202.wav
9514	1	1			0.0	8000.0		
9515	1	1			0.0	8000.0		
9516	1	1			0.0	8000.0		
9517	1	1			0.0	8000.0		
9518	1	1			0.0	8000.0		
9519	1	1	8.0	12.0	0.0	8000.0	cluster_2	BO-82Tapyta/BO-82TAPYTA_20250416_202102.wav
9520	1	1			0.0	8000.0		
9521	1	1			0.0	8000.0		
9522	1	1			0.0	8000.0		
9523	1	1			0.0	8000.0		
9524	1	1			0.0	8000.0		
9525	1	1			0.0	8000.0		
9526	1	1	26.0	30.0	0.0	8000.0	cluster_2	BO-82Tapyta/BO-82TAPYTA_20250416_225702.wav
9527	1	1			0.0	8000.0		
9528	1	1	44.0	48.0	0.0	8000.0	cluster_2	BO-82Tapyta/BO-82TAPYTA_20250416_012102.wav
9529	1	1			0.0	8000.0		
9530	1	1	40.0	44.0	0.0	8000.0	cluster_2	BO-82Tapyta/BO-82TAPYTA_20250411_223002.wav
9531	1	1			0.0	8000.0		
9532	1	1			0.0	8000.0		
9533	1	1			0.0	8000.0		
9534	1	1	34.0	38.0	0.0	8000.0	cluster_2	BO-82Tapyta/BO-82TAPYTA_20250425_015302.wav
9535	1	1	14.0	18.0	0.0	8000.0	cluster_2	BO-82Tapyta/BO-82TAPYTA_20250426_025802.wav
9536	1	1			0.0	8000.0		
9537	1	1			0.0	8000.0		
9538	1	1			0.0	8000.0		
9539	1	1			0.0	8000.0		
9540	1	1			0.0	8000.0		
9541	1	1			0.0	8000.0		
9542	1	1			0.0	8000.0		
9543	1	1			0.0	8000.0		
9544	1	1			0.0	8000.0		
9545	1	1			0.0	8000.0		
9546	1	1			0.0	8000.0		
9547	1	1			0.0	8000.0		
9548	1	1	26.0	30.0	0.0	8000.0	cluster_2	BO-82Tapyta/BO-82TAPYTA_20250502_223302.wav
9549	1	1			0.0	8000.0		
9550	1	1			0.0	8000.0		
9551	1	1			0.0	8000.0		
9552	1	1			0.0	8000.0		
9553	1	1			0.0	8000.0		
9554	1	1			0.0	8000.0		
9555	1	1			0.0	8000.0		
9556	1	1			0.0	8000.0		
9557	1	1			0.0	8000.0		
9558	1	1			0.0	8000.0		
9559	1	1	20.0	24.0	0.0	8000.0	cluster_2	BO-82Tapyta/BO-82TAPYTA_20250426_023202.wav
9560	1	1			0.0	8000.0		
9561	1	1			0.0	8000.0		
9562	1	1			0.0	8000.0		
9563	1	1			0.0	8000.0		
9564	1	1			0.0	8000.0		
9565	1	1			0.0	8000.0		
9566	1	1			0.0	8000.0		
9567	1	1			0.0	8000.0		
9568	1	1			0.0	8000.0		
9569	1	1	14.0	18.0	0.0	8000.0	cluster_2	BO-82Tapyta/BO-82TAPYTA_20250417_002602.wav
9570	1	1	12.0	16.0	0.0	8000.0	cluster_2	BO-82Tapyta/BO-82TAPYTA_20250418_011002.wav
9571	1	1			0.0	8000.0		
9572	1	1			0.0	8000.0		
9573	1	1			0.0	8000.0		
9574	1	1			0.0	8000.0		
9575	1	1			0.0	8000.0		
9576	1	1			0.0	8000.0		
9577	1	1	2.0	6.0	0.0	8000.0	cluster_2	BO-82Tapyta/BO-82TAPYTA_20250411_185902.wav
9578	1	1			0.0	8000.0		
9579	1	1			0.0	8000.0		
9580	1	1			0.0	8000.0		
9581	1	1	36.0	40.0	0.0	8000.0	cluster_2	BO-82Tapyta/BO-82TAPYTA_20250411_193702.wav
9582	1	1			0.0	8000.0		
9583	1	1			0.0	8000.0		
9584	1	1			0.0	8000.0		
9585	1	1			0.0	8000.0		
9586	1	1			0.0	8000.0		
9587	1	1	42.0	46.0	0.0	8000.0	cluster_2	BO-82Tapyta/BO-82TAPYTA_20250414_194502.wav
9588	1	1	42.0	46.0	0.0	8000.0	cluster_2	BO-81Tapyta/BO-81TAPYTA_20250416_021002.wav
9589	1	1			0.0	8000.0		
9590	1	1			0.0	8000.0		
9591	1	1	38.0	42.0	0.0	8000.0	cluster_2	BO-82Tapyta/BO-82TAPYTA_20250418_015602.wav
9592	1	1			0.0	8000.0		
9593	1	1	30.0	34.0	0.0	8000.0	cluster_2	BO-82Tapyta/BO-82TAPYTA_20250416_011702.wav
9594	1	1			0.0	8000.0		
9595	1	1			0.0	8000.0		
9596	1	1	52.0	56.0	0.0	8000.0	cluster_2	BO-82Tapyta/BO-82TAPYTA_20250426_230902.wav
9597	1	1	14.0	18.0	0.0	8000.0	cluster_2	BO-82Tapyta/BO-82TAPYTA_20250424_193002.wav
9598	1	1			0.0	8000.0		
9599	1	1			0.0	8000.0		
9600	1	1			0.0	8000.0		
9601	1	1			0.0	8000.0		
9602	1	1			0.0	8000.0		
9603	1	1			0.0	8000.0		
9604	1	1			0.0	8000.0		
9605	1	1			0.0	8000.0		
9606	1	1			0.0	8000.0		
9607	1	1			0.0	8000.0		
9608	1	1	22.0	26.0	0.0	8000.0	cluster_2	BO-82Tapyta/BO-82TAPYTA_20250412_034702.wav
9609	1	1			0.0	8000.0		
9610	1	1	22.0	26.0	0.0	8000.0	cluster_2	BO-82Tapyta/BO-82TAPYTA_20250501_181802.wav
9611	1	1			0.0	8000.0		
9612	1	1			0.0	8000.0		
9613	1	1			0.0	8000.0		
9614	1	1			0.0	8000.0		
9615	1	1	20.0	24.0	0.0	8000.0	cluster_2	BO-82Tapyta/BO-82TAPYTA_20250411_220202.wav
9616	1	1	24.0	28.0	0.0	8000.0	cluster_2	BO-82Tapyta/BO-82TAPYTA_20250426_050402.wav
9617	1	1			0.0	8000.0		
9618	1	1			0.0	8000.0		
9619	1	1	20.0	24.0	0.0	8000.0	cluster_2	BO-82Tapyta/BO-82TAPYTA_20250424_001402.wav
9620	1	1	16.0	20.0	0.0	8000.0	cluster_2	BO-82Tapyta/BO-82TAPYTA_20250415_230302.wav
9621	1	1			0.0	8000.0		
9622	1	1			0.0	8000.0		
9623	1	1	6.0	10.0	0.0	8000.0	cluster_2	BO-82Tapyta/BO-82TAPYTA_20250415_202802.wav
9624	1	1			0.0	8000.0		
9625	1	1			0.0	8000.0		
9626	1	1			0.0	8000.0		
9627	1	1			0.0	8000.0		
9628	1	1			0.0	8000.0		
9629	1	1			0.0	8000.0		
9630	1	1			0.0	8000.0		
9631	1	1			0.0	8000.0		
9632	1	1			0.0	8000.0		
9633	1	1			0.0	8000.0		
9634	1	1			0.0	8000.0		
9635	1	1			0.0	8000.0		
9636	1	1	36.0	40.0	0.0	8000.0	cluster_2	BO-82Tapyta/BO-82TAPYTA_20250427_225802.wav
9637	1	1			0.0	8000.0		
9638	1	1			0.0	8000.0		
9639	1	1			0.0	8000.0		
9640	1	1			0.0	8000.0		
9641	1	1	38.0	42.0	0.0	8000.0	cluster_2	BO-82Tapyta/BO-82TAPYTA_20250413_204702.wav
9642	1	1			0.0	8000.0		
9643	1	1			0.0	8000.0		
9644	1	1			0.0	8000.0		
9645	1	1			0.0	8000.0		
9646	1	1			0.0	8000.0		
9647	1	1			0.0	8000.0		
9648	1	1	32.0	36.0	0.0	8000.0	cluster_2	BO-81Tapyta/BO-81TAPYTA_20250415_195902.wav
9649	1	1			0.0	8000.0		
9650	1	1	24.0	28.0	0.0	8000.0	cluster_2	BO-82Tapyta/BO-82TAPYTA_20250411_211102.wav
9651	1	1			0.0	8000.0		
9652	1	1			0.0	8000.0		
9653	1	1			0.0	8000.0		
9654	1	1	12.0	16.0	0.0	8000.0	cluster_2	BO-82Tapyta/BO-82TAPYTA_20250423_223202.wav
9655	1	1			0.0	8000.0		
9656	1	1	42.0	46.0	0.0	8000.0	cluster_2	BO-82Tapyta/BO-82TAPYTA_20250427_011902.wav
9657	1	1	2.0	6.0	0.0	8000.0	cluster_2	BO-82Tapyta/BO-82TAPYTA_20250416_011702.wav
9658	1	1			0.0	8000.0		
9659	1	1	20.0	24.0	0.0	8000.0	cluster_2	BO-82Tapyta/BO-82TAPYTA_20250426_203802.wav
9660	1	1			0.0	8000.0		
9661	1	1	10.0	14.0	0.0	8000.0	cluster_2	BO-82Tapyta/BO-82TAPYTA_20250426_014302.wav
9662	1	1			0.0	8000.0		
9663	1	1	28.0	32.0	0.0	8000.0	cluster_2	BO-82Tapyta/BO-82TAPYTA_20250417_215002.wav
9664	1	1			0.0	8000.0		
9665	1	1			0.0	8000.0		
9666	1	1			0.0	8000.0		
9667	1	1			0.0	8000.0		
9668	1	1			0.0	8000.0		
9669	1	1			0.0	8000.0		
9670	1	1			0.0	8000.0		
9671	1	1	34.0	38.0	0.0	8000.0	cluster_2	BO-82Tapyta/BO-82TAPYTA_20250414_214202.wav
9672	1	1			0.0	8000.0		
9673	1	1			0.0	8000.0		
9674	1	1			0.0	8000.0		
9675	1	1			0.0	8000.0		
9676	1	1	28.0	32.0	0.0	8000.0	cluster_2	BO-82Tapyta/BO-82TAPYTA_20250415_223202.wav
9677	1	1			0.0	8000.0		
9678	1	1			0.0	8000.0		
9679	1	1	36.0	40.0	0.0	8000.0	cluster_2	BO-82Tapyta/BO-82TAPYTA_20250416_035902.wav
9680	1	1			0.0	8000.0		
9681	1	1	2.0	6.0	0.0	8000.0	cluster_2	BO-82Tapyta/BO-82TAPYTA_20250426_045502.wav
9682	1	1	34.0	38.0	0.0	8000.0	cluster_2	BO-81Tapyta/BO-81TAPYTA_20250415_201802.wav
9683	1	1	4.0	8.0	0.0	8000.0	cluster_2	BO-82Tapyta/BO-82TAPYTA_20250424_004202.wav
9684	1	1	20.0	24.0	0.0	8000.0	cluster_2	BO-82Tapyta/BO-82TAPYTA_20250416_012702.wav
9685	1	1	16.0	20.0	0.0	8000.0	cluster_2	BO-81Tapyta/BO-81TAPYTA_20250413_210002.wav
9686	1	1			0.0	8000.0		
9687	1	1			0.0	8000.0		
9688	1	1	46.0	50.0	0.0	8000.0	cluster_2	BO-82Tapyta/BO-82TAPYTA_20250415_230602.wav
9689	1	1			0.0	8000.0		
9690	1	1	52.0	56.0	0.0	8000.0	cluster_2	BO-81Tapyta/BO-81TAPYTA_20250416_013302.wav
9691	1	1			0.0	8000.0		
9692	1	1			0.0	8000.0		
9693	1	1			0.0	8000.0		
9694	1	1	52.0	56.0	0.0	8000.0	cluster_2	BO-82Tapyta/BO-82TAPYTA_20250427_030402.wav
9695	1	1			0.0	8000.0		
9696	1	1			0.0	8000.0		
9697	1	1			0.0	8000.0		
9698	1	1			0.0	8000.0		
9699	1	1	52.0	56.0	0.0	8000.0	cluster_2	BO-82Tapyta/BO-82TAPYTA_20250425_013302.wav
9700	1	1			0.0	8000.0		
9701	1	1			0.0	8000.0		
9702	1	1			0.0	8000.0		
9703	1	1			0.0	8000.0		
9704	1	1	48.0	52.0	0.0	8000.0	cluster_2	BO-82Tapyta/BO-82TAPYTA_20250424_204502.wav
9705	1	1			0.0	8000.0		
9706	1	1			0.0	8000.0		
9707	1	1			0.0	8000.0		
9708	1	1			0.0	8000.0		
9709	1	1			0.0	8000.0		
9710	1	1	6.0	10.0	0.0	8000.0	cluster_2	BO-82Tapyta/BO-82TAPYTA_20250417_203102.wav
9711	1	1			0.0	8000.0		
9712	1	1			0.0	8000.0		
9713	1	1			0.0	8000.0		
9714	1	1			0.0	8000.0		
9715	1	1			0.0	8000.0		
9716	1	1			0.0	8000.0		
9717	1	1	34.0	38.0	0.0	8000.0	cluster_2	BO-82Tapyta/BO-82TAPYTA_20250427_004202.wav
9718	1	1			0.0	8000.0		
9719	1	1			0.0	8000.0		
9720	1	1			0.0	8000.0		
9721	1	1	20.0	24.0	0.0	8000.0	cluster_2	BO-82Tapyta/BO-82TAPYTA_20250417_011702.wav
9722	1	1			0.0	8000.0		
9723	1	1			0.0	8000.0		
9724	1	1			0.0	8000.0		
9725	1	1			0.0	8000.0		
9726	1	1			0.0	8000.0		
9727	1	1			0.0	8000.0		
9728	1	1			0.0	8000.0		
9729	1	1			0.0	8000.0		
9730	1	1	46.0	50.0	0.0	8000.0	cluster_2	BO-82Tapyta/BO-82TAPYTA_20250413_201602.wav
9731	1	1			0.0	8000.0		
9732	1	1			0.0	8000.0		
9733	1	1			0.0	8000.0		
9734	1	1	16.0	20.0	0.0	8000.0	cluster_2	BO-82Tapyta/BO-82TAPYTA_20250412_023402.wav
9735	1	1			0.0	8000.0		
9736	1	1			0.0	8000.0		
9737	1	1			0.0	8000.0		
9738	1	1	22.0	26.0	0.0	8000.0	cluster_2	BO-82Tapyta/BO-82TAPYTA_20250418_031402.wav
9739	1	1	4.0	8.0	0.0	8000.0	cluster_2	BO-81Tapyta/BO-81TAPYTA_20250412_002202.wav
9740	1	1	28.0	32.0	0.0	8000.0	cluster_2	BO-81Tapyta/BO-81TAPYTA_20250416_015602.wav
9741	1	1			0.0	8000.0		
9742	1	1			0.0	8000.0		
9743	1	1			0.0	8000.0		
9744	1	1			0.0	8000.0		
9745	1	1			0.0	8000.0		
9746	1	1			0.0	8000.0		
9747	1	1			0.0	8000.0		
9748	1	1			0.0	8000.0		
9749	1	1			0.0	8000.0		
9750	1	1			0.0	8000.0		
9751	1	1			0.0	8000.0		
9752	1	1	52.0	56.0	0.0	8000.0	cluster_2	BO-82Tapyta/BO-82TAPYTA_20250425_201702.wav
9753	1	1	2.0	6.0	0.0	8000.0	cluster_2	BO-82Tapyta/BO-82TAPYTA_20250426_055502.wav
9754	1	1	0.0	4.0	0.0	8000.0	cluster_2	BO-82Tapyta/BO-82TAPYTA_20250424_212302.wav
9755	1	1	28.0	32.0	0.0	8000.0	cluster_2	BO-82Tapyta/BO-82TAPYTA_20250426_232902.wav
9756	1	1	52.0	56.0	0.0	8000.0	cluster_2	BO-81Tapyta/BO-81TAPYTA_20250412_040602.wav
9757	1	1	8.0	12.0	0.0	8000.0	cluster_2	BO-82Tapyta/BO-82TAPYTA_20250417_012202.wav
9758	1	1	50.0	54.0	0.0	8000.0	cluster_2	BO-82Tapyta/BO-82TAPYTA_20250413_200102.wav
9759	1	1			0.0	8000.0		
9760	1	1			0.0	8000.0		
9761	1	1	30.0	34.0	0.0	8000.0	cluster_2	BO-81Tapyta/BO-81TAPYTA_20250412_050802.wav
9762	1	1			0.0	8000.0		
9763	1	1	46.0	50.0	0.0	8000.0	cluster_2	BO-82Tapyta/BO-82TAPYTA_20250414_210902.wav
9764	1	1	36.0	40.0	0.0	8000.0	cluster_2	BO-82Tapyta/BO-82TAPYTA_20250413_221202.wav
9765	1	1	0.0	4.0	0.0	8000.0	cluster_2	BO-82Tapyta/BO-82TAPYTA_20250415_234902.wav
9766	1	1			0.0	8000.0		
9767	1	1	40.0	44.0	0.0	8000.0	cluster_2	BO-81Tapyta/BO-81TAPYTA_20250415_215602.wav
9768	1	1			0.0	8000.0		
9769	1	1			0.0	8000.0		
9770	1	1	18.0	22.0	0.0	8000.0	cluster_2	BO-82Tapyta/BO-82TAPYTA_20250502_215702.wav
9771	1	1			0.0	8000.0		
9772	1	1	2.0	6.0	0.0	8000.0	cluster_2	BO-82Tapyta/BO-82TAPYTA_20250418_003602.wav
9773	1	1	22.0	26.0	0.0	8000.0	cluster_2	BO-82Tapyta/BO-82TAPYTA_20250416_034102.wav
9774	1	1	10.0	14.0	0.0	8000.0	cluster_2	BO-81Tapyta/BO-81TAPYTA_20250411_202902.wav
9775	1	1			0.0	8000.0		
9776	1	1			0.0	8000.0		
9777	1	1			0.0	8000.0		
9778	1	1	44.0	48.0	0.0	8000.0	cluster_2	BO-82Tapyta/BO-82TAPYTA_20250424_011102.wav
9779	1	1			0.0	8000.0		
9780	1	1	18.0	22.0	0.0	8000.0	cluster_2	BO-82Tapyta/BO-82TAPYTA_20250417_002902.wav
9781	1	1			0.0	8000.0		
9782	1	1			0.0	8000.0		
9783	1	1			0.0	8000.0		
9784	1	1			0.0	8000.0		
9785	1	1	12.0	16.0	0.0	8000.0	cluster_2	BO-82Tapyta/BO-82TAPYTA_20250412_054402.wav
9786	1	1			0.0	8000.0		
9787	1	1			0.0	8000.0		
9788	1	1	12.0	16.0	0.0	8000.0	cluster_2	BO-82Tapyta/BO-82TAPYTA_20250417_194002.wav
9789	1	1			0.0	8000.0		
9790	1	1			0.0	8000.0		
9791	1	1			0.0	8000.0		
9792	1	1			0.0	8000.0		
9793	1	1			0.0	8000.0		
9794	1	1			0.0	8000.0		
9795	1	1			0.0	8000.0		
9796	1	1	34.0	38.0	0.0	8000.0	cluster_2	BO-82Tapyta/BO-82TAPYTA_20250424_200302.wav
9797	1	1			0.0	8000.0		
9798	1	1	12.0	16.0	0.0	8000.0	cluster_2	BO-82Tapyta/BO-82TAPYTA_20250418_004302.wav
9799	1	1	12.0	16.0	0.0	8000.0	cluster_2	BO-82Tapyta/BO-82TAPYTA_20250427_031002.wav
9800	1	1			0.0	8000.0		
9801	1	1	24.0	28.0	0.0	8000.0	cluster_2	BO-82Tapyta/BO-82TAPYTA_20250418_010702.wav
9802	1	1			0.0	8000.0		
9803	1	1			0.0	8000.0		
9804	1	1	10.0	14.0	0.0	8000.0	cluster_2	BO-82Tapyta/BO-82TAPYTA_20250424_201202.wav
9805	1	1			0.0	8000.0		
9806	1	1			0.0	8000.0		
9807	1	1			0.0	8000.0		
9808	1	1			0.0	8000.0		
9809	1	1			0.0	8000.0		
9810	1	1			0.0	8000.0		
9811	1	1	30.0	34.0	0.0	8000.0	cluster_2	BO-82Tapyta/BO-82TAPYTA_20250412_030702.wav
9812	1	1	18.0	22.0	0.0	8000.0	cluster_2	BO-82Tapyta/BO-82TAPYTA_20250411_212202.wav
9813	1	1			0.0	8000.0		
9814	1	1			0.0	8000.0		
9815	1	1	24.0	28.0	0.0	8000.0	cluster_2	BO-82Tapyta/BO-82TAPYTA_20250425_012402.wav
9816	1	1	0.0	4.0	0.0	8000.0	cluster_2	BO-81Tapyta/BO-81TAPYTA_20250416_040902.wav
9817	1	1	2.0	6.0	0.0	8000.0	cluster_2	BO-82Tapyta/BO-82TAPYTA_20250427_020402.wav
9818	1	1			0.0	8000.0		
9819	1	1	50.0	54.0	0.0	8000.0	cluster_2	BO-82Tapyta/BO-82TAPYTA_20250415_235502.wav
9820	1	1			0.0	8000.0		
9821	1	1			0.0	8000.0		
9822	1	1			0.0	8000.0		
9823	1	1			0.0	8000.0		
9824	1	1			0.0	8000.0		
9825	1	1			0.0	8000.0		
9826	1	1			0.0	8000.0		
9827	1	1	10.0	14.0	0.0	8000.0	cluster_2	BO-82Tapyta/BO-82TAPYTA_20250412_053702.wav
9828	1	1			0.0	8000.0		
9829	1	1			0.0	8000.0		
9830	1	1			0.0	8000.0		
9831	1	1			0.0	8000.0		
9832	1	1			0.0	8000.0		
9833	1	1			0.0	8000.0		
9834	1	1			0.0	8000.0		
9835	1	1	18.0	22.0	0.0	8000.0	cluster_2	BO-82Tapyta/BO-82TAPYTA_20250416_053002.wav
9836	1	1			0.0	8000.0		
9837	1	1	2.0	6.0	0.0	8000.0	cluster_2	BO-82Tapyta/BO-82TAPYTA_20250411_192902.wav
9838	1	1			0.0	8000.0		
9839	1	1			0.0	8000.0		
9840	1	1	12.0	16.0	0.0	8000.0	cluster_2	BO-82Tapyta/BO-82TAPYTA_20250412_041702.wav
9841	1	1	46.0	50.0	0.0	8000.0	cluster_2	BO-82Tapyta/BO-82TAPYTA_20250502_201602.wav
9842	1	1			0.0	8000.0		
9843	1	1			0.0	8000.0		
9844	1	1			0.0	8000.0		
9845	1	1			0.0	8000.0		
9846	1	1			0.0	8000.0		
9847	1	1	0.0	4.0	0.0	8000.0	cluster_2	BO-81Tapyta/BO-81TAPYTA_20250416_020002.wav
9848	1	1			0.0	8000.0		
9849	1	1			0.0	8000.0		
9850	1	1			0.0	8000.0		
9851	1	1	2.0	6.0	0.0	8000.0	cluster_2	BO-81Tapyta/BO-81TAPYTA_20250416_044702.wav
9852	1	1			0.0	8000.0		
9853	1	1	6.0	10.0	0.0	8000.0	cluster_2	BO-82Tapyta/BO-82TAPYTA_20250424_203302.wav
9854	1	1			0.0	8000.0		
9855	1	1	22.0	26.0	0.0	8000.0	cluster_2	BO-82Tapyta/BO-82TAPYTA_20250412_020402.wav
9856	1	1			0.0	8000.0		
9857	1	1			0.0	8000.0		
9858	1	1			0.0	8000.0		
9859	1	1	42.0	46.0	0.0	8000.0	cluster_2	BO-82Tapyta/BO-82TAPYTA_20250414_202402.wav
9860	1	1			0.0	8000.0		
9861	1	1			0.0	8000.0		
9862	1	1			0.0	8000.0		
9863	1	1			0.0	8000.0		
9864	1	1			0.0	8000.0		
9865	1	1			0.0	8000.0		
9866	1	1			0.0	8000.0		
9867	1	1			0.0	8000.0		
9868	1	1	30.0	34.0	0.0	8000.0	cluster_2	BO-82Tapyta/BO-82TAPYTA_20250424_200502.wav
9869	1	1			0.0	8000.0		
9870	1	1			0.0	8000.0		
9871	1	1			0.0	8000.0		
9872	1	1			0.0	8000.0		
9873	1	1			0.0	8000.0		
9874	1	1			0.0	8000.0		
9875	1	1			0.0	8000.0		
9876	1	1	50.0	54.0	0.0	8000.0	cluster_2	BO-82Tapyta/BO-82TAPYTA_20250417_024302.wav
9877	1	1			0.0	8000.0		
9878	1	1			0.0	8000.0		
9879	1	1			0.0	8000.0		
9880	1	1			0.0	8000.0		
9881	1	1			0.0	8000.0		
9882	1	1	30.0	34.0	0.0	8000.0	cluster_2	BO-82Tapyta/BO-82TAPYTA_20250412_044802.wav
9883	1	1	26.0	30.0	0.0	8000.0	cluster_2	BO-81Tapyta/BO-81TAPYTA_20250412_014102.wav
9884	1	1			0.0	8000.0		
9885	1	1			0.0	8000.0		
9886	1	1			0.0	8000.0		
9887	1	1	10.0	14.0	0.0	8000.0	cluster_2	BO-82Tapyta/BO-82TAPYTA_20250430_180102.wav
9888	1	1			0.0	8000.0		
9889	1	1			0.0	8000.0		
9890	1	1			0.0	8000.0		
9891	1	1			0.0	8000.0		
9892	1	1	50.0	54.0	0.0	8000.0	cluster_2	BO-82Tapyta/BO-82TAPYTA_20250427_010802.wav
9893	1	1			0.0	8000.0		
9894	1	1			0.0	8000.0		
9895	1	1	48.0	52.0	0.0	8000.0	cluster_2	BO-82Tapyta/BO-82TAPYTA_20250418_032702.wav
9896	1	1	14.0	18.0	0.0	8000.0	cluster_2	BO-82Tapyta/BO-82TAPYTA_20250425_003702.wav
9897	1	1			0.0	8000.0		
9898	1	1			0.0	8000.0		
9899	1	1	16.0	20.0	0.0	8000.0	cluster_2	BO-82Tapyta/BO-82TAPYTA_20250417_232102.wav
9900	1	1			0.0	8000.0		
9901	1	1			0.0	8000.0		
9902	1	1			0.0	8000.0		
9903	1	1			0.0	8000.0		
9904	1	1			0.0	8000.0		
9905	1	1	8.0	12.0	0.0	8000.0	cluster_2	BO-82Tapyta/BO-82TAPYTA_20250415_192102.wav
9906	1	1	28.0	32.0	0.0	8000.0	cluster_2	BO-82Tapyta/BO-82TAPYTA_20250424_235802.wav
9907	1	1			0.0	8000.0		
9908	1	1			0.0	8000.0		
9909	1	1			0.0	8000.0		
9910	1	1	28.0	32.0	0.0	8000.0	cluster_2	BO-82Tapyta/BO-82TAPYTA_20250424_215702.wav
9911	1	1			0.0	8000.0		
9912	1	1			0.0	8000.0		
9913	1	1			0.0	8000.0		
9914	1	1	42.0	46.0	0.0	8000.0	cluster_2	BO-82Tapyta/BO-82TAPYTA_20250413_211502.wav
9915	1	1			0.0	8000.0		
9916	1	1			0.0	8000.0		
9917	1	1			0.0	8000.0		
9918	1	1	44.0	48.0	0.0	8000.0	cluster_2	BO-82Tapyta/BO-82TAPYTA_20250418_051602.wav
9919	1	1			0.0	8000.0		
9920	1	1			0.0	8000.0		
9921	1	1			0.0	8000.0		
9922	1	1			0.0	8000.0		
9923	1	1			0.0	8000.0		
9924	1	1	2.0	6.0	0.0	8000.0	cluster_2	BO-81Tapyta/BO-81TAPYTA_20250415_202502.wav
9925	1	1			0.0	8000.0		
9926	1	1			0.0	8000.0		
9927	1	1			0.0	8000.0		
9928	1	1			0.0	8000.0		
9929	1	1			0.0	8000.0		
9930	1	1	34.0	38.0	0.0	8000.0	cluster_2	BO-82Tapyta/BO-82TAPYTA_20250412_040102.wav
9931	1	1	24.0	28.0	0.0	8000.0	cluster_2	BO-82Tapyta/BO-82TAPYTA_20250426_200502.wav
9932	1	1			0.0	8000.0		
9933	1	1			0.0	8000.0		
9934	1	1			0.0	8000.0		
9935	1	1	24.0	28.0	0.0	8000.0	cluster_2	BO-82Tapyta/BO-82TAPYTA_20250413_215302.wav
9936	1	1			0.0	8000.0		
9937	1	1			0.0	8000.0		
9938	1	1			0.0	8000.0		
9939	1	1			0.0	8000.0		
9940	1	1			0.0	8000.0		
9941	1	1	0.0	4.0	0.0	8000.0	cluster_2	BO-82Tapyta/BO-82TAPYTA_20250424_200902.wav
9942	1	1	42.0	46.0	0.0	8000.0	cluster_2	BO-82Tapyta/BO-82TAPYTA_20250423_212902.wav
9943	1	1			0.0	8000.0		
9944	1	1			0.0	8000.0		
9945	1	1			0.0	8000.0		
9946	1	1			0.0	8000.0		
9947	1	1			0.0	8000.0		
9948	1	1			0.0	8000.0		
9949	1	1	44.0	48.0	0.0	8000.0	cluster_2	BO-82Tapyta/BO-82TAPYTA_20250413_221002.wav
9950	1	1			0.0	8000.0		
9951	1	1			0.0	8000.0		
9952	1	1			0.0	8000.0		
9953	1	1			0.0	8000.0		
9954	1	1	2.0	6.0	0.0	8000.0	cluster_2	BO-82Tapyta/BO-82TAPYTA_20250411_232202.wav
9955	1	1			0.0	8000.0		
9956	1	1			0.0	8000.0		
9957	1	1			0.0	8000.0		
9958	1	1			0.0	8000.0		
9959	1	1	10.0	14.0	0.0	8000.0	cluster_2	BO-82Tapyta/BO-82TAPYTA_20250427_042102.wav
9960	1	1			0.0	8000.0		
9961	1	1			0.0	8000.0		
9962	1	1			0.0	8000.0		
9963	1	1			0.0	8000.0		
9964	1	1			0.0	8000.0		
9965	1	1	36.0	40.0	0.0	8000.0	cluster_2	BO-82Tapyta/BO-82TAPYTA_20250423_221702.wav
9966	1	1			0.0	8000.0		
9967	1	1			0.0	8000.0		
9968	1	1	42.0	46.0	0.0	8000.0	cluster_2	BO-82Tapyta/BO-82TAPYTA_20250416_050202.wav
9969	1	1			0.0	8000.0		
9970	1	1			0.0	8000.0		
9971	1	1			0.0	8000.0		
9972	1	1			0.0	8000.0		
9973	1	1			0.0	8000.0		
9974	1	1	40.0	44.0	0.0	8000.0	cluster_2	BO-81Tapyta/BO-81TAPYTA_20250412_012502.wav
9975	1	1			0.0	8000.0		
9976	1	1	4.0	8.0	0.0	8000.0	cluster_2	BO-82Tapyta/BO-82TAPYTA_20250417_213302.wav
9977	1	1			0.0	8000.0		
9978	1	1			0.0	8000.0		
9979	1	1			0.0	8000.0		
9980	1	1	46.0	50.0	0.0	8000.0	cluster_2	BO-82Tapyta/BO-82TAPYTA_20250425_031402.wav
9981	1	1			0.0	8000.0		
9982	1	1			0.0	8000.0		
9983	1	1	26.0	30.0	0.0	8000.0	cluster_2	BO-81Tapyta/BO-81TAPYTA_20250412_012902.wav
9984	1	1			0.0	8000.0		
9985	1	1			0.0	8000.0		
9986	1	1			0.0	8000.0		
9987	1	1			0.0	8000.0		
9988	1	1	24.0	28.0	0.0	8000.0	cluster_2	BO-82Tapyta/BO-82TAPYTA_20250411_220102.wav
9989	1	1			0.0	8000.0		
9990	1	1	28.0	32.0	0.0	8000.0	cluster_2	BO-82Tapyta/BO-82TAPYTA_20250415_224502.wav
9991	1	1			0.0	8000.0		
9992	1	1	6.0	10.0	0.0	8000.0	cluster_2	BO-82Tapyta/BO-82TAPYTA_20250426_200502.wav
9993	1	1	52.0	56.0	0.0	8000.0	cluster_2	BO-82Tapyta/BO-82TAPYTA_20250417_020202.wav
9994	1	1			0.0	8000.0		
9995	1	1			0.0	8000.0		
9996	1	1			0.0	8000.0		
9997	1	1			0.0	8000.0		
9998	1	1			0.0	8000.0		
9999	1	1			0.0	8000.0		
10000	1	1			0.0	8000.0		
10001	1	1			0.0	8000.0		
10002	1	1			0.0	8000.0		
10003	1	1			0.0	8000.0		
10004	1	1	38.0	42.0	0.0	8000.0	cluster_2	BO-81Tapyta/BO-81TAPYTA_20250415_203402.wav
10005	1	1	30.0	34.0	0.0	8000.0	cluster_2	BO-82Tapyta/BO-82TAPYTA_20250411_202602.wav
10006	1	1			0.0	8000.0		
10007	1	1			0.0	8000.0		
10008	1	1	38.0	42.0	0.0	8000.0	cluster_2	BO-82Tapyta/BO-82TAPYTA_20250416_045002.wav
10009	1	1			0.0	8000.0		
10010	1	1	52.0	56.0	0.0	8000.0	cluster_2	BO-82Tapyta/BO-82TAPYTA_20250417_022802.wav
10011	1	1			0.0	8000.0		
10012	1	1			0.0	8000.0		
10013	1	1			0.0	8000.0		
10014	1	1			0.0	8000.0		
10015	1	1			0.0	8000.0		
10016	1	1			0.0	8000.0		
10017	1	1	16.0	20.0	0.0	8000.0	cluster_2	BO-82Tapyta/BO-82TAPYTA_20250418_041802.wav
10018	1	1			0.0	8000.0		
10019	1	1	36.0	40.0	0.0	8000.0	cluster_2	BO-82Tapyta/BO-82TAPYTA_20250415_211202.wav
10020	1	1			0.0	8000.0		
10021	1	1			0.0	8000.0		
10022	1	1			0.0	8000.0		
10023	1	1	36.0	40.0	0.0	8000.0	cluster_2	BO-82Tapyta/BO-82TAPYTA_20250426_053802.wav
10024	1	1	40.0	44.0	0.0	8000.0	cluster_2	BO-82Tapyta/BO-82TAPYTA_20250418_000002.wav
10025	1	1			0.0	8000.0		
10026	1	1	30.0	34.0	0.0	8000.0	cluster_2	BO-82Tapyta/BO-82TAPYTA_20250427_213102.wav
10027	1	1			0.0	8000.0		
10028	1	1			0.0	8000.0		
10029	1	1	6.0	10.0	0.0	8000.0	cluster_2	BO-82Tapyta/BO-82TAPYTA_20250416_222402.wav
10030	1	1	44.0	48.0	0.0	8000.0	cluster_2	BO-82Tapyta/BO-82TAPYTA_20250418_013402.wav
10031	1	1	26.0	30.0	0.0	8000.0	cluster_2	BO-82Tapyta/BO-82TAPYTA_20250415_211202.wav
10032	1	1	18.0	22.0	0.0	8000.0	cluster_2	BO-82Tapyta/BO-82TAPYTA_20250423_224502.wav
10033	1	1	34.0	38.0	0.0	8000.0	cluster_2	BO-82Tapyta/BO-82TAPYTA_20250412_004802.wav
10034	1	1			0.0	8000.0		
10035	1	1			0.0	8000.0		
10036	1	1			0.0	8000.0		
10037	1	1			0.0	8000.0		
10038	1	1	22.0	26.0	0.0	8000.0	cluster_2	BO-82Tapyta/BO-82TAPYTA_20250427_035602.wav
10039	1	1			0.0	8000.0		
10040	1	1			0.0	8000.0		
10041	1	1			0.0	8000.0		
10042	1	1			0.0	8000.0		
10043	1	1			0.0	8000.0		
10044	1	1			0.0	8000.0		
10045	1	1			0.0	8000.0		
10046	1	1			0.0	8000.0		
10047	1	1			0.0	8000.0		
10048	1	1			0.0	8000.0		
10049	1	1			0.0	8000.0		
10050	1	1			0.0	8000.0		
10051	1	1			0.0	8000.0		
10052	1	1			0.0	8000.0		
10053	1	1	4.0	8.0	0.0	8000.0	cluster_2	BO-82Tapyta/BO-82TAPYTA_20250415_233702.wav
10054	1	1			0.0	8000.0		
10055	1	1	6.0	10.0	0.0	8000.0	cluster_2	BO-82Tapyta/BO-82TAPYTA_20250426_214202.wav
10056	1	1			0.0	8000.0		
10057	1	1			0.0	8000.0		
10058	1	1			0.0	8000.0		
10059	1	1			0.0	8000.0		
10060	1	1			0.0	8000.0		
10061	1	1			0.0	8000.0		
10062	1	1			0.0	8000.0		
10063	1	1	38.0	42.0	0.0	8000.0	cluster_2	BO-82Tapyta/BO-82TAPYTA_20250502_215802.wav
10064	1	1			0.0	8000.0		
10065	1	1			0.0	8000.0		
10066	1	1	16.0	20.0	0.0	8000.0	cluster_2	BO-82Tapyta/BO-82TAPYTA_20250427_054202.wav
10067	1	1			0.0	8000.0		
10068	1	1			0.0	8000.0		
10069	1	1			0.0	8000.0		
10070	1	1			0.0	8000.0		
10071	1	1			0.0	8000.0		
10072	1	1			0.0	8000.0		
10073	1	1			0.0	8000.0		
10074	1	1			0.0	8000.0		
10075	1	1	28.0	32.0	0.0	8000.0	cluster_2	BO-82Tapyta/BO-82TAPYTA_20250425_014602.wav
10076	1	1	36.0	40.0	0.0	8000.0	cluster_2	BO-82Tapyta/BO-82TAPYTA_20250427_021202.wav
10077	1	1	34.0	38.0	0.0	8000.0	cluster_2	BO-82Tapyta/BO-82TAPYTA_20250416_021102.wav
10078	1	1			0.0	8000.0		
10079	1	1			0.0	8000.0		
10080	1	1			0.0	8000.0		
10081	1	1			0.0	8000.0		
10082	1	1			0.0	8000.0		
10083	1	1	8.0	12.0	0.0	8000.0	cluster_2	BO-82Tapyta/BO-82TAPYTA_20250412_021102.wav
10084	1	1			0.0	8000.0		
10085	1	1			0.0	8000.0		
10086	1	1	30.0	34.0	0.0	8000.0	cluster_2	BO-81Tapyta/BO-81TAPYTA_20250412_021402.wav
10087	1	1			0.0	8000.0		
10088	1	1			0.0	8000.0		
10089	1	1			0.0	8000.0		
10090	1	1			0.0	8000.0		
10091	1	1	40.0	44.0	0.0	8000.0	cluster_2	BO-82Tapyta/BO-82TAPYTA_20250418_002702.wav
10092	1	1	24.0	28.0	0.0	8000.0	cluster_2	BO-81Tapyta/BO-81TAPYTA_20250412_040702.wav
10093	1	1			0.0	8000.0		
10094	1	1			0.0	8000.0		
10095	1	1			0.0	8000.0		
10096	1	1			0.0	8000.0		
10097	1	1	10.0	14.0	0.0	8000.0	cluster_2	BO-82Tapyta/BO-82TAPYTA_20250426_202602.wav
10098	1	1			0.0	8000.0		
10099	1	1	40.0	44.0	0.0	8000.0	cluster_2	BO-82Tapyta/BO-82TAPYTA_20250416_035402.wav
10100	1	1			0.0	8000.0		
10101	1	1			0.0	8000.0		
10102	1	1			0.0	8000.0		
10103	1	1			0.0	8000.0		
10104	1	1			0.0	8000.0		
10105	1	1			0.0	8000.0		
10106	1	1			0.0	8000.0		
10107	1	1			0.0	8000.0		
10108	1	1	20.0	24.0	0.0	8000.0	cluster_2	BO-82Tapyta/BO-82TAPYTA_20250425_014002.wav
10109	1	1			0.0	8000.0		
10110	1	1	28.0	32.0	0.0	8000.0	cluster_2	BO-82Tapyta/BO-82TAPYTA_20250412_052202.wav
10111	1	1			0.0	8000.0		
10112	1	1			0.0	8000.0		
10113	1	1			0.0	8000.0		
10114	1	1			0.0	8000.0		
10115	1	1			0.0	8000.0		
10116	1	1			0.0	8000.0		
10117	1	1	6.0	10.0	0.0	8000.0	cluster_2	BO-82Tapyta/BO-82TAPYTA_20250424_194802.wav
10118	1	1			0.0	8000.0		
10119	1	1			0.0	8000.0		
10120	1	1	10.0	14.0	0.0	8000.0	cluster_2	BO-82Tapyta/BO-82TAPYTA_20250412_035102.wav
10121	1	1	46.0	50.0	0.0	8000.0	cluster_2	BO-82Tapyta/BO-82TAPYTA_20250414_203102.wav
10122	1	1			0.0	8000.0		
10123	1	1			0.0	8000.0		
10124	1	1			0.0	8000.0		
10125	1	1	0.0	4.0	0.0	8000.0	cluster_2	BO-82Tapyta/BO-82TAPYTA_20250424_202402.wav
10126	1	1	20.0	24.0	0.0	8000.0	cluster_2	BO-82Tapyta/BO-82TAPYTA_20250413_193902.wav
10127	1	1			0.0	8000.0		
10128	1	1	26.0	30.0	0.0	8000.0	cluster_2	BO-82Tapyta/BO-82TAPYTA_20250411_225902.wav
10129	1	1			0.0	8000.0		
10130	1	1	24.0	28.0	0.0	8000.0	cluster_2	BO-82Tapyta/BO-82TAPYTA_20250425_010802.wav
10131	1	1			0.0	8000.0		
10132	1	1			0.0	8000.0		
10133	1	1			0.0	8000.0		
10134	1	1	10.0	14.0	0.0	8000.0	cluster_2	BO-82Tapyta/BO-82TAPYTA_20250426_053702.wav
10135	1	1			0.0	8000.0		
10136	1	1			0.0	8000.0		
10137	1	1	22.0	26.0	0.0	8000.0	cluster_2	BO-81Tapyta/BO-81TAPYTA_20250416_005502.wav
10138	1	1	36.0	40.0	0.0	8000.0	cluster_2	BO-82Tapyta/BO-82TAPYTA_20250417_230102.wav
10139	1	1	10.0	14.0	0.0	8000.0	cluster_2	BO-82Tapyta/BO-82TAPYTA_20250425_215202.wav
10140	1	1			0.0	8000.0		
10141	1	1			0.0	8000.0		
10142	1	1			0.0	8000.0		
10143	1	1	0.0	4.0	0.0	8000.0	cluster_2	BO-81Tapyta/BO-81TAPYTA_20250413_203502.wav
10144	1	1			0.0	8000.0		
10145	1	1			0.0	8000.0		
10146	1	1	4.0	8.0	0.0	8000.0	cluster_2	BO-81Tapyta/BO-81TAPYTA_20250416_003802.wav
10147	1	1			0.0	8000.0		
10148	1	1			0.0	8000.0		
10149	1	1			0.0	8000.0		
10150	1	1	38.0	42.0	0.0	8000.0	cluster_2	BO-81Tapyta/BO-81TAPYTA_20250415_212402.wav
10151	1	1			0.0	8000.0		
10152	1	1	12.0	16.0	0.0	8000.0	cluster_2	BO-82Tapyta/BO-82TAPYTA_20250427_034602.wav
10153	1	1			0.0	8000.0		
10154	1	1			0.0	8000.0		
10155	1	1			0.0	8000.0		
10156	1	1	18.0	22.0	0.0	8000.0	cluster_2	BO-82Tapyta/BO-82TAPYTA_20250414_222102.wav
10157	1	1			0.0	8000.0		
10158	1	1			0.0	8000.0		
10159	1	1			0.0	8000.0		
10160	1	1	8.0	12.0	0.0	8000.0	cluster_2	BO-82Tapyta/BO-82TAPYTA_20250411_221302.wav
10161	1	1			0.0	8000.0		
10162	1	1			0.0	8000.0		
10163	1	1			0.0	8000.0		
10164	1	1			0.0	8000.0		
10165	1	1			0.0	8000.0		
10166	1	1			0.0	8000.0		
10167	1	1			0.0	8000.0		
10168	1	1	42.0	46.0	0.0	8000.0	cluster_2	BO-82Tapyta/BO-82TAPYTA_20250415_200102.wav
10169	1	1			0.0	8000.0		
10170	1	1	10.0	14.0	0.0	8000.0	cluster_2	BO-82Tapyta/BO-82TAPYTA_20250417_221002.wav
10171	1	1			0.0	8000.0		
10172	1	1			0.0	8000.0		
10173	1	1			0.0	8000.0		
10174	1	1	40.0	44.0	0.0	8000.0	cluster_2	BO-82Tapyta/BO-82TAPYTA_20250425_235402.wav
10175	1	1			0.0	8000.0		
10176	1	1			0.0	8000.0		
10177	1	1			0.0	8000.0		
10178	1	1	40.0	44.0	0.0	8000.0	cluster_2	BO-82Tapyta/BO-82TAPYTA_20250427_023702.wav
10179	1	1			0.0	8000.0		
10180	1	1			0.0	8000.0		
10181	1	1			0.0	8000.0		
10182	1	1			0.0	8000.0		
10183	1	1			0.0	8000.0		
10184	1	1			0.0	8000.0		
10185	1	1			0.0	8000.0		
10186	1	1			0.0	8000.0		
10187	1	1			0.0	8000.0		
10188	1	1			0.0	8000.0		
10189	1	1			0.0	8000.0		
10190	1	1			0.0	8000.0		
10191	1	1			0.0	8000.0		
10192	1	1			0.0	8000.0		
10193	1	1	16.0	20.0	0.0	8000.0	cluster_2	BO-82Tapyta/BO-82TAPYTA_20250502_221702.wav
10194	1	1			0.0	8000.0		
10195	1	1	32.0	36.0	0.0	8000.0	cluster_2	BO-82Tapyta/BO-82TAPYTA_20250412_053502.wav
10196	1	1			0.0	8000.0		
10197	1	1			0.0	8000.0		
10198	1	1	28.0	32.0	0.0	8000.0	cluster_2	BO-82Tapyta/BO-82TAPYTA_20250411_223302.wav
10199	1	1			0.0	8000.0		
10200	1	1			0.0	8000.0		
10201	1	1	46.0	50.0	0.0	8000.0	cluster_2	BO-82Tapyta/BO-82TAPYTA_20250426_004302.wav
10202	1	1			0.0	8000.0		
10203	1	1			0.0	8000.0		
10204	1	1			0.0	8000.0		
10205	1	1			0.0	8000.0		
10206	1	1			0.0	8000.0		
10207	1	1			0.0	8000.0		
10208	1	1			0.0	8000.0		
10209	1	1	32.0	36.0	0.0	8000.0	cluster_2	BO-81Tapyta/BO-81TAPYTA_20250414_205802.wav
10210	1	1			0.0	8000.0		
10211	1	1			0.0	8000.0		
10212	1	1			0.0	8000.0		
10213	1	1			0.0	8000.0		
10214	1	1			0.0	8000.0		
10215	1	1	38.0	42.0	0.0	8000.0	cluster_2	BO-82Tapyta/BO-82TAPYTA_20250416_233302.wav
10216	1	1			0.0	8000.0		
10217	1	1	26.0	30.0	0.0	8000.0	cluster_2	BO-81Tapyta/BO-81TAPYTA_20250411_225002.wav
10218	1	1			0.0	8000.0		
10219	1	1	44.0	48.0	0.0	8000.0	cluster_2	BO-82Tapyta/BO-82TAPYTA_20250411_202902.wav
10220	1	1			0.0	8000.0		
10221	1	1	20.0	24.0	0.0	8000.0	cluster_2	BO-82Tapyta/BO-82TAPYTA_20250412_005702.wav
10222	1	1			0.0	8000.0		
10223	1	1	16.0	20.0	0.0	8000.0	cluster_2	BO-82Tapyta/BO-82TAPYTA_20250425_215202.wav
10224	1	1			0.0	8000.0		
10225	1	1	46.0	50.0	0.0	8000.0	cluster_2	BO-82Tapyta/BO-82TAPYTA_20250424_225102.wav
10226	1	1			0.0	8000.0		
10227	1	1			0.0	8000.0		
10228	1	1			0.0	8000.0		
10229	1	1			0.0	8000.0		
10230	1	1			0.0	8000.0		
10231	1	1			0.0	8000.0		
10232	1	1	12.0	16.0	0.0	8000.0	cluster_2	BO-82Tapyta/BO-82TAPYTA_20250413_212602.wav
10233	1	1			0.0	8000.0		
10234	1	1			0.0	8000.0		
10235	1	1			0.0	8000.0		
10236	1	1			0.0	8000.0		
10237	1	1			0.0	8000.0		
10238	1	1	2.0	6.0	0.0	8000.0	cluster_2	BO-81Tapyta/BO-81TAPYTA_20250415_203302.wav
10239	1	1			0.0	8000.0		
10240	1	1	6.0	10.0	0.0	8000.0	cluster_2	BO-82Tapyta/BO-82TAPYTA_20250426_222602.wav
10241	1	1			0.0	8000.0		
10242	1	1			0.0	8000.0		
10243	1	1			0.0	8000.0		
10244	1	1	42.0	46.0	0.0	8000.0	cluster_2	BO-82Tapyta/BO-82TAPYTA_20250417_011402.wav
10245	1	1			0.0	8000.0		
10246	1	1			0.0	8000.0		
10247	1	1			0.0	8000.0		
10248	1	1			0.0	8000.0		
10249	1	1			0.0	8000.0		
10250	1	1	16.0	20.0	0.0	8000.0	cluster_2	BO-82Tapyta/BO-82TAPYTA_20250425_201202.wav
10251	1	1	12.0	16.0	0.0	8000.0	cluster_2	BO-82Tapyta/BO-82TAPYTA_20250427_200602.wav
10252	1	1			0.0	8000.0		
10253	1	1			0.0	8000.0		
10254	1	1			0.0	8000.0		
10255	1	1			0.0	8000.0		
10256	1	1			0.0	8000.0		
10257	1	1			0.0	8000.0		
10258	1	1			0.0	8000.0		
10259	1	1			0.0	8000.0		
10260	1	1			0.0	8000.0		
10261	1	1			0.0	8000.0		
10262	1	1	20.0	24.0	0.0	8000.0	cluster_2	BO-82Tapyta/BO-82TAPYTA_20250426_194202.wav
10263	1	1			0.0	8000.0		
10264	1	1			0.0	8000.0		
10265	1	1	52.0	56.0	0.0	8000.0	cluster_2	BO-82Tapyta/BO-82TAPYTA_20250417_202302.wav
10266	1	1			0.0	8000.0		
10267	1	1			0.0	8000.0		
10268	1	1			0.0	8000.0		
10269	1	1			0.0	8000.0		
10270	1	1			0.0	8000.0		
10271	1	1	4.0	8.0	0.0	8000.0	cluster_2	BO-81Tapyta/BO-81TAPYTA_20250412_030602.wav
10272	1	1	32.0	36.0	0.0	8000.0	cluster_2	BO-82Tapyta/BO-82TAPYTA_20250425_023302.wav
10273	1	1			0.0	8000.0		
10274	1	1			0.0	8000.0		
10275	1	1	40.0	44.0	0.0	8000.0	cluster_2	BO-82Tapyta/BO-82TAPYTA_20250415_223602.wav
10276	1	1			0.0	8000.0		
10277	1	1	0.0	4.0	0.0	8000.0	cluster_2	BO-81Tapyta/BO-81TAPYTA_20250415_213802.wav
10278	1	1			0.0	8000.0		
10279	1	1			0.0	8000.0		
10280	1	1			0.0	8000.0		
10281	1	1			0.0	8000.0		
10282	1	1			0.0	8000.0		
10283	1	1	2.0	6.0	0.0	8000.0	cluster_2	BO-82Tapyta/BO-82TAPYTA_20250418_002402.wav
10284	1	1			0.0	8000.0		
10285	1	1	12.0	16.0	0.0	8000.0	cluster_2	BO-82Tapyta/BO-82TAPYTA_20250416_002202.wav
10286	1	1			0.0	8000.0		
10287	1	1			0.0	8000.0		
10288	1	1			0.0	8000.0		
10289	1	1	28.0	32.0	0.0	8000.0	cluster_2	BO-82Tapyta/BO-82TAPYTA_20250415_222902.wav
10290	1	1	32.0	36.0	0.0	8000.0	cluster_2	BO-82Tapyta/BO-82TAPYTA_20250417_203402.wav
10291	1	1			0.0	8000.0		
10292	1	1			0.0	8000.0		
10293	1	1			0.0	8000.0		
10294	1	1			0.0	8000.0		
10295	1	1			0.0	8000.0		
10296	1	1	38.0	42.0	0.0	8000.0	cluster_2	BO-82Tapyta/BO-82TAPYTA_20250426_213302.wav
10297	1	1			0.0	8000.0		
10298	1	1			0.0	8000.0		
10299	1	1			0.0	8000.0		
10300	1	1			0.0	8000.0		
10301	1	1	40.0	44.0	0.0	8000.0	cluster_2	BO-82Tapyta/BO-82TAPYTA_20250426_194702.wav
10302	1	1			0.0	8000.0		
10303	1	1			0.0	8000.0		
10304	1	1			0.0	8000.0		
10305	1	1	4.0	8.0	0.0	8000.0	cluster_2	BO-81Tapyta/BO-81TAPYTA_20250412_013102.wav
10306	1	1			0.0	8000.0		
10307	1	1			0.0	8000.0		
10308	1	1	2.0	6.0	0.0	8000.0	cluster_2	BO-82Tapyta/BO-82TAPYTA_20250426_005002.wav
10309	1	1			0.0	8000.0		
10310	1	1			0.0	8000.0		
10311	1	1	32.0	36.0	0.0	8000.0	cluster_2	BO-82Tapyta/BO-82TAPYTA_20250424_193902.wav
10312	1	1			0.0	8000.0		
10313	1	1			0.0	8000.0		
10314	1	1			0.0	8000.0		
10315	1	1			0.0	8000.0		
10316	1	1			0.0	8000.0		
10317	1	1			0.0	8000.0		
10318	1	1			0.0	8000.0		
10319	1	1			0.0	8000.0		
10320	1	1	46.0	50.0	0.0	8000.0	cluster_2	BO-81Tapyta/BO-81TAPYTA_20250416_022202.wav
10321	1	1			0.0	8000.0		
10322	1	1			0.0	8000.0		
10323	1	1	52.0	56.0	0.0	8000.0	cluster_2	BO-82Tapyta/BO-82TAPYTA_20250416_230102.wav
10324	1	1	46.0	50.0	0.0	8000.0	cluster_2	BO-81Tapyta/BO-81TAPYTA_20250412_023502.wav
10325	1	1			0.0	8000.0		
10326	1	1			0.0	8000.0		
10327	1	1	22.0	26.0	0.0	8000.0	cluster_2	BO-82Tapyta/BO-82TAPYTA_20250411_220802.wav
10328	1	1	12.0	16.0	0.0	8000.0	cluster_2	BO-82Tapyta/BO-82TAPYTA_20250411_233402.wav
10329	1	1			0.0	8000.0		
10330	1	1			0.0	8000.0		
10331	1	1			0.0	8000.0		
10332	1	1	10.0	14.0	0.0	8000.0	cluster_2	BO-82Tapyta/BO-82TAPYTA_20250417_020702.wav
10333	1	1			0.0	8000.0		
10334	1	1			0.0	8000.0		
10335	1	1	46.0	50.0	0.0	8000.0	cluster_2	BO-82Tapyta/BO-82TAPYTA_20250417_200402.wav
10336	1	1	0.0	4.0	0.0	8000.0	cluster_2	BO-82Tapyta/BO-82TAPYTA_20250416_031502.wav
10337	1	1			0.0	8000.0		
10338	1	1			0.0	8000.0		
10339	1	1			0.0	8000.0		
10340	1	1			0.0	8000.0		
10341	1	1	34.0	38.0	0.0	8000.0	cluster_2	BO-81Tapyta/BO-81TAPYTA_20250412_045102.wav
10342	1	1	48.0	52.0	0.0	8000.0	cluster_2	BO-82Tapyta/BO-82TAPYTA_20250413_211502.wav
10343	1	1			0.0	8000.0		
10344	1	1			0.0	8000.0		
10345	1	1			0.0	8000.0		
10346	1	1			0.0	8000.0		
10347	1	1			0.0	8000.0		
10348	1	1			0.0	8000.0		
10349	1	1	18.0	22.0	0.0	8000.0	cluster_2	BO-81Tapyta/BO-81TAPYTA_20250412_040802.wav
10350	1	1			0.0	8000.0		
10351	1	1			0.0	8000.0		
10352	1	1			0.0	8000.0		
10353	1	1			0.0	8000.0		
10354	1	1			0.0	8000.0		
10355	1	1			0.0	8000.0		
10356	1	1	42.0	46.0	0.0	8000.0	cluster_2	BO-82Tapyta/BO-82TAPYTA_20250413_011702.wav
10357	1	1			0.0	8000.0		
10358	1	1			0.0	8000.0		
10359	1	1			0.0	8000.0		
10360	1	1			0.0	8000.0		
10361	1	1			0.0	8000.0		
10362	1	1			0.0	8000.0		
10363	1	1	26.0	30.0	0.0	8000.0	cluster_2	BO-82Tapyta/BO-82TAPYTA_20250426_042102.wav
10364	1	1			0.0	8000.0		
10365	1	1			0.0	8000.0		
10366	1	1	22.0	26.0	0.0	8000.0	cluster_2	BO-81Tapyta/BO-81TAPYTA_20250416_040102.wav
10367	1	1			0.0	8000.0		
10368	1	1			0.0	8000.0		
10369	1	1			0.0	8000.0		
10370	1	1			0.0	8000.0		
10371	1	1	48.0	52.0	0.0	8000.0	cluster_2	BO-81Tapyta/BO-81TAPYTA_20250413_211302.wav
10372	1	1	12.0	16.0	0.0	8000.0	cluster_2	BO-82Tapyta/BO-82TAPYTA_20250413_010102.wav
10373	1	1	52.0	56.0	0.0	8000.0	cluster_2	BO-81Tapyta/BO-81TAPYTA_20250415_231502.wav
10374	1	1			0.0	8000.0		
10375	1	1			0.0	8000.0		
10376	1	1	0.0	4.0	0.0	8000.0	cluster_2	BO-82Tapyta/BO-82TAPYTA_20250424_230502.wav
10377	1	1	8.0	12.0	0.0	8000.0	cluster_2	BO-81Tapyta/BO-81TAPYTA_20250416_032902.wav
10378	1	1			0.0	8000.0		
10379	1	1			0.0	8000.0		
10380	1	1			0.0	8000.0		
10381	1	1			0.0	8000.0		
10382	1	1	24.0	28.0	0.0	8000.0	cluster_2	BO-82Tapyta/BO-82TAPYTA_20250425_014302.wav
10383	1	1			0.0	8000.0		
10384	1	1	40.0	44.0	0.0	8000.0	cluster_2	BO-82Tapyta/BO-82TAPYTA_20250412_031802.wav
10385	1	1			0.0	8000.0		
10386	1	1			0.0	8000.0		
10387	1	1			0.0	8000.0		
10388	1	1			0.0	8000.0		
10389	1	1			0.0	8000.0		
10390	1	1	50.0	54.0	0.0	8000.0	cluster_2	BO-82Tapyta/BO-82TAPYTA_20250426_212602.wav
10391	1	1			0.0	8000.0		
10392	1	1			0.0	8000.0		
10393	1	1			0.0	8000.0		
10394	1	1			0.0	8000.0		
10395	1	1			0.0	8000.0		
10396	1	1			0.0	8000.0		
10397	1	1			0.0	8000.0		
10398	1	1			0.0	8000.0		
10399	1	1			0.0	8000.0		
10400	1	1	26.0	30.0	0.0	8000.0	cluster_2	BO-81Tapyta/BO-81TAPYTA_20250415_205402.wav
10401	1	1	52.0	56.0	0.0	8000.0	cluster_2	BO-81Tapyta/BO-81TAPYTA_20250414_215702.wav
10402	1	1			0.0	8000.0		
10403	1	1			0.0	8000.0		
10404	1	1	42.0	46.0	0.0	8000.0	cluster_2	BO-82Tapyta/BO-82TAPYTA_20250416_205702.wav
10405	1	1			0.0	8000.0		
10406	1	1			0.0	8000.0		
10407	1	1	24.0	28.0	0.0	8000.0	cluster_2	BO-82Tapyta/BO-82TAPYTA_20250412_024702.wav
10408	1	1			0.0	8000.0		
10409	1	1			0.0	8000.0		
10410	1	1			0.0	8000.0		
10411	1	1			0.0	8000.0		
10412	1	1	38.0	42.0	0.0	8000.0	cluster_2	BO-82Tapyta/BO-82TAPYTA_20250424_202002.wav
10413	1	1			0.0	8000.0		
10414	1	1	40.0	44.0	0.0	8000.0	cluster_2	BO-82Tapyta/BO-82TAPYTA_20250426_021102.wav
10415	1	1	16.0	20.0	0.0	8000.0	cluster_2	BO-82Tapyta/BO-82TAPYTA_20250427_025902.wav
10416	1	1			0.0	8000.0		
10417	1	1			0.0	8000.0		
10418	1	1	20.0	24.0	0.0	8000.0	cluster_2	BO-82Tapyta/BO-82TAPYTA_20250417_021602.wav
10419	1	1			0.0	8000.0		
10420	1	1			0.0	8000.0		
10421	1	1			0.0	8000.0		
10422	1	1			0.0	8000.0		
10423	1	1			0.0	8000.0		
10424	1	1	36.0	40.0	0.0	8000.0	cluster_2	BO-82Tapyta/BO-82TAPYTA_20250427_031202.wav
10425	1	1			0.0	8000.0		
10426	1	1			0.0	8000.0		
10427	1	1			0.0	8000.0		
10428	1	1			0.0	8000.0		
10429	1	1			0.0	8000.0		
10430	1	1			0.0	8000.0		
10431	1	1			0.0	8000.0		
10432	1	1	22.0	26.0	0.0	8000.0	cluster_2	BO-81Tapyta/BO-81TAPYTA_20250416_004402.wav
10433	1	1			0.0	8000.0		
10434	1	1			0.0	8000.0		
10435	1	1			0.0	8000.0		
10436	1	1			0.0	8000.0		
10437	1	1			0.0	8000.0		
10438	1	1			0.0	8000.0		
10439	1	1			0.0	8000.0		
10440	1	1			0.0	8000.0		
10441	1	1	36.0	40.0	0.0	8000.0	cluster_2	BO-82Tapyta/BO-82TAPYTA_20250416_230002.wav
10442	1	1			0.0	8000.0		
10443	1	1	48.0	52.0	0.0	8000.0	cluster_2	BO-81Tapyta/BO-81TAPYTA_20250415_211202.wav
10444	1	1			0.0	8000.0		
10445	1	1			0.0	8000.0		
10446	1	1			0.0	8000.0		
10447	1	1			0.0	8000.0		
10448	1	1	50.0	54.0	0.0	8000.0	cluster_2	BO-82Tapyta/BO-82TAPYTA_20250412_023502.wav
10449	1	1			0.0	8000.0		
10450	1	1			0.0	8000.0		
10451	1	1			0.0	8000.0		
10452	1	1	34.0	38.0	0.0	8000.0	cluster_2	BO-82Tapyta/BO-82TAPYTA_20250412_054602.wav
10453	1	1	44.0	48.0	0.0	8000.0	cluster_2	BO-82Tapyta/BO-82TAPYTA_20250415_232102.wav
10454	1	1			0.0	8000.0		
10455	1	1			0.0	8000.0		
10456	1	1			0.0	8000.0		
10457	1	1			0.0	8000.0		
10458	1	1			0.0	8000.0		
10459	1	1			0.0	8000.0		
10460	1	1			0.0	8000.0		
10461	1	1			0.0	8000.0		
10462	1	1			0.0	8000.0		
10463	1	1			0.0	8000.0		
10464	1	1			0.0	8000.0		
10465	1	1			0.0	8000.0		
10466	1	1			0.0	8000.0		
10467	1	1			0.0	8000.0		
10468	1	1	12.0	16.0	0.0	8000.0	cluster_2	BO-82Tapyta/BO-82TAPYTA_20250427_201802.wav
10469	1	1			0.0	8000.0		
10470	1	1			0.0	8000.0		
10471	1	1	36.0	40.0	0.0	8000.0	cluster_2	BO-82Tapyta/BO-82TAPYTA_20250427_034302.wav
10472	1	1	0.0	4.0	0.0	8000.0	cluster_2	BO-82Tapyta/BO-82TAPYTA_20250417_021802.wav
10473	1	1			0.0	8000.0		
10474	1	1			0.0	8000.0		
10475	1	1			0.0	8000.0		
10476	1	1	14.0	18.0	0.0	8000.0	cluster_2	BO-82Tapyta/BO-82TAPYTA_20250412_003102.wav
10477	1	1	46.0	50.0	0.0	8000.0	cluster_2	BO-82Tapyta/BO-82TAPYTA_20250426_192702.wav
10478	1	1	2.0	6.0	0.0	8000.0	cluster_2	BO-82Tapyta/BO-82TAPYTA_20250425_201902.wav
10479	1	1			0.0	8000.0		
10480	1	1	8.0	12.0	0.0	8000.0	cluster_2	BO-82Tapyta/BO-82TAPYTA_20250415_194302.wav
10481	1	1			0.0	8000.0		
10482	1	1			0.0	8000.0		
10483	1	1			0.0	8000.0		
10484	1	1			0.0	8000.0		
10485	1	1	22.0	26.0	0.0	8000.0	cluster_2	BO-82Tapyta/BO-82TAPYTA_20250416_045402.wav
10486	1	1			0.0	8000.0		
10487	1	1	36.0	40.0	0.0	8000.0	cluster_2	BO-82Tapyta/BO-82TAPYTA_20250416_012102.wav
10488	1	1			0.0	8000.0		
10489	1	1			0.0	8000.0		
10490	1	1			0.0	8000.0		
10491	1	1			0.0	8000.0		
10492	1	1			0.0	8000.0		
10493	1	1			0.0	8000.0		
10494	1	1			0.0	8000.0		
10495	1	1			0.0	8000.0		
10496	1	1			0.0	8000.0		
10497	1	1			0.0	8000.0		
10498	1	1			0.0	8000.0		
10499	1	1			0.0	8000.0		
10500	1	1			0.0	8000.0		
10501	1	1			0.0	8000.0		
10502	1	1			0.0	8000.0		
10503	1	1			0.0	8000.0		
10504	1	1	4.0	8.0	0.0	8000.0	cluster_2	BO-82Tapyta/BO-82TAPYTA_20250426_195202.wav
10505	1	1			0.0	8000.0		
10506	1	1			0.0	8000.0		
10507	1	1			0.0	8000.0		
10508	1	1			0.0	8000.0		
10509	1	1			0.0	8000.0		
10510	1	1			0.0	8000.0		
10511	1	1			0.0	8000.0		
10512	1	1	24.0	28.0	0.0	8000.0	cluster_2	BO-81Tapyta/BO-81TAPYTA_20250416_001302.wav
10513	1	1			0.0	8000.0		
10514	1	1	34.0	38.0	0.0	8000.0	cluster_2	BO-81Tapyta/BO-81TAPYTA_20250412_005902.wav
10515	1	1			0.0	8000.0		
10516	1	1			0.0	8000.0		
10517	1	1			0.0	8000.0		
10518	1	1	34.0	38.0	0.0	8000.0	cluster_2	BO-82Tapyta/BO-82TAPYTA_20250425_211102.wav
10519	1	1			0.0	8000.0		
10520	1	1			0.0	8000.0		
10521	1	1			0.0	8000.0		
10522	1	1	26.0	30.0	0.0	8000.0	cluster_2	BO-82Tapyta/BO-82TAPYTA_20250424_203402.wav
10523	1	1	38.0	42.0	0.0	8000.0	cluster_2	BO-81Tapyta/BO-81TAPYTA_20250413_210302.wav
10524	1	1	6.0	10.0	0.0	8000.0	cluster_2	BO-82Tapyta/BO-82TAPYTA_20250416_030302.wav
10525	1	1	42.0	46.0	0.0	8000.0	cluster_2	BO-82Tapyta/BO-82TAPYTA_20250416_035702.wav
10526	1	1			0.0	8000.0		
10527	1	1	38.0	42.0	0.0	8000.0	cluster_2	BO-82Tapyta/BO-82TAPYTA_20250425_020002.wav
10528	1	1	4.0	8.0	0.0	8000.0	cluster_2	BO-82Tapyta/BO-82TAPYTA_20250427_013702.wav
10529	1	1	22.0	26.0	0.0	8000.0	cluster_2	BO-82Tapyta/BO-82TAPYTA_20250424_213502.wav
10530	1	1			0.0	8000.0		
10531	1	1			0.0	8000.0		
10532	1	1	52.0	56.0	0.0	8000.0	cluster_2	BO-82Tapyta/BO-82TAPYTA_20250416_014802.wav
10533	1	1	34.0	38.0	0.0	8000.0	cluster_2	BO-82Tapyta/BO-82TAPYTA_20250426_005302.wav
10534	1	1			0.0	8000.0		
10535	1	1			0.0	8000.0		
10536	1	1			0.0	8000.0		
10537	1	1			0.0	8000.0		
10538	1	1	44.0	48.0	0.0	8000.0	cluster_2	BO-82Tapyta/BO-82TAPYTA_20250427_214202.wav
10539	1	1			0.0	8000.0		
10540	1	1			0.0	8000.0		
10541	1	1			0.0	8000.0		
10542	1	1			0.0	8000.0		
10543	1	1			0.0	8000.0		
10544	1	1			0.0	8000.0		
10545	1	1			0.0	8000.0		
10546	1	1			0.0	8000.0		
10547	1	1	28.0	32.0	0.0	8000.0	cluster_2	BO-82Tapyta/BO-82TAPYTA_20250411_223102.wav
10548	1	1	20.0	24.0	0.0	8000.0	cluster_2	BO-82Tapyta/BO-82TAPYTA_20250503_012202.wav
10549	1	1			0.0	8000.0		
10550	1	1			0.0	8000.0		
10551	1	1			0.0	8000.0		
10552	1	1			0.0	8000.0		
10553	1	1			0.0	8000.0		
10554	1	1			0.0	8000.0		
10555	1	1			0.0	8000.0		
10556	1	1			0.0	8000.0		
10557	1	1	18.0	22.0	0.0	8000.0	cluster_2	BO-82Tapyta/BO-82TAPYTA_20250502_191802.wav
10558	1	1	10.0	14.0	0.0	8000.0	cluster_2	BO-81Tapyta/BO-81TAPYTA_20250412_000802.wav
10559	1	1			0.0	8000.0		
10560	1	1			0.0	8000.0		
10561	1	1			0.0	8000.0		
10562	1	1	16.0	20.0	0.0	8000.0	cluster_2	BO-82Tapyta/BO-82TAPYTA_20250415_235402.wav
10563	1	1			0.0	8000.0		
10564	1	1			0.0	8000.0		
10565	1	1			0.0	8000.0		
10566	1	1			0.0	8000.0		
10567	1	1			0.0	8000.0		
10568	1	1			0.0	8000.0		
10569	1	1			0.0	8000.0		
10570	1	1	4.0	8.0	0.0	8000.0	cluster_2	BO-82Tapyta/BO-82TAPYTA_20250416_003202.wav
10571	1	1			0.0	8000.0		
10572	1	1			0.0	8000.0		
10573	1	1			0.0	8000.0		
10574	1	1	18.0	22.0	0.0	8000.0	cluster_2	BO-82Tapyta/BO-82TAPYTA_20250416_214202.wav
10575	1	1			0.0	8000.0		
10576	1	1	50.0	54.0	0.0	8000.0	cluster_2	BO-82Tapyta/BO-82TAPYTA_20250415_202502.wav
10577	1	1	8.0	12.0	0.0	8000.0	cluster_2	BO-81Tapyta/BO-81TAPYTA_20250415_231802.wav
10578	1	1			0.0	8000.0		
10579	1	1			0.0	8000.0		
10580	1	1			0.0	8000.0		
10581	1	1			0.0	8000.0		
10582	1	1			0.0	8000.0		
10583	1	1			0.0	8000.0		
10584	1	1			0.0	8000.0		
10585	1	1			0.0	8000.0		
10586	1	1			0.0	8000.0		
10587	1	1			0.0	8000.0		
10588	1	1			0.0	8000.0		
10589	1	1			0.0	8000.0		
10590	1	1			0.0	8000.0		
10591	1	1			0.0	8000.0		
10592	1	1			0.0	8000.0		
10593	1	1	36.0	40.0	0.0	8000.0	cluster_2	BO-82Tapyta/BO-82TAPYTA_20250427_195702.wav
10594	1	1			0.0	8000.0		
10595	1	1			0.0	8000.0		
10596	1	1			0.0	8000.0		
10597	1	1	42.0	46.0	0.0	8000.0	cluster_2	BO-82Tapyta/BO-82TAPYTA_20250418_053902.wav
10598	1	1			0.0	8000.0		
10599	1	1			0.0	8000.0		
10600	1	1			0.0	8000.0		
10601	1	1			0.0	8000.0		
10602	1	1			0.0	8000.0		
10603	1	1	2.0	6.0	0.0	8000.0	cluster_2	BO-82Tapyta/BO-82TAPYTA_20250417_020002.wav
10604	1	1			0.0	8000.0		
10605	1	1			0.0	8000.0		
10606	1	1	24.0	28.0	0.0	8000.0	cluster_2	BO-82Tapyta/BO-82TAPYTA_20250417_232102.wav
10607	1	1			0.0	8000.0		
10608	1	1			0.0	8000.0		
10609	1	1	32.0	36.0	0.0	8000.0	cluster_2	BO-82Tapyta/BO-82TAPYTA_20250416_004702.wav
10610	1	1			0.0	8000.0		
10611	1	1			0.0	8000.0		
10612	1	1			0.0	8000.0		
10613	1	1			0.0	8000.0		
10614	1	1			0.0	8000.0		
10615	1	1			0.0	8000.0		
10616	1	1	32.0	36.0	0.0	8000.0	cluster_2	BO-82Tapyta/BO-82TAPYTA_20250417_030402.wav
10617	1	1			0.0	8000.0		
10618	1	1	40.0	44.0	0.0	8000.0	cluster_2	BO-82Tapyta/BO-82TAPYTA_20250412_020302.wav
10619	1	1			0.0	8000.0		
10620	1	1	10.0	14.0	0.0	8000.0	cluster_2	BO-82Tapyta/BO-82TAPYTA_20250417_214802.wav
10621	1	1			0.0	8000.0		
10622	1	1			0.0	8000.0		
10623	1	1	46.0	50.0	0.0	8000.0	cluster_2	BO-82Tapyta/BO-82TAPYTA_20250415_205802.wav
10624	1	1			0.0	8000.0		
10625	1	1			0.0	8000.0		
10626	1	1			0.0	8000.0		
10627	1	1			0.0	8000.0		
10628	1	1	6.0	10.0	0.0	8000.0	cluster_2	BO-82Tapyta/BO-82TAPYTA_20250417_002402.wav
10629	1	1			0.0	8000.0		
10630	1	1	20.0	24.0	0.0	8000.0	cluster_2	BO-82Tapyta/BO-82TAPYTA_20250501_182302.wav
10631	1	1	36.0	40.0	0.0	8000.0	cluster_2	BO-82Tapyta/BO-82TAPYTA_20250416_002602.wav
10632	1	1			0.0	8000.0		
10633	1	1			0.0	8000.0		
10634	1	1	0.0	4.0	0.0	8000.0	cluster_2	BO-82Tapyta/BO-82TAPYTA_20250415_195602.wav
10635	1	1			0.0	8000.0		
10636	1	1	2.0	6.0	0.0	8000.0	cluster_2	BO-81Tapyta/BO-81TAPYTA_20250415_234702.wav
10637	1	1			0.0	8000.0		
10638	1	1	30.0	34.0	0.0	8000.0	cluster_2	BO-82Tapyta/BO-82TAPYTA_20250417_013402.wav
10639	1	1	40.0	44.0	0.0	8000.0	cluster_2	BO-82Tapyta/BO-82TAPYTA_20250416_013302.wav
10640	1	1			0.0	8000.0		
10641	1	1	40.0	44.0	0.0	8000.0	cluster_2	BO-82Tapyta/BO-82TAPYTA_20250415_235702.wav
10642	1	1			0.0	8000.0		
10643	1	1	26.0	30.0	0.0	8000.0	cluster_2	BO-82Tapyta/BO-82TAPYTA_20250414_210402.wav
10644	1	1			0.0	8000.0		
10645	1	1	48.0	52.0	0.0	8000.0	cluster_2	BO-82Tapyta/BO-82TAPYTA_20250416_014002.wav
10646	1	1			0.0	8000.0		
10647	1	1			0.0	8000.0		
10648	1	1			0.0	8000.0		
10649	1	1			0.0	8000.0		
10650	1	1			0.0	8000.0		
10651	1	1			0.0	8000.0		
10652	1	1			0.0	8000.0		
10653	1	1	34.0	38.0	0.0	8000.0	cluster_2	BO-82Tapyta/BO-82TAPYTA_20250427_025402.wav
10654	1	1	10.0	14.0	0.0	8000.0	cluster_2	BO-82Tapyta/BO-82TAPYTA_20250416_235302.wav
10655	1	1			0.0	8000.0		
10656	1	1			0.0	8000.0		
10657	1	1			0.0	8000.0		
10658	1	1			0.0	8000.0		
10659	1	1			0.0	8000.0		
10660	1	1			0.0	8000.0		
10661	1	1	50.0	54.0	0.0	8000.0	cluster_2	BO-82Tapyta/BO-82TAPYTA_20250416_013702.wav
10662	1	1			0.0	8000.0		
10663	1	1			0.0	8000.0		
10664	1	1			0.0	8000.0		
10665	1	1			0.0	8000.0		
10666	1	1			0.0	8000.0		
10667	1	1			0.0	8000.0		
10668	1	1			0.0	8000.0		
10669	1	1			0.0	8000.0		
10670	1	1			0.0	8000.0		
10671	1	1			0.0	8000.0		
10672	1	1	50.0	54.0	0.0	8000.0	cluster_2	BO-82Tapyta/BO-82TAPYTA_20250418_000702.wav
10673	1	1			0.0	8000.0		
10674	1	1			0.0	8000.0		
10675	1	1			0.0	8000.0		
10676	1	1			0.0	8000.0		
10677	1	1			0.0	8000.0		
10678	1	1			0.0	8000.0		
10679	1	1	12.0	16.0	0.0	8000.0	cluster_2	BO-82Tapyta/BO-82TAPYTA_20250411_224102.wav
10680	1	1			0.0	8000.0		
10681	1	1			0.0	8000.0		
10682	1	1			0.0	8000.0		
10683	1	1			0.0	8000.0		
10684	1	1			0.0	8000.0		
10685	1	1			0.0	8000.0		
10686	1	1			0.0	8000.0		
10687	1	1			0.0	8000.0		
10688	1	1	32.0	36.0	0.0	8000.0	cluster_2	BO-82Tapyta/BO-82TAPYTA_20250415_193602.wav
10689	1	1			0.0	8000.0		
10690	1	1			0.0	8000.0		
10691	1	1	18.0	22.0	0.0	8000.0	cluster_2	BO-82Tapyta/BO-82TAPYTA_20250502_221502.wav
10692	1	1			0.0	8000.0		
10693	1	1			0.0	8000.0		
10694	1	1			0.0	8000.0		
10695	1	1			0.0	8000.0		
10696	1	1			0.0	8000.0		
10697	1	1	6.0	10.0	0.0	8000.0	cluster_2	BO-82Tapyta/BO-82TAPYTA_20250427_201402.wav
10698	1	1			0.0	8000.0		
10699	1	1			0.0	8000.0		
10700	1	1			0.0	8000.0		
10701	1	1			0.0	8000.0		
10702	1	1			0.0	8000.0		
10703	1	1			0.0	8000.0		
10704	1	1			0.0	8000.0		
10705	1	1			0.0	8000.0		
10706	1	1	26.0	30.0	0.0	8000.0	cluster_2	BO-82Tapyta/BO-82TAPYTA_20250426_220702.wav
10707	1	1	48.0	52.0	0.0	8000.0	cluster_2	BO-82Tapyta/BO-82TAPYTA_20250417_043702.wav
10708	1	1			0.0	8000.0		
10709	1	1	12.0	16.0	0.0	8000.0	cluster_2	BO-82Tapyta/BO-82TAPYTA_20250416_211202.wav
10710	1	1			0.0	8000.0		
10711	1	1			0.0	8000.0		
10712	1	1	6.0	10.0	0.0	8000.0	cluster_2	BO-82Tapyta/BO-82TAPYTA_20250426_205902.wav
10713	1	1			0.0	8000.0		
10714	1	1	34.0	38.0	0.0	8000.0	cluster_2	BO-82Tapyta/BO-82TAPYTA_20250424_220202.wav
10715	1	1			0.0	8000.0		
10716	1	1			0.0	8000.0		
10717	1	1			0.0	8000.0		
10718	1	1			0.0	8000.0		
10719	1	1			0.0	8000.0		
10720	1	1			0.0	8000.0		
10721	1	1			0.0	8000.0		
10722	1	1			0.0	8000.0		
10723	1	1	50.0	54.0	0.0	8000.0	cluster_2	BO-81Tapyta/BO-81TAPYTA_20250416_050002.wav
10724	1	1			0.0	8000.0		
10725	1	1			0.0	8000.0		
10726	1	1	18.0	22.0	0.0	8000.0	cluster_2	BO-82Tapyta/BO-82TAPYTA_20250426_235602.wav
10727	1	1			0.0	8000.0		
10728	1	1			0.0	8000.0		
10729	1	1			0.0	8000.0		
10730	1	1			0.0	8000.0		
10731	1	1			0.0	8000.0		
10732	1	1			0.0	8000.0		
10733	1	1			0.0	8000.0		
10734	1	1			0.0	8000.0		
10735	1	1			0.0	8000.0		
10736	1	1			0.0	8000.0		
10737	1	1	46.0	50.0	0.0	8000.0	cluster_2	BO-82Tapyta/BO-82TAPYTA_20250424_205102.wav
10738	1	1	28.0	32.0	0.0	8000.0	cluster_2	BO-82Tapyta/BO-82TAPYTA_20250502_202502.wav
10739	1	1			0.0	8000.0		
10740	1	1			0.0	8000.0		
10741	1	1			0.0	8000.0		
10742	1	1			0.0	8000.0		
10743	1	1			0.0	8000.0		
10744	1	1			0.0	8000.0		
10745	1	1			0.0	8000.0		
10746	1	1			0.0	8000.0		
10747	1	1			0.0	8000.0		
10748	1	1	8.0	12.0	0.0	8000.0	cluster_2	BO-81Tapyta/BO-81TAPYTA_20250416_000402.wav
10749	1	1	28.0	32.0	0.0	8000.0	cluster_2	BO-81Tapyta/BO-81TAPYTA_20250412_004402.wav
10750	1	1			0.0	8000.0		
10751	1	1			0.0	8000.0		
10752	1	1			0.0	8000.0		
10753	1	1			0.0	8000.0		
10754	1	1			0.0	8000.0		
10755	1	1			0.0	8000.0		
10756	1	1			0.0	8000.0		
10757	1	1			0.0	8000.0		
10758	1	1			0.0	8000.0		
10759	1	1			0.0	8000.0		
10760	1	1			0.0	8000.0		
10761	1	1			0.0	8000.0		
10762	1	1			0.0	8000.0		
10763	1	1			0.0	8000.0		
10764	1	1			0.0	8000.0		
10765	1	1			0.0	8000.0		
10766	1	1			0.0	8000.0		
10767	1	1			0.0	8000.0		
10768	1	1			0.0	8000.0		
10769	1	1			0.0	8000.0		
10770	1	1			0.0	8000.0		
10771	1	1			0.0	8000.0		
10772	1	1	22.0	26.0	0.0	8000.0	cluster_2	BO-82Tapyta/BO-82TAPYTA_20250502_211302.wav
10773	1	1			0.0	8000.0		
10774	1	1			0.0	8000.0		
10775	1	1			0.0	8000.0		
10776	1	1			0.0	8000.0		
10777	1	1			0.0	8000.0		
10778	1	1			0.0	8000.0		
10779	1	1			0.0	8000.0		
10780	1	1			0.0	8000.0		
10781	1	1			0.0	8000.0		
10782	1	1	52.0	56.0	0.0	8000.0	cluster_2	BO-82Tapyta/BO-82TAPYTA_20250427_230902.wav
10783	1	1			0.0	8000.0		
10784	1	1			0.0	8000.0		
10785	1	1	52.0	56.0	0.0	8000.0	cluster_2	BO-82Tapyta/BO-82TAPYTA_20250502_221502.wav
10786	1	1	20.0	24.0	0.0	8000.0	cluster_2	BO-82Tapyta/BO-82TAPYTA_20250427_030202.wav
10787	1	1			0.0	8000.0		
10788	1	1			0.0	8000.0		
10789	1	1	4.0	8.0	0.0	8000.0	cluster_2	BO-82Tapyta/BO-82TAPYTA_20250418_031002.wav
10790	1	1	44.0	48.0	0.0	8000.0	cluster_2	BO-82Tapyta/BO-82TAPYTA_20250415_235602.wav
10791	1	1			0.0	8000.0		
10792	1	1	38.0	42.0	0.0	8000.0	cluster_2	BO-82Tapyta/BO-82TAPYTA_20250414_201902.wav
10793	1	1			0.0	8000.0		
10794	1	1	32.0	36.0	0.0	8000.0	cluster_2	BO-81Tapyta/BO-81TAPYTA_20250416_044202.wav
10795	1	1	46.0	50.0	0.0	8000.0	cluster_2	BO-82Tapyta/BO-82TAPYTA_20250417_023802.wav
10796	1	1			0.0	8000.0		
10797	1	1	44.0	48.0	0.0	8000.0	cluster_2	BO-82Tapyta/BO-82TAPYTA_20250416_215002.wav
10798	1	1			0.0	8000.0		
10799	1	1	8.0	12.0	0.0	8000.0	cluster_2	BO-82Tapyta/BO-82TAPYTA_20250412_035902.wav
10800	1	1			0.0	8000.0		
10801	1	1			0.0	8000.0		
10802	1	1			0.0	8000.0		
10803	1	1			0.0	8000.0		
10804	1	1			0.0	8000.0		
10805	1	1			0.0	8000.0		
10806	1	1	16.0	20.0	0.0	8000.0	cluster_2	BO-82Tapyta/BO-82TAPYTA_20250425_213302.wav
10807	1	1			0.0	8000.0		
10808	1	1			0.0	8000.0		
10809	1	1			0.0	8000.0		
10810	1	1			0.0	8000.0		
10811	1	1			0.0	8000.0		
10812	1	1	50.0	54.0	0.0	8000.0	cluster_2	BO-82Tapyta/BO-82TAPYTA_20250414_224202.wav
10813	1	1	36.0	40.0	0.0	8000.0	cluster_2	BO-82Tapyta/BO-82TAPYTA_20250426_013202.wav
10814	1	1			0.0	8000.0		
10815	1	1			0.0	8000.0		
10816	1	1			0.0	8000.0		
10817	1	1			0.0	8000.0		
10818	1	1			0.0	8000.0		
10819	1	1	44.0	48.0	0.0	8000.0	cluster_2	BO-81Tapyta/BO-81TAPYTA_20250416_021502.wav
10820	1	1	28.0	32.0	0.0	8000.0	cluster_2	BO-82Tapyta/BO-82TAPYTA_20250427_023702.wav
10821	1	1			0.0	8000.0		
10822	1	1			0.0	8000.0		
10823	1	1			0.0	8000.0		
10824	1	1			0.0	8000.0		
10825	1	1	52.0	56.0	0.0	8000.0	cluster_2	BO-82Tapyta/BO-82TAPYTA_20250426_222402.wav
10826	1	1			0.0	8000.0		
10827	1	1			0.0	8000.0		
10828	1	1	46.0	50.0	0.0	8000.0	cluster_2	BO-82Tapyta/BO-82TAPYTA_20250427_022802.wav
10829	1	1			0.0	8000.0		
10830	1	1	46.0	50.0	0.0	8000.0	cluster_2	BO-82Tapyta/BO-82TAPYTA_20250502_191802.wav
10831	1	1			0.0	8000.0		
10832	1	1			0.0	8000.0		
10833	1	1			0.0	8000.0		
10834	1	1	32.0	36.0	0.0	8000.0	cluster_2	BO-82Tapyta/BO-82TAPYTA_20250415_234502.wav
10835	1	1			0.0	8000.0		
10836	1	1			0.0	8000.0		
10837	1	1	20.0	24.0	0.0	8000.0	cluster_2	BO-82Tapyta/BO-82TAPYTA_20250412_001302.wav
10838	1	1	20.0	24.0	0.0	8000.0	cluster_2	BO-82Tapyta/BO-82TAPYTA_20250426_004402.wav
10839	1	1			0.0	8000.0		
10840	1	1			0.0	8000.0		
10841	1	1			0.0	8000.0		
10842	1	1			0.0	8000.0		
10843	1	1			0.0	8000.0		
10844	1	1	22.0	26.0	0.0	8000.0	cluster_2	BO-82Tapyta/BO-82TAPYTA_20250416_000802.wav
10845	1	1	4.0	8.0	0.0	8000.0	cluster_2	BO-82Tapyta/BO-82TAPYTA_20250417_225202.wav
10846	1	1	34.0	38.0	0.0	8000.0	cluster_2	BO-82Tapyta/BO-82TAPYTA_20250427_051202.wav
10847	1	1	30.0	34.0	0.0	8000.0	cluster_2	BO-82Tapyta/BO-82TAPYTA_20250416_192302.wav
10848	1	1	46.0	50.0	0.0	8000.0	cluster_2	BO-82Tapyta/BO-82TAPYTA_20250427_014702.wav
10849	1	1	8.0	12.0	0.0	8000.0	cluster_2	BO-82Tapyta/BO-82TAPYTA_20250418_033702.wav
10850	1	1	52.0	56.0	0.0	8000.0	cluster_2	BO-82Tapyta/BO-82TAPYTA_20250425_212202.wav
10851	1	1			0.0	8000.0		
10852	1	1			0.0	8000.0		
10853	1	1			0.0	8000.0		
10854	1	1			0.0	8000.0		
10855	1	1			0.0	8000.0		
10856	1	1			0.0	8000.0		
10857	1	1			0.0	8000.0		
10858	1	1			0.0	8000.0		
10859	1	1			0.0	8000.0		
10860	1	1			0.0	8000.0		
10861	1	1			0.0	8000.0		
10862	1	1	50.0	54.0	0.0	8000.0	cluster_2	BO-82Tapyta/BO-82TAPYTA_20250426_233802.wav
10863	1	1	18.0	22.0	0.0	8000.0	cluster_2	BO-82Tapyta/BO-82TAPYTA_20250412_024102.wav
10864	1	1			0.0	8000.0		
10865	1	1			0.0	8000.0		
10866	1	1			0.0	8000.0		
10867	1	1	42.0	46.0	0.0	8000.0	cluster_2	BO-82Tapyta/BO-82TAPYTA_20250424_225502.wav
10868	1	1			0.0	8000.0		
10869	1	1			0.0	8000.0		
10870	1	1	14.0	18.0	0.0	8000.0	cluster_2	BO-82Tapyta/BO-82TAPYTA_20250417_051102.wav
10871	1	1			0.0	8000.0		
10872	1	1			0.0	8000.0		
10873	1	1	32.0	36.0	0.0	8000.0	cluster_2	BO-82Tapyta/BO-82TAPYTA_20250502_210502.wav
10874	1	1			0.0	8000.0		
10875	1	1			0.0	8000.0		
10876	1	1			0.0	8000.0		
10877	1	1	36.0	40.0	0.0	8000.0	cluster_2	BO-82Tapyta/BO-82TAPYTA_20250413_204902.wav
10878	1	1	16.0	20.0	0.0	8000.0	cluster_2	BO-82Tapyta/BO-82TAPYTA_20250426_000002.wav
10879	1	1			0.0	8000.0		
10880	1	1			0.0	8000.0		
10881	1	1	22.0	26.0	0.0	8000.0	cluster_2	BO-82Tapyta/BO-82TAPYTA_20250418_055802.wav
10882	1	1			0.0	8000.0		
10883	1	1	22.0	26.0	0.0	8000.0	cluster_2	BO-82Tapyta/BO-82TAPYTA_20250417_033402.wav
10884	1	1	50.0	54.0	0.0	8000.0	cluster_2	BO-82Tapyta/BO-82TAPYTA_20250426_192702.wav
10885	1	1			0.0	8000.0		
10886	1	1	20.0	24.0	0.0	8000.0	cluster_2	BO-81Tapyta/BO-81TAPYTA_20250416_022002.wav
10887	1	1			0.0	8000.0		
10888	1	1	30.0	34.0	0.0	8000.0	cluster_2	BO-82Tapyta/BO-82TAPYTA_20250415_235802.wav
10889	1	1			0.0	8000.0		
10890	1	1	40.0	44.0	0.0	8000.0	cluster_2	BO-82Tapyta/BO-82TAPYTA_20250426_023602.wav
10891	1	1			0.0	8000.0		
10892	1	1			0.0	8000.0		
10893	1	1			0.0	8000.0		
10894	1	1			0.0	8000.0		
10895	1	1			0.0	8000.0		
10896	1	1	24.0	28.0	0.0	8000.0	cluster_2	BO-82Tapyta/BO-82TAPYTA_20250418_044002.wav
10897	1	1			0.0	8000.0		
10898	1	1	8.0	12.0	0.0	8000.0	cluster_2	BO-82Tapyta/BO-82TAPYTA_20250417_033202.wav
10899	1	1	10.0	14.0	0.0	8000.0	cluster_2	BO-82Tapyta/BO-82TAPYTA_20250416_221102.wav
10900	1	1			0.0	8000.0		
10901	1	1			0.0	8000.0		
10902	1	1			0.0	8000.0		
10903	1	1			0.0	8000.0		
10904	1	1			0.0	8000.0		
10905	1	1	48.0	52.0	0.0	8000.0	cluster_2	BO-82Tapyta/BO-82TAPYTA_20250424_002602.wav
10906	1	1	46.0	50.0	0.0	8000.0	cluster_2	BO-82Tapyta/BO-82TAPYTA_20250424_223002.wav
10907	1	1			0.0	8000.0		
10908	1	1			0.0	8000.0		
10909	1	1			0.0	8000.0		
10910	1	1			0.0	8000.0		
10911	1	1			0.0	8000.0		
10912	1	1			0.0	8000.0		
10913	1	1	16.0	20.0	0.0	8000.0	cluster_2	BO-82Tapyta/BO-82TAPYTA_20250417_220202.wav
10914	1	1			0.0	8000.0		
10915	1	1			0.0	8000.0		
10916	1	1			0.0	8000.0		
10917	1	1			0.0	8000.0		
10918	1	1			0.0	8000.0		
10919	1	1			0.0	8000.0		
10920	1	1			0.0	8000.0		
10921	1	1			0.0	8000.0		
10922	1	1			0.0	8000.0		
10923	1	1			0.0	8000.0		
10924	1	1			0.0	8000.0		
10925	1	1			0.0	8000.0		
10926	1	1			0.0	8000.0		
10927	1	1			0.0	8000.0		
10928	1	1			0.0	8000.0		
10929	1	1			0.0	8000.0		
10930	1	1	40.0	44.0	0.0	8000.0	cluster_2	BO-82Tapyta/BO-82TAPYTA_20250426_214102.wav
10931	1	1			0.0	8000.0		
10932	1	1			0.0	8000.0		
10933	1	1	12.0	16.0	0.0	8000.0	cluster_2	BO-82Tapyta/BO-82TAPYTA_20250427_054002.wav
10934	1	1	38.0	42.0	0.0	8000.0	cluster_2	BO-82Tapyta/BO-82TAPYTA_20250427_231202.wav
10935	1	1			0.0	8000.0		
10936	1	1	40.0	44.0	0.0	8000.0	cluster_2	BO-81Tapyta/BO-81TAPYTA_20250411_202702.wav
10937	1	1			0.0	8000.0		
10938	1	1	14.0	18.0	0.0	8000.0	cluster_2	BO-81Tapyta/BO-81TAPYTA_20250415_223202.wav
10939	1	1			0.0	8000.0		
10940	1	1			0.0	8000.0		
10941	1	1	26.0	30.0	0.0	8000.0	cluster_2	BO-82Tapyta/BO-82TAPYTA_20250417_054002.wav
10942	1	1			0.0	8000.0		
10943	1	1	12.0	16.0	0.0	8000.0	cluster_2	BO-82Tapyta/BO-82TAPYTA_20250416_034802.wav
10944	1	1			0.0	8000.0		
10945	1	1	50.0	54.0	0.0	8000.0	cluster_2	BO-82Tapyta/BO-82TAPYTA_20250427_003802.wav
10946	1	1			0.0	8000.0		
10947	1	1			0.0	8000.0		
10948	1	1			0.0	8000.0		
10949	1	1			0.0	8000.0		
10950	1	1			0.0	8000.0		
10951	1	1			0.0	8000.0		
10952	1	1			0.0	8000.0		
10953	1	1			0.0	8000.0		
10954	1	1			0.0	8000.0		
10955	1	1			0.0	8000.0		
10956	1	1			0.0	8000.0		
10957	1	1	4.0	8.0	0.0	8000.0	cluster_2	BO-81Tapyta/BO-81TAPYTA_20250416_023802.wav
10958	1	1			0.0	8000.0		
10959	1	1			0.0	8000.0		
10960	1	1			0.0	8000.0		
10961	1	1	38.0	42.0	0.0	8000.0	cluster_2	BO-82Tapyta/BO-82TAPYTA_20250416_021302.wav
10962	1	1	26.0	30.0	0.0	8000.0	cluster_2	BO-82Tapyta/BO-82TAPYTA_20250416_023102.wav
10963	1	1			0.0	8000.0		
10964	1	1			0.0	8000.0		
10965	1	1			0.0	8000.0		
10966	1	1			0.0	8000.0		
10967	1	1			0.0	8000.0		
10968	1	1			0.0	8000.0		
10969	1	1	18.0	22.0	0.0	8000.0	cluster_2	BO-82Tapyta/BO-82TAPYTA_20250427_045802.wav
10970	1	1			0.0	8000.0		
10971	1	1			0.0	8000.0		
10972	1	1			0.0	8000.0		
10973	1	1			0.0	8000.0		
10974	1	1			0.0	8000.0		
10975	1	1			0.0	8000.0		
10976	1	1			0.0	8000.0		
10977	1	1			0.0	8000.0		
10978	1	1			0.0	8000.0		
10979	1	1	22.0	26.0	0.0	8000.0	cluster_2	BO-82Tapyta/BO-82TAPYTA_20250424_203302.wav
10980	1	1			0.0	8000.0		
10981	1	1			0.0	8000.0		
10982	1	1			0.0	8000.0		
10983	1	1	24.0	28.0	0.0	8000.0	cluster_2	BO-82Tapyta/BO-82TAPYTA_20250411_235202.wav
10984	1	1			0.0	8000.0		
10985	1	1			0.0	8000.0		
10986	1	1			0.0	8000.0		
10987	1	1			0.0	8000.0		
10988	1	1			0.0	8000.0		
10989	1	1			0.0	8000.0		
10990	1	1	2.0	6.0	0.0	8000.0	cluster_2	BO-81Tapyta/BO-81TAPYTA_20250416_023102.wav
10991	1	1			0.0	8000.0		
10992	1	1			0.0	8000.0		
10993	1	1			0.0	8000.0		
10994	1	1	44.0	48.0	0.0	8000.0	cluster_2	BO-82Tapyta/BO-82TAPYTA_20250412_055402.wav
10995	1	1			0.0	8000.0		
10996	1	1			0.0	8000.0		
10997	1	1			0.0	8000.0		
10998	1	1			0.0	8000.0		
10999	1	1			0.0	8000.0		
11000	1	1			0.0	8000.0		
11001	1	1	38.0	42.0	0.0	8000.0	cluster_2	BO-82Tapyta/BO-82TAPYTA_20250416_231102.wav
11002	1	1			0.0	8000.0		
11003	1	1			0.0	8000.0		
11004	1	1	50.0	54.0	0.0	8000.0	cluster_2	BO-82Tapyta/BO-82TAPYTA_20250417_222902.wav
11005	1	1			0.0	8000.0		
11006	1	1			0.0	8000.0		
11007	1	1	44.0	48.0	0.0	8000.0	cluster_2	BO-82Tapyta/BO-82TAPYTA_20250412_055902.wav
11008	1	1			0.0	8000.0		
11009	1	1			0.0	8000.0		
11010	1	1	50.0	54.0	0.0	8000.0	cluster_2	BO-82Tapyta/BO-82TAPYTA_20250418_022802.wav
11011	1	1			0.0	8000.0		
11012	1	1			0.0	8000.0		
11013	1	1	48.0	52.0	0.0	8000.0	cluster_2	BO-81Tapyta/BO-81TAPYTA_20250412_045002.wav
11014	1	1			0.0	8000.0		
11015	1	1			0.0	8000.0		
11016	1	1			0.0	8000.0		
11017	1	1			0.0	8000.0		
11018	1	1			0.0	8000.0		
11019	1	1			0.0	8000.0		
11020	1	1			0.0	8000.0		
11021	1	1			0.0	8000.0		
11022	1	1			0.0	8000.0		
11023	1	1	10.0	14.0	0.0	8000.0	cluster_2	BO-82Tapyta/BO-82TAPYTA_20250424_234802.wav
11024	1	1	36.0	40.0	0.0	8000.0	cluster_2	BO-82Tapyta/BO-82TAPYTA_20250501_182802.wav
11025	1	1	46.0	50.0	0.0	8000.0	cluster_2	BO-82Tapyta/BO-82TAPYTA_20250425_193702.wav
11026	1	1			0.0	8000.0		
11027	1	1			0.0	8000.0		
11028	1	1	32.0	36.0	0.0	8000.0	cluster_2	BO-81Tapyta/BO-81TAPYTA_20250414_205902.wav
11029	1	1	4.0	8.0	0.0	8000.0	cluster_2	BO-82Tapyta/BO-82TAPYTA_20250426_230102.wav
11030	1	1	18.0	22.0	0.0	8000.0	cluster_2	BO-82Tapyta/BO-82TAPYTA_20250418_035402.wav
11031	1	1			0.0	8000.0		
11032	1	1			0.0	8000.0		
11033	1	1	22.0	26.0	0.0	8000.0	cluster_2	BO-82Tapyta/BO-82TAPYTA_20250415_201602.wav
11034	1	1	8.0	12.0	0.0	8000.0	cluster_2	BO-81Tapyta/BO-81TAPYTA_20250412_002802.wav
11035	1	1			0.0	8000.0		
11036	1	1			0.0	8000.0		
11037	1	1			0.0	8000.0		
11038	1	1			0.0	8000.0		
11039	1	1	52.0	56.0	0.0	8000.0	cluster_2	BO-82Tapyta/BO-82TAPYTA_20250502_202402.wav
11040	1	1			0.0	8000.0		
11041	1	1			0.0	8000.0		
11042	1	1			0.0	8000.0		
11043	1	1			0.0	8000.0		
11044	1	1			0.0	8000.0		
11045	1	1			0.0	8000.0		
11046	1	1			0.0	8000.0		
11047	1	1			0.0	8000.0		
11048	1	1			0.0	8000.0		
11049	1	1			0.0	8000.0		
11050	1	1	22.0	26.0	0.0	8000.0	cluster_2	BO-82Tapyta/BO-82TAPYTA_20250417_033702.wav
11051	1	1			0.0	8000.0		
11052	1	1			0.0	8000.0		
11053	1	1			0.0	8000.0		
11054	1	1			0.0	8000.0		
11055	1	1			0.0	8000.0		
11056	1	1			0.0	8000.0		
11057	1	1			0.0	8000.0		
11058	1	1			0.0	8000.0		
11059	1	1	52.0	56.0	0.0	8000.0	cluster_2	BO-82Tapyta/BO-82TAPYTA_20250424_022602.wav
11060	1	1			0.0	8000.0		
11061	1	1	34.0	38.0	0.0	8000.0	cluster_2	BO-82Tapyta/BO-82TAPYTA_20250415_195602.wav
11062	1	1	32.0	36.0	0.0	8000.0	cluster_2	BO-81Tapyta/BO-81TAPYTA_20250416_042002.wav
11063	1	1			0.0	8000.0		
11064	1	1			0.0	8000.0		
11065	1	1			0.0	8000.0		
11066	1	1	10.0	14.0	0.0	8000.0	cluster_2	BO-82Tapyta/BO-82TAPYTA_20250411_230102.wav
11067	1	1			0.0	8000.0		
11068	1	1	42.0	46.0	0.0	8000.0	cluster_2	BO-82Tapyta/BO-82TAPYTA_20250412_045002.wav
11069	1	1	20.0	24.0	0.0	8000.0	cluster_2	BO-82Tapyta/BO-82TAPYTA_20250427_043402.wav
11070	1	1			0.0	8000.0		
11071	1	1			0.0	8000.0		
11072	1	1			0.0	8000.0		
11073	1	1			0.0	8000.0		
11074	1	1			0.0	8000.0		
11075	1	1	34.0	38.0	0.0	8000.0	cluster_2	BO-81Tapyta/BO-81TAPYTA_20250412_014702.wav
11076	1	1			0.0	8000.0		
11077	1	1			0.0	8000.0		
11078	1	1			0.0	8000.0		
11079	1	1			0.0	8000.0		
11080	1	1			0.0	8000.0		
11081	1	1	28.0	32.0	0.0	8000.0	cluster_2	BO-82Tapyta/BO-82TAPYTA_20250417_212002.wav
11082	1	1			0.0	8000.0		
11083	1	1			0.0	8000.0		
11084	1	1			0.0	8000.0		
11085	1	1			0.0	8000.0		
11086	1	1			0.0	8000.0		
11087	1	1	26.0	30.0	0.0	8000.0	cluster_2	BO-82Tapyta/BO-82TAPYTA_20250425_002402.wav
11088	1	1			0.0	8000.0		
11089	1	1	6.0	10.0	0.0	8000.0	cluster_2	BO-82Tapyta/BO-82TAPYTA_20250412_050802.wav
11090	1	1			0.0	8000.0		
11091	1	1			0.0	8000.0		
11092	1	1	8.0	12.0	0.0	8000.0	cluster_2	BO-82Tapyta/BO-82TAPYTA_20250424_203902.wav
11093	1	1	38.0	42.0	0.0	8000.0	cluster_2	BO-82Tapyta/BO-82TAPYTA_20250417_230302.wav
11094	1	1	34.0	38.0	0.0	8000.0	cluster_2	BO-82Tapyta/BO-82TAPYTA_20250417_211602.wav
11095	1	1			0.0	8000.0		
11096	1	1			0.0	8000.0		
11097	1	1	36.0	40.0	0.0	8000.0	cluster_2	BO-81Tapyta/BO-81TAPYTA_20250412_000802.wav
11098	1	1			0.0	8000.0		
11099	1	1			0.0	8000.0		
11100	1	1			0.0	8000.0		
11101	1	1			0.0	8000.0		
11102	1	1	18.0	22.0	0.0	8000.0	cluster_2	BO-82Tapyta/BO-82TAPYTA_20250426_040202.wav
11103	1	1			0.0	8000.0		
11104	1	1			0.0	8000.0		
11105	1	1			0.0	8000.0		
11106	1	1			0.0	8000.0		
11107	1	1			0.0	8000.0		
11108	1	1	48.0	52.0	0.0	8000.0	cluster_2	BO-81Tapyta/BO-81TAPYTA_20250412_004302.wav
11109	1	1	0.0	4.0	0.0	8000.0	cluster_2	BO-82Tapyta/BO-82TAPYTA_20250427_030602.wav
11110	1	1			0.0	8000.0		
11111	1	1			0.0	8000.0		
11112	1	1	34.0	38.0	0.0	8000.0	cluster_2	BO-82Tapyta/BO-82TAPYTA_20250426_030102.wav
11113	1	1			0.0	8000.0		
11114	1	1			0.0	8000.0		
11115	1	1			0.0	8000.0		
11116	1	1	42.0	46.0	0.0	8000.0	cluster_2	BO-81Tapyta/BO-81TAPYTA_20250412_000702.wav
11117	1	1			0.0	8000.0		
11118	1	1	32.0	36.0	0.0	8000.0	cluster_2	BO-82Tapyta/BO-82TAPYTA_20250413_200902.wav
11119	1	1			0.0	8000.0		
11120	1	1			0.0	8000.0		
11121	1	1			0.0	8000.0		
11122	1	1			0.0	8000.0		
11123	1	1			0.0	8000.0		
11124	1	1			0.0	8000.0		
11125	1	1			0.0	8000.0		
11126	1	1			0.0	8000.0		
11127	1	1	32.0	36.0	0.0	8000.0	cluster_2	BO-82Tapyta/BO-82TAPYTA_20250427_210602.wav
11128	1	1	46.0	50.0	0.0	8000.0	cluster_2	BO-82Tapyta/BO-82TAPYTA_20250417_235202.wav
11129	1	1	2.0	6.0	0.0	8000.0	cluster_2	BO-82Tapyta/BO-82TAPYTA_20250427_055902.wav
11130	1	1			0.0	8000.0		
11131	1	1	4.0	8.0	0.0	8000.0	cluster_2	BO-82Tapyta/BO-82TAPYTA_20250411_191102.wav
11132	1	1			0.0	8000.0		
11133	1	1			0.0	8000.0		
11134	1	1			0.0	8000.0		
11135	1	1			0.0	8000.0		
11136	1	1			0.0	8000.0		
11137	1	1			0.0	8000.0		
11138	1	1			0.0	8000.0		
11139	1	1	2.0	6.0	0.0	8000.0	cluster_2	BO-82Tapyta/BO-82TAPYTA_20250415_205302.wav
11140	1	1			0.0	8000.0		
11141	1	1			0.0	8000.0		
11142	1	1			0.0	8000.0		
11143	1	1			0.0	8000.0		
11144	1	1			0.0	8000.0		
11145	1	1			0.0	8000.0		
11146	1	1			0.0	8000.0		
11147	1	1			0.0	8000.0		
11148	1	1			0.0	8000.0		
11149	1	1			0.0	8000.0		
11150	1	1	52.0	56.0	0.0	8000.0	cluster_2	BO-82Tapyta/BO-82TAPYTA_20250416_023402.wav
11151	1	1			0.0	8000.0		
11152	1	1	50.0	54.0	0.0	8000.0	cluster_2	BO-82Tapyta/BO-82TAPYTA_20250414_214302.wav
11153	1	1			0.0	8000.0		
11154	1	1			0.0	8000.0		
11155	1	1			0.0	8000.0		
11156	1	1			0.0	8000.0		
11157	1	1			0.0	8000.0		
11158	1	1			0.0	8000.0		
11159	1	1			0.0	8000.0		
11160	1	1			0.0	8000.0		
11161	1	1			0.0	8000.0		
11162	1	1	42.0	46.0	0.0	8000.0	cluster_2	BO-82Tapyta/BO-82TAPYTA_20250417_202402.wav
11163	1	1			0.0	8000.0		
11164	1	1	28.0	32.0	0.0	8000.0	cluster_2	BO-82Tapyta/BO-82TAPYTA_20250427_022002.wav
11165	1	1	44.0	48.0	0.0	8000.0	cluster_2	BO-82Tapyta/BO-82TAPYTA_20250413_211002.wav
11166	1	1			0.0	8000.0		
11167	1	1			0.0	8000.0		
11168	1	1	16.0	20.0	0.0	8000.0	cluster_2	BO-82Tapyta/BO-82TAPYTA_20250415_195002.wav
11169	1	1			0.0	8000.0		
11170	1	1			0.0	8000.0		
11171	1	1			0.0	8000.0		
11172	1	1			0.0	8000.0		
11173	1	1			0.0	8000.0		
11174	1	1			0.0	8000.0		
11175	1	1			0.0	8000.0		
11176	1	1	50.0	54.0	0.0	8000.0	cluster_2	BO-82Tapyta/BO-82TAPYTA_20250412_002902.wav
11177	1	1	32.0	36.0	0.0	8000.0	cluster_2	BO-82Tapyta/BO-82TAPYTA_20250416_005102.wav
11178	1	1			0.0	8000.0		
11179	1	1			0.0	8000.0		
11180	1	1			0.0	8000.0		
11181	1	1	30.0	34.0	0.0	8000.0	cluster_2	BO-82Tapyta/BO-82TAPYTA_20250426_052802.wav
11182	1	1			0.0	8000.0		
11183	1	1			0.0	8000.0		
11184	1	1			0.0	8000.0		
11185	1	1			0.0	8000.0		
11186	1	1			0.0	8000.0		
11187	1	1			0.0	8000.0		
11188	1	1			0.0	8000.0		
11189	1	1			0.0	8000.0		
11190	1	1			0.0	8000.0		
11191	1	1			0.0	8000.0		
11192	1	1			0.0	8000.0		
11193	1	1			0.0	8000.0		
11194	1	1			0.0	8000.0		
11195	1	1			0.0	8000.0		
11196	1	1			0.0	8000.0		
11197	1	1	34.0	38.0	0.0	8000.0	cluster_2	BO-81Tapyta/BO-81TAPYTA_20250416_020302.wav
11198	1	1			0.0	8000.0		
11199	1	1			0.0	8000.0		
11200	1	1	24.0	28.0	0.0	8000.0	cluster_2	BO-82Tapyta/BO-82TAPYTA_20250417_011102.wav
11201	1	1	24.0	28.0	0.0	8000.0	cluster_2	BO-82Tapyta/BO-82TAPYTA_20250416_203102.wav
11202	1	1			0.0	8000.0		
11203	1	1			0.0	8000.0		
11204	1	1			0.0	8000.0		
11205	1	1			0.0	8000.0		
11206	1	1	14.0	18.0	0.0	8000.0	cluster_2	BO-82Tapyta/BO-82TAPYTA_20250426_200102.wav
11207	1	1			0.0	8000.0		
11208	1	1	52.0	56.0	0.0	8000.0	cluster_2	BO-82Tapyta/BO-82TAPYTA_20250418_040902.wav
11209	1	1	36.0	40.0	0.0	8000.0	cluster_2	BO-82Tapyta/BO-82TAPYTA_20250427_042602.wav
11210	1	1			0.0	8000.0		
11211	1	1			0.0	8000.0		
11212	1	1			0.0	8000.0		
11213	1	1	2.0	6.0	0.0	8000.0	cluster_2	BO-82Tapyta/BO-82TAPYTA_20250415_205002.wav
11214	1	1			0.0	8000.0		
11215	1	1			0.0	8000.0		
11216	1	1			0.0	8000.0		
11217	1	1			0.0	8000.0		
11218	1	1	30.0	34.0	0.0	8000.0	cluster_2	BO-82Tapyta/BO-82TAPYTA_20250415_212002.wav
11219	1	1	2.0	6.0	0.0	8000.0	cluster_2	BO-82Tapyta/BO-82TAPYTA_20250416_010402.wav
11220	1	1			0.0	8000.0		
11221	1	1			0.0	8000.0		
11222	1	1	10.0	14.0	0.0	8000.0	cluster_2	BO-82Tapyta/BO-82TAPYTA_20250412_055002.wav
11223	1	1			0.0	8000.0		
11224	1	1			0.0	8000.0		
11225	1	1			0.0	8000.0		
11226	1	1			0.0	8000.0		
11227	1	1			0.0	8000.0		
11228	1	1			0.0	8000.0		
11229	1	1			0.0	8000.0		
11230	1	1			0.0	8000.0		
11231	1	1			0.0	8000.0		
11232	1	1			0.0	8000.0		
11233	1	1			0.0	8000.0		
11234	1	1	34.0	38.0	0.0	8000.0	cluster_2	BO-82Tapyta/BO-82TAPYTA_20250418_023202.wav
11235	1	1			0.0	8000.0		
11236	1	1			0.0	8000.0		
11237	1	1			0.0	8000.0		
11238	1	1	20.0	24.0	0.0	8000.0	cluster_2	BO-82Tapyta/BO-82TAPYTA_20250415_224402.wav
11239	1	1	44.0	48.0	0.0	8000.0	cluster_2	BO-82Tapyta/BO-82TAPYTA_20250426_222502.wav
11240	1	1			0.0	8000.0		
11241	1	1	30.0	34.0	0.0	8000.0	cluster_2	BO-82Tapyta/BO-82TAPYTA_20250415_230602.wav
11242	1	1			0.0	8000.0		
11243	1	1	44.0	48.0	0.0	8000.0	cluster_2	BO-81Tapyta/BO-81TAPYTA_20250411_234602.wav
11244	1	1			0.0	8000.0		
11245	1	1			0.0	8000.0		
11246	1	1			0.0	8000.0		
11247	1	1	6.0	10.0	0.0	8000.0	cluster_2	BO-82Tapyta/BO-82TAPYTA_20250411_221702.wav
11248	1	1			0.0	8000.0		
11249	1	1			0.0	8000.0		
11250	1	1	44.0	48.0	0.0	8000.0	cluster_2	BO-81Tapyta/BO-81TAPYTA_20250416_011302.wav
11251	1	1			0.0	8000.0		
11252	1	1			0.0	8000.0		
11253	1	1			0.0	8000.0		
11254	1	1			0.0	8000.0		
11255	1	1			0.0	8000.0		
11256	1	1	4.0	8.0	0.0	8000.0	cluster_2	BO-81Tapyta/BO-81TAPYTA_20250415_200402.wav
11257	1	1	22.0	26.0	0.0	8000.0	cluster_2	BO-82Tapyta/BO-82TAPYTA_20250411_201602.wav
11258	1	1			0.0	8000.0		
11259	1	1			0.0	8000.0		
11260	1	1			0.0	8000.0		
11261	1	1			0.0	8000.0		
11262	1	1			0.0	8000.0		
11263	1	1	30.0	34.0	0.0	8000.0	cluster_2	BO-82Tapyta/BO-82TAPYTA_20250417_224702.wav
11264	1	1			0.0	8000.0		
11265	1	1			0.0	8000.0		
11266	1	1			0.0	8000.0		
11267	1	1			0.0	8000.0		
11268	1	1			0.0	8000.0		
11269	1	1			0.0	8000.0		
11270	1	1	44.0	48.0	0.0	8000.0	cluster_2	BO-81Tapyta/BO-81TAPYTA_20250413_210202.wav
11271	1	1			0.0	8000.0		
11272	1	1	36.0	40.0	0.0	8000.0	cluster_2	BO-81Tapyta/BO-81TAPYTA_20250412_020602.wav
11273	1	1			0.0	8000.0		
11274	1	1	40.0	44.0	0.0	8000.0	cluster_2	BO-82Tapyta/BO-82TAPYTA_20250416_043402.wav
11275	1	1			0.0	8000.0		
11276	1	1			0.0	8000.0		
11277	1	1			0.0	8000.0		
11278	1	1	26.0	30.0	0.0	8000.0	cluster_2	BO-82Tapyta/BO-82TAPYTA_20250414_191302.wav
11279	1	1			0.0	8000.0		
11280	1	1	40.0	44.0	0.0	8000.0	cluster_2	BO-82Tapyta/BO-82TAPYTA_20250417_214202.wav
11281	1	1	44.0	48.0	0.0	8000.0	cluster_2	BO-82Tapyta/BO-82TAPYTA_20250426_222702.wav
11282	1	1	10.0	14.0	0.0	8000.0	cluster_2	BO-81Tapyta/BO-81TAPYTA_20250416_042702.wav
11283	1	1	40.0	44.0	0.0	8000.0	cluster_2	BO-82Tapyta/BO-82TAPYTA_20250424_211402.wav
11284	1	1			0.0	8000.0		
11285	1	1			0.0	8000.0		
11286	1	1			0.0	8000.0		
11287	1	1			0.0	8000.0		
11288	1	1	2.0	6.0	0.0	8000.0	cluster_2	BO-82Tapyta/BO-82TAPYTA_20250417_031802.wav
11289	1	1			0.0	8000.0		
11290	1	1	28.0	32.0	0.0	8000.0	cluster_2	BO-82Tapyta/BO-82TAPYTA_20250411_202402.wav
11291	1	1	26.0	30.0	0.0	8000.0	cluster_2	BO-81Tapyta/BO-81TAPYTA_20250415_215402.wav
11292	1	1			0.0	8000.0		
11293	1	1			0.0	8000.0		
11294	1	1			0.0	8000.0		
11295	1	1			0.0	8000.0		
11296	1	1	22.0	26.0	0.0	8000.0	cluster_2	BO-82Tapyta/BO-82TAPYTA_20250416_215602.wav
11297	1	1			0.0	8000.0		
11298	1	1			0.0	8000.0		
11299	1	1	36.0	40.0	0.0	8000.0	cluster_2	BO-82Tapyta/BO-82TAPYTA_20250424_194902.wav
11300	1	1	10.0	14.0	0.0	8000.0	cluster_2	BO-82Tapyta/BO-82TAPYTA_20250426_015402.wav
11301	1	1	30.0	34.0	0.0	8000.0	cluster_2	BO-82Tapyta/BO-82TAPYTA_20250426_034702.wav
11302	1	1			0.0	8000.0		
11303	1	1			0.0	8000.0		
11304	1	1			0.0	8000.0		
11305	1	1			0.0	8000.0		
11306	1	1			0.0	8000.0		
11307	1	1			0.0	8000.0		
11308	1	1			0.0	8000.0		
11309	1	1			0.0	8000.0		
11310	1	1			0.0	8000.0		
11311	1	1	48.0	52.0	0.0	8000.0	cluster_2	BO-82Tapyta/BO-82TAPYTA_20250417_234902.wav
11312	1	1			0.0	8000.0		
11313	1	1			0.0	8000.0		
11314	1	1	0.0	4.0	0.0	8000.0	cluster_2	BO-81Tapyta/BO-81TAPYTA_20250412_041902.wav
11315	1	1			0.0	8000.0		
11316	1	1			0.0	8000.0		
11317	1	1			0.0	8000.0		
11318	1	1			0.0	8000.0		
11319	1	1			0.0	8000.0		
11320	1	1			0.0	8000.0		
11321	1	1	18.0	22.0	0.0	8000.0	cluster_2	BO-81Tapyta/BO-81TAPYTA_20250415_202202.wav
11322	1	1			0.0	8000.0		
11323	1	1			0.0	8000.0		
11324	1	1			0.0	8000.0		
11325	1	1	4.0	8.0	0.0	8000.0	cluster_2	BO-82Tapyta/BO-82TAPYTA_20250416_202602.wav
11326	1	1			0.0	8000.0		
11327	1	1			0.0	8000.0		
11328	1	1			0.0	8000.0		
11329	1	1	38.0	42.0	0.0	8000.0	cluster_2	BO-82Tapyta/BO-82TAPYTA_20250411_205302.wav
11330	1	1	30.0	34.0	0.0	8000.0	cluster_2	BO-82Tapyta/BO-82TAPYTA_20250416_021802.wav
11331	1	1			0.0	8000.0		
11332	1	1	28.0	32.0	0.0	8000.0	cluster_2	BO-82Tapyta/BO-82TAPYTA_20250501_183602.wav
11333	1	1			0.0	8000.0		
11334	1	1			0.0	8000.0		
11335	1	1			0.0	8000.0		
11336	1	1			0.0	8000.0		
11337	1	1			0.0	8000.0		
11338	1	1			0.0	8000.0		
11339	1	1	46.0	50.0	0.0	8000.0	cluster_2	BO-82Tapyta/BO-82TAPYTA_20250425_020702.wav
11340	1	1	28.0	32.0	0.0	8000.0	cluster_2	BO-82Tapyta/BO-82TAPYTA_20250416_054902.wav
11341	1	1	4.0	8.0	0.0	8000.0	cluster_2	BO-82Tapyta/BO-82TAPYTA_20250417_232802.wav
11342	1	1			0.0	8000.0		
11343	1	1	4.0	8.0	0.0	8000.0	cluster_2	BO-82Tapyta/BO-82TAPYTA_20250427_041702.wav
11344	1	1			0.0	8000.0		
11345	1	1	12.0	16.0	0.0	8000.0	cluster_2	BO-81Tapyta/BO-81TAPYTA_20250412_001102.wav
11346	1	1			0.0	8000.0		
11347	1	1			0.0	8000.0		
11348	1	1			0.0	8000.0		
11349	1	1			0.0	8000.0		
11350	1	1	0.0	4.0	0.0	8000.0	cluster_2	BO-82Tapyta/BO-82TAPYTA_20250427_042102.wav
11351	1	1			0.0	8000.0		
11352	1	1			0.0	8000.0		
11353	1	1	48.0	52.0	0.0	8000.0	cluster_2	BO-82Tapyta/BO-82TAPYTA_20250417_235702.wav
11354	1	1			0.0	8000.0		
11355	1	1			0.0	8000.0		
11356	1	1	46.0	50.0	0.0	8000.0	cluster_2	BO-82Tapyta/BO-82TAPYTA_20250416_195302.wav
11357	1	1			0.0	8000.0		
11358	1	1	20.0	24.0	0.0	8000.0	cluster_2	BO-81Tapyta/BO-81TAPYTA_20250416_041702.wav
11359	1	1	48.0	52.0	0.0	8000.0	cluster_2	BO-82Tapyta/BO-82TAPYTA_20250414_215102.wav
11360	1	1			0.0	8000.0		
11361	1	1			0.0	8000.0		
11362	1	1	44.0	48.0	0.0	8000.0	cluster_2	BO-82Tapyta/BO-82TAPYTA_20250427_041802.wav
11363	1	1			0.0	8000.0		
11364	1	1			0.0	8000.0		
11365	1	1			0.0	8000.0		
11366	1	1			0.0	8000.0		
11367	1	1			0.0	8000.0		
11368	1	1			0.0	8000.0		
11369	1	1			0.0	8000.0		
11370	1	1			0.0	8000.0		
11371	1	1			0.0	8000.0		
11372	1	1			0.0	8000.0		
11373	1	1	16.0	20.0	0.0	8000.0	cluster_2	BO-82Tapyta/BO-82TAPYTA_20250426_204002.wav
11374	1	1			0.0	8000.0		
11375	1	1			0.0	8000.0		
11376	1	1			0.0	8000.0		
11377	1	1			0.0	8000.0		
11378	1	1			0.0	8000.0		
11379	1	1			0.0	8000.0		
11380	1	1			0.0	8000.0		
11381	1	1			0.0	8000.0		
11382	1	1			0.0	8000.0		
11383	1	1			0.0	8000.0		
11384	1	1	18.0	22.0	0.0	8000.0	cluster_2	BO-82Tapyta/BO-82TAPYTA_20250502_192502.wav
11385	1	1			0.0	8000.0		
11386	1	1			0.0	8000.0		
11387	1	1			0.0	8000.0		
11388	1	1	0.0	4.0	0.0	8000.0	cluster_2	BO-81Tapyta/BO-81TAPYTA_20250416_043902.wav
11389	1	1	10.0	14.0	0.0	8000.0	cluster_2	BO-82Tapyta/BO-82TAPYTA_20250416_202802.wav
11390	1	1			0.0	8000.0		
11391	1	1			0.0	8000.0		
11392	1	1			0.0	8000.0		
11393	1	1			0.0	8000.0		
11394	1	1			0.0	8000.0		
11395	1	1	32.0	36.0	0.0	8000.0	cluster_2	BO-82Tapyta/BO-82TAPYTA_20250416_202102.wav
11396	1	1	14.0	18.0	0.0	8000.0	cluster_2	BO-82Tapyta/BO-82TAPYTA_20250427_051502.wav
11397	1	1			0.0	8000.0		
11398	1	1			0.0	8000.0		
11399	1	1			0.0	8000.0		
11400	1	1	18.0	22.0	0.0	8000.0	cluster_2	BO-82Tapyta/BO-82TAPYTA_20250417_044102.wav
11401	1	1			0.0	8000.0		
11402	1	1			0.0	8000.0		
11403	1	1			0.0	8000.0		
11404	1	1			0.0	8000.0		
11405	1	1	10.0	14.0	0.0	8000.0	cluster_2	BO-82Tapyta/BO-82TAPYTA_20250425_203702.wav
11406	1	1			0.0	8000.0		
11407	1	1	4.0	8.0	0.0	8000.0	cluster_2	BO-82Tapyta/BO-82TAPYTA_20250417_203702.wav
11408	1	1			0.0	8000.0		
11409	1	1			0.0	8000.0		
11410	1	1			0.0	8000.0		
11411	1	1			0.0	8000.0		
11412	1	1			0.0	8000.0		
11413	1	1			0.0	8000.0		
11414	1	1			0.0	8000.0		
11415	1	1	50.0	54.0	0.0	8000.0	cluster_2	BO-82Tapyta/BO-82TAPYTA_20250502_215502.wav
11416	1	1	18.0	22.0	0.0	8000.0	cluster_2	BO-82Tapyta/BO-82TAPYTA_20250418_015502.wav
11417	1	1			0.0	8000.0		
11418	1	1			0.0	8000.0		
11419	1	1			0.0	8000.0		
11420	1	1			0.0	8000.0		
11421	1	1			0.0	8000.0		
11422	1	1			0.0	8000.0		
11423	1	1			0.0	8000.0		
11424	1	1			0.0	8000.0		
11425	1	1			0.0	8000.0		
11426	1	1	28.0	32.0	0.0	8000.0	cluster_2	BO-82Tapyta/BO-82TAPYTA_20250413_222302.wav
11427	1	1			0.0	8000.0		
11428	1	1			0.0	8000.0		
11429	1	1			0.0	8000.0		
11430	1	1	48.0	52.0	0.0	8000.0	cluster_2	BO-82Tapyta/BO-82TAPYTA_20250415_230002.wav
11431	1	1			0.0	8000.0		
11432	1	1			0.0	8000.0		
11433	1	1			0.0	8000.0		
11434	1	1			0.0	8000.0		
11435	1	1			0.0	8000.0		
11436	1	1			0.0	8000.0		
11437	1	1			0.0	8000.0		
11438	1	1			0.0	8000.0		
11439	1	1			0.0	8000.0		
11440	1	1			0.0	8000.0		
11441	1	1			0.0	8000.0		
11442	1	1	26.0	30.0	0.0	8000.0	cluster_2	BO-82Tapyta/BO-82TAPYTA_20250427_014102.wav
11443	1	1			0.0	8000.0		
11444	1	1			0.0	8000.0		
11445	1	1	44.0	48.0	0.0	8000.0	cluster_2	BO-82Tapyta/BO-82TAPYTA_20250427_051002.wav
11446	1	1			0.0	8000.0		
11447	1	1			0.0	8000.0		
11448	1	1			0.0	8000.0		
11449	1	1			0.0	8000.0		
11450	1	1			0.0	8000.0		
11451	1	1	42.0	46.0	0.0	8000.0	cluster_2	BO-82Tapyta/BO-82TAPYTA_20250427_195802.wav
11452	1	1			0.0	8000.0		
11453	1	1			0.0	8000.0		
11454	1	1			0.0	8000.0		
11455	1	1			0.0	8000.0		
11456	1	1			0.0	8000.0		
11457	1	1			0.0	8000.0		
11458	1	1			0.0	8000.0		
11459	1	1			0.0	8000.0		
11460	1	1			0.0	8000.0		
11461	1	1			0.0	8000.0		
11462	1	1	52.0	56.0	0.0	8000.0	cluster_2	BO-81Tapyta/BO-81TAPYTA_20250415_203302.wav
11463	1	1			0.0	8000.0		
11464	1	1			0.0	8000.0		
11465	1	1	28.0	32.0	0.0	8000.0	cluster_2	BO-82Tapyta/BO-82TAPYTA_20250418_010402.wav
11466	1	1	2.0	6.0	0.0	8000.0	cluster_2	BO-82Tapyta/BO-82TAPYTA_20250423_233502.wav
11467	1	1			0.0	8000.0		
11468	1	1			0.0	8000.0		
11469	1	1	32.0	36.0	0.0	8000.0	cluster_2	BO-82Tapyta/BO-82TAPYTA_20250427_010902.wav
11470	1	1			0.0	8000.0		
11471	1	1			0.0	8000.0		
11472	1	1	50.0	54.0	0.0	8000.0	cluster_2	BO-82Tapyta/BO-82TAPYTA_20250415_213902.wav
11473	1	1			0.0	8000.0		
11474	1	1			0.0	8000.0		
11475	1	1	46.0	50.0	0.0	8000.0	cluster_2	BO-81Tapyta/BO-81TAPYTA_20250415_221502.wav
11476	1	1			0.0	8000.0		
11477	1	1			0.0	8000.0		
11478	1	1			0.0	8000.0		
11479	1	1			0.0	8000.0		
11480	1	1			0.0	8000.0		
11481	1	1			0.0	8000.0		
11482	1	1			0.0	8000.0		
11483	1	1			0.0	8000.0		
11484	1	1			0.0	8000.0		
11485	1	1			0.0	8000.0		
11486	1	1	52.0	56.0	0.0	8000.0	cluster_2	BO-82Tapyta/BO-82TAPYTA_20250502_225602.wav
11487	1	1			0.0	8000.0		
11488	1	1	34.0	38.0	0.0	8000.0	cluster_2	BO-82Tapyta/BO-82TAPYTA_20250416_021202.wav
11489	1	1			0.0	8000.0		
11490	1	1			0.0	8000.0		
11491	1	1			0.0	8000.0		
11492	1	1	32.0	36.0	0.0	8000.0	cluster_2	BO-82Tapyta/BO-82TAPYTA_20250417_043302.wav
11493	1	1			0.0	8000.0		
11494	1	1			0.0	8000.0		
11495	1	1			0.0	8000.0		
11496	1	1			0.0	8000.0		
11497	1	1	8.0	12.0	0.0	8000.0	cluster_2	BO-82Tapyta/BO-82TAPYTA_20250415_234602.wav
11498	1	1	50.0	54.0	0.0	8000.0	cluster_2	BO-82Tapyta/BO-82TAPYTA_20250425_000102.wav
11499	1	1			0.0	8000.0		
11500	1	1			0.0	8000.0		
11501	1	1	4.0	8.0	0.0	8000.0	cluster_2	BO-82Tapyta/BO-82TAPYTA_20250412_012802.wav
11502	1	1			0.0	8000.0		
11503	1	1			0.0	8000.0		
11504	1	1			0.0	8000.0		
11505	1	1			0.0	8000.0		
11506	1	1			0.0	8000.0		
11507	1	1			0.0	8000.0		
11508	1	1	46.0	50.0	0.0	8000.0	cluster_2	BO-82Tapyta/BO-82TAPYTA_20250426_214502.wav
11509	1	1	2.0	6.0	0.0	8000.0	cluster_2	BO-82Tapyta/BO-82TAPYTA_20250425_215702.wav
11510	1	1			0.0	8000.0		
11511	1	1	22.0	26.0	0.0	8000.0	cluster_2	BO-82Tapyta/BO-82TAPYTA_20250426_224102.wav
11512	1	1			0.0	8000.0		
11513	1	1			0.0	8000.0		
11514	1	1	42.0	46.0	0.0	8000.0	cluster_2	BO-82Tapyta/BO-82TAPYTA_20250416_015302.wav
11515	1	1	34.0	38.0	0.0	8000.0	cluster_2	BO-81Tapyta/BO-81TAPYTA_20250412_034402.wav
11516	1	1			0.0	8000.0		
11517	1	1			0.0	8000.0		
11518	1	1			0.0	8000.0		
11519	1	1			0.0	8000.0		
11520	1	1			0.0	8000.0		
11521	1	1			0.0	8000.0		
11522	1	1			0.0	8000.0		
11523	1	1			0.0	8000.0		
11524	1	1			0.0	8000.0		
11525	1	1			0.0	8000.0		
11526	1	1	46.0	50.0	0.0	8000.0	cluster_2	BO-81Tapyta/BO-81TAPYTA_20250411_222302.wav
11527	1	1			0.0	8000.0		
11528	1	1			0.0	8000.0		
11529	1	1			0.0	8000.0		
11530	1	1			0.0	8000.0		
11531	1	1			0.0	8000.0		
11532	1	1			0.0	8000.0		
11533	1	1	24.0	28.0	0.0	8000.0	cluster_2	BO-82Tapyta/BO-82TAPYTA_20250416_224502.wav
11534	1	1	16.0	20.0	0.0	8000.0	cluster_2	BO-82Tapyta/BO-82TAPYTA_20250501_195702.wav
11535	1	1			0.0	8000.0		
11536	1	1			0.0	8000.0		
11537	1	1			0.0	8000.0		
11538	1	1	10.0	14.0	0.0	8000.0	cluster_2	BO-81Tapyta/BO-81TAPYTA_20250415_200302.wav
11539	1	1	16.0	20.0	0.0	8000.0	cluster_2	BO-82Tapyta/BO-82TAPYTA_20250427_035602.wav
11540	1	1			0.0	8000.0		
11541	1	1			0.0	8000.0		
11542	1	1			0.0	8000.0		
11543	1	1			0.0	8000.0		
11544	1	1	16.0	20.0	0.0	8000.0	cluster_2	BO-82Tapyta/BO-82TAPYTA_20250427_022802.wav
11545	1	1	8.0	12.0	0.0	8000.0	cluster_2	BO-81Tapyta/BO-81TAPYTA_20250416_003102.wav
11546	1	1	46.0	50.0	0.0	8000.0	cluster_2	BO-82Tapyta/BO-82TAPYTA_20250426_042002.wav
11547	1	1			0.0	8000.0		
11548	1	1			0.0	8000.0		
11549	1	1	42.0	46.0	0.0	8000.0	cluster_2	BO-82Tapyta/BO-82TAPYTA_20250424_204602.wav
11550	1	1	46.0	50.0	0.0	8000.0	cluster_2	BO-82Tapyta/BO-82TAPYTA_20250425_023802.wav
11551	1	1	48.0	52.0	0.0	8000.0	cluster_2	BO-82Tapyta/BO-82TAPYTA_20250417_054302.wav
11552	1	1			0.0	8000.0		
11553	1	1			0.0	8000.0		
11554	1	1			0.0	8000.0		
11555	1	1			0.0	8000.0		
11556	1	1			0.0	8000.0		
11557	1	1			0.0	8000.0		
11558	1	1	22.0	26.0	0.0	8000.0	cluster_2	BO-82Tapyta/BO-82TAPYTA_20250418_003402.wav
11559	1	1	32.0	36.0	0.0	8000.0	cluster_2	BO-82Tapyta/BO-82TAPYTA_20250426_223302.wav
11560	1	1			0.0	8000.0		
11561	1	1			0.0	8000.0		
11562	1	1	52.0	56.0	0.0	8000.0	cluster_2	BO-82Tapyta/BO-82TAPYTA_20250412_040502.wav
11563	1	1			0.0	8000.0		
11564	1	1			0.0	8000.0		
11565	1	1			0.0	8000.0		
11566	1	1			0.0	8000.0		
11567	1	1			0.0	8000.0		
11568	1	1	24.0	28.0	0.0	8000.0	cluster_2	BO-82Tapyta/BO-82TAPYTA_20250417_022402.wav
11569	1	1			0.0	8000.0		
11570	1	1			0.0	8000.0		
11571	1	1	10.0	14.0	0.0	8000.0	cluster_2	BO-82Tapyta/BO-82TAPYTA_20250410_193102.wav
11572	1	1			0.0	8000.0		
11573	1	1			0.0	8000.0		
11574	1	1	22.0	26.0	0.0	8000.0	cluster_2	BO-82Tapyta/BO-82TAPYTA_20250424_190902.wav
11575	1	1			0.0	8000.0		
11576	1	1	32.0	36.0	0.0	8000.0	cluster_2	BO-82Tapyta/BO-82TAPYTA_20250426_004202.wav
11577	1	1			0.0	8000.0		
11578	1	1			0.0	8000.0		
11579	1	1			0.0	8000.0		
11580	1	1			0.0	8000.0		
11581	1	1			0.0	8000.0		
11582	1	1	8.0	12.0	0.0	8000.0	cluster_2	BO-82Tapyta/BO-82TAPYTA_20250417_204902.wav
11583	1	1			0.0	8000.0		
11584	1	1	8.0	12.0	0.0	8000.0	cluster_2	BO-82Tapyta/BO-82TAPYTA_20250418_055102.wav
11585	1	1			0.0	8000.0		
11586	1	1			0.0	8000.0		
11587	1	1			0.0	8000.0		
11588	1	1			0.0	8000.0		
11589	1	1	26.0	30.0	0.0	8000.0	cluster_2	BO-82Tapyta/BO-82TAPYTA_20250425_005702.wav
11590	1	1	8.0	12.0	0.0	8000.0	cluster_2	BO-81Tapyta/BO-81TAPYTA_20250415_212302.wav
11591	1	1			0.0	8000.0		
11592	1	1	10.0	14.0	0.0	8000.0	cluster_2	BO-82Tapyta/BO-82TAPYTA_20250425_195502.wav
11593	1	1			0.0	8000.0		
11594	1	1			0.0	8000.0		
11595	1	1			0.0	8000.0		
11596	1	1			0.0	8000.0		
11597	1	1	36.0	40.0	0.0	8000.0	cluster_2	BO-82Tapyta/BO-82TAPYTA_20250418_042502.wav
11598	1	1			0.0	8000.0		
11599	1	1			0.0	8000.0		
11600	1	1			0.0	8000.0		
11601	1	1			0.0	8000.0		
11602	1	1			0.0	8000.0		
11603	1	1			0.0	8000.0		
11604	1	1			0.0	8000.0		
11605	1	1			0.0	8000.0		
11606	1	1	0.0	4.0	0.0	8000.0	cluster_2	BO-82Tapyta/BO-82TAPYTA_20250415_224502.wav
11607	1	1			0.0	8000.0		
11608	1	1			0.0	8000.0		
11609	1	1	14.0	18.0	0.0	8000.0	cluster_2	BO-82Tapyta/BO-82TAPYTA_20250412_002702.wav
11610	1	1	52.0	56.0	0.0	8000.0	cluster_2	BO-82Tapyta/BO-82TAPYTA_20250416_232002.wav
11611	1	1			0.0	8000.0		
11612	1	1			0.0	8000.0		
11613	1	1	22.0	26.0	0.0	8000.0	cluster_2	BO-82Tapyta/BO-82TAPYTA_20250413_202802.wav
11614	1	1			0.0	8000.0		
11615	1	1	36.0	40.0	0.0	8000.0	cluster_2	BO-82Tapyta/BO-82TAPYTA_20250426_211802.wav
11616	1	1	42.0	46.0	0.0	8000.0	cluster_2	BO-82Tapyta/BO-82TAPYTA_20250426_213302.wav
11617	1	1			0.0	8000.0		
11618	1	1	0.0	4.0	0.0	8000.0	cluster_2	BO-82Tapyta/BO-82TAPYTA_20250424_201202.wav
11619	1	1			0.0	8000.0		
11620	1	1			0.0	8000.0		
11621	1	1			0.0	8000.0		
11622	1	1			0.0	8000.0		
11623	1	1			0.0	8000.0		
11624	1	1	0.0	4.0	0.0	8000.0	cluster_2	BO-82Tapyta/BO-82TAPYTA_20250416_200202.wav
11625	1	1			0.0	8000.0		
11626	1	1			0.0	8000.0		
11627	1	1			0.0	8000.0		
11628	1	1			0.0	8000.0		
11629	1	1			0.0	8000.0		
11630	1	1	6.0	10.0	0.0	8000.0	cluster_2	BO-82Tapyta/BO-82TAPYTA_20250426_210602.wav
11631	1	1	10.0	14.0	0.0	8000.0	cluster_2	BO-82Tapyta/BO-82TAPYTA_20250426_213802.wav
11632	1	1			0.0	8000.0		
11633	1	1			0.0	8000.0		
11634	1	1			0.0	8000.0		
11635	1	1	6.0	10.0	0.0	8000.0	cluster_2	BO-82Tapyta/BO-82TAPYTA_20250416_224002.wav
11636	1	1			0.0	8000.0		
11637	1	1	38.0	42.0	0.0	8000.0	cluster_2	BO-82Tapyta/BO-82TAPYTA_20250417_013102.wav
11638	1	1			0.0	8000.0		
11639	1	1			0.0	8000.0		
11640	1	1			0.0	8000.0		
11641	1	1			0.0	8000.0		
11642	1	1	32.0	36.0	0.0	8000.0	cluster_2	BO-82Tapyta/BO-82TAPYTA_20250417_015402.wav
11643	1	1			0.0	8000.0		
11644	1	1			0.0	8000.0		
11645	1	1	0.0	4.0	0.0	8000.0	cluster_2	BO-82Tapyta/BO-82TAPYTA_20250415_200002.wav
11646	1	1	12.0	16.0	0.0	8000.0	cluster_2	BO-81Tapyta/BO-81TAPYTA_20250411_213502.wav
11647	1	1	36.0	40.0	0.0	8000.0	cluster_2	BO-82Tapyta/BO-82TAPYTA_20250411_225202.wav
11648	1	1			0.0	8000.0		
11649	1	1	14.0	18.0	0.0	8000.0	cluster_2	BO-82Tapyta/BO-82TAPYTA_20250427_033702.wav
11650	1	1	24.0	28.0	0.0	8000.0	cluster_2	BO-82Tapyta/BO-82TAPYTA_20250502_220602.wav
11651	1	1			0.0	8000.0		
11652	1	1	32.0	36.0	0.0	8000.0	cluster_2	BO-82Tapyta/BO-82TAPYTA_20250412_025802.wav
11653	1	1	32.0	36.0	0.0	8000.0	cluster_2	BO-82Tapyta/BO-82TAPYTA_20250413_203002.wav
11654	1	1			0.0	8000.0		
11655	1	1	34.0	38.0	0.0	8000.0	cluster_2	BO-82Tapyta/BO-82TAPYTA_20250412_020502.wav
11656	1	1			0.0	8000.0		
11657	1	1			0.0	8000.0		
11658	1	1			0.0	8000.0		
11659	1	1			0.0	8000.0		
11660	1	1			0.0	8000.0		
11661	1	1			0.0	8000.0		
11662	1	1			0.0	8000.0		
11663	1	1	32.0	36.0	0.0	8000.0	cluster_2	BO-82Tapyta/BO-82TAPYTA_20250415_193002.wav
11664	1	1			0.0	8000.0		
11665	1	1			0.0	8000.0		
11666	1	1			0.0	8000.0		
11667	1	1	44.0	48.0	0.0	8000.0	cluster_2	BO-82Tapyta/BO-82TAPYTA_20250417_210602.wav
11668	1	1			0.0	8000.0		
11669	1	1			0.0	8000.0		
11670	1	1	40.0	44.0	0.0	8000.0	cluster_2	BO-81Tapyta/BO-81TAPYTA_20250415_212602.wav
11671	1	1			0.0	8000.0		
11672	1	1			0.0	8000.0		
11673	1	1	4.0	8.0	0.0	8000.0	cluster_2	BO-82Tapyta/BO-82TAPYTA_20250425_204602.wav
11674	1	1			0.0	8000.0		
11675	1	1	24.0	28.0	0.0	8000.0	cluster_2	BO-82Tapyta/BO-82TAPYTA_20250416_232202.wav
11676	1	1			0.0	8000.0		
11677	1	1			0.0	8000.0		
11678	1	1			0.0	8000.0		
11679	1	1			0.0	8000.0		
11680	1	1			0.0	8000.0		
11681	1	1	40.0	44.0	0.0	8000.0	cluster_2	BO-82Tapyta/BO-82TAPYTA_20250411_190302.wav
11682	1	1			0.0	8000.0		
11683	1	1			0.0	8000.0		
11684	1	1			0.0	8000.0		
11685	1	1			0.0	8000.0		
11686	1	1			0.0	8000.0		
11687	1	1			0.0	8000.0		
11688	1	1	38.0	42.0	0.0	8000.0	cluster_2	BO-81Tapyta/BO-81TAPYTA_20250416_022802.wav
11689	1	1	24.0	28.0	0.0	8000.0	cluster_2	BO-82Tapyta/BO-82TAPYTA_20250424_232102.wav
11690	1	1			0.0	8000.0		
11691	1	1	20.0	24.0	0.0	8000.0	cluster_2	BO-82Tapyta/BO-82TAPYTA_20250416_040402.wav
11692	1	1			0.0	8000.0		
11693	1	1	8.0	12.0	0.0	8000.0	cluster_2	BO-82Tapyta/BO-82TAPYTA_20250425_004702.wav
11694	1	1			0.0	8000.0		
11695	1	1	28.0	32.0	0.0	8000.0	cluster_2	BO-82Tapyta/BO-82TAPYTA_20250417_045502.wav
11696	1	1	50.0	54.0	0.0	8000.0	cluster_2	BO-82Tapyta/BO-82TAPYTA_20250416_045002.wav
11697	1	1			0.0	8000.0		
11698	1	1			0.0	8000.0		
11699	1	1			0.0	8000.0		
11700	1	1			0.0	8000.0		
11701	1	1			0.0	8000.0		
11702	1	1			0.0	8000.0		
11703	1	1			0.0	8000.0		
11704	1	1			0.0	8000.0		
11705	1	1			0.0	8000.0		
11706	1	1	22.0	26.0	0.0	8000.0	cluster_2	BO-82Tapyta/BO-82TAPYTA_20250426_214602.wav
11707	1	1			0.0	8000.0		
11708	1	1			0.0	8000.0		
11709	1	1			0.0	8000.0		
11710	1	1			0.0	8000.0		
11711	1	1			0.0	8000.0		
11712	1	1	18.0	22.0	0.0	8000.0	cluster_2	BO-82Tapyta/BO-82TAPYTA_20250416_053802.wav
11713	1	1			0.0	8000.0		
11714	1	1			0.0	8000.0		
11715	1	1			0.0	8000.0		
11716	1	1			0.0	8000.0		
11717	1	1			0.0	8000.0		
11718	1	1			0.0	8000.0		
11719	1	1			0.0	8000.0		
11720	1	1			0.0	8000.0		
11721	1	1			0.0	8000.0		
11722	1	1			0.0	8000.0		
11723	1	1	48.0	52.0	0.0	8000.0	cluster_2	BO-82Tapyta/BO-82TAPYTA_20250411_193302.wav
11724	1	1			0.0	8000.0		
11725	1	1			0.0	8000.0		
11726	1	1			0.0	8000.0		
11727	1	1			0.0	8000.0		
11728	1	1			0.0	8000.0		
11729	1	1			0.0	8000.0		
11730	1	1			0.0	8000.0		
11731	1	1	26.0	30.0	0.0	8000.0	cluster_2	BO-82Tapyta/BO-82TAPYTA_20250415_211702.wav
11732	1	1			0.0	8000.0		
11733	1	1			0.0	8000.0		
11734	1	1	46.0	50.0	0.0	8000.0	cluster_2	BO-82Tapyta/BO-82TAPYTA_20250415_211602.wav
11735	1	1			0.0	8000.0		
11736	1	1			0.0	8000.0		
11737	1	1			0.0	8000.0		
11738	1	1	6.0	10.0	0.0	8000.0	cluster_2	BO-81Tapyta/BO-81TAPYTA_20250413_211602.wav
11739	1	1			0.0	8000.0		
11740	1	1			0.0	8000.0		
11741	1	1			0.0	8000.0		
11742	1	1	8.0	12.0	0.0	8000.0	cluster_2	BO-82Tapyta/BO-82TAPYTA_20250417_001602.wav
11743	1	1	2.0	6.0	0.0	8000.0	cluster_2	BO-82Tapyta/BO-82TAPYTA_20250415_194802.wav
11744	1	1			0.0	8000.0		
11745	1	1	34.0	38.0	0.0	8000.0	cluster_2	BO-82Tapyta/BO-82TAPYTA_20250415_190802.wav
11746	1	1			0.0	8000.0		
11747	1	1	2.0	6.0	0.0	8000.0	cluster_2	BO-82Tapyta/BO-82TAPYTA_20250427_211802.wav
11748	1	1			0.0	8000.0		
11749	1	1			0.0	8000.0		
11750	1	1	46.0	50.0	0.0	8000.0	cluster_2	BO-82Tapyta/BO-82TAPYTA_20250426_013602.wav
11751	1	1			0.0	8000.0		
11752	1	1	0.0	4.0	0.0	8000.0	cluster_2	BO-82Tapyta/BO-82TAPYTA_20250426_223502.wav
11753	1	1	20.0	24.0	0.0	8000.0	cluster_2	BO-82Tapyta/BO-82TAPYTA_20250427_033002.wav
11754	1	1	48.0	52.0	0.0	8000.0	cluster_2	BO-82Tapyta/BO-82TAPYTA_20250425_021602.wav
11755	1	1			0.0	8000.0		
11756	1	1			0.0	8000.0		
11757	1	1			0.0	8000.0		
11758	1	1	2.0	6.0	0.0	8000.0	cluster_2	BO-82Tapyta/BO-82TAPYTA_20250411_231802.wav
11759	1	1	12.0	16.0	0.0	8000.0	cluster_2	BO-82Tapyta/BO-82TAPYTA_20250417_005602.wav
11760	1	1	20.0	24.0	0.0	8000.0	cluster_2	BO-82Tapyta/BO-82TAPYTA_20250414_213002.wav
11761	1	1			0.0	8000.0		
11762	1	1			0.0	8000.0		
11763	1	1	46.0	50.0	0.0	8000.0	cluster_2	BO-82Tapyta/BO-82TAPYTA_20250425_014602.wav
11764	1	1			0.0	8000.0		
11765	1	1			0.0	8000.0		
11766	1	1			0.0	8000.0		
11767	1	1			0.0	8000.0		
11768	1	1			0.0	8000.0		
11769	1	1			0.0	8000.0		
11770	1	1	0.0	4.0	0.0	8000.0	cluster_2	BO-82Tapyta/BO-82TAPYTA_20250418_005102.wav
11771	1	1			0.0	8000.0		
11772	1	1	0.0	4.0	0.0	8000.0	cluster_2	BO-82Tapyta/BO-82TAPYTA_20250425_015902.wav
11773	1	1			0.0	8000.0		
11774	1	1			0.0	8000.0		
11775	1	1			0.0	8000.0		
11776	1	1	48.0	52.0	0.0	8000.0	cluster_2	BO-82Tapyta/BO-82TAPYTA_20250425_025002.wav
11777	1	1	50.0	54.0	0.0	8000.0	cluster_2	BO-82Tapyta/BO-82TAPYTA_20250412_002002.wav
11778	1	1			0.0	8000.0		
11779	1	1			0.0	8000.0		
11780	1	1	16.0	20.0	0.0	8000.0	cluster_2	BO-82Tapyta/BO-82TAPYTA_20250427_013302.wav
11781	1	1			0.0	8000.0		
11782	1	1	46.0	50.0	0.0	8000.0	cluster_2	BO-81Tapyta/BO-81TAPYTA_20250415_213202.wav
11783	1	1			0.0	8000.0		
11784	1	1			0.0	8000.0		
11785	1	1	8.0	12.0	0.0	8000.0	cluster_2	BO-82Tapyta/BO-82TAPYTA_20250502_205602.wav
11786	1	1			0.0	8000.0		
11787	1	1			0.0	8000.0		
11788	1	1			0.0	8000.0		
11789	1	1			0.0	8000.0		
11790	1	1			0.0	8000.0		
11791	1	1			0.0	8000.0		
11792	1	1			0.0	8000.0		
11793	1	1			0.0	8000.0		
11794	1	1			0.0	8000.0		
11795	1	1			0.0	8000.0		
11796	1	1			0.0	8000.0		
11797	1	1			0.0	8000.0		
11798	1	1			0.0	8000.0		
11799	1	1			0.0	8000.0		
11800	1	1			0.0	8000.0		
11801	1	1			0.0	8000.0		
11802	1	1			0.0	8000.0		
11803	1	1			0.0	8000.0		
11804	1	1			0.0	8000.0		
11805	1	1	46.0	50.0	0.0	8000.0	cluster_2	BO-82Tapyta/BO-82TAPYTA_20250412_034202.wav
11806	1	1			0.0	8000.0		
11807	1	1			0.0	8000.0		
11808	1	1			0.0	8000.0		
11809	1	1			0.0	8000.0		
11810	1	1			0.0	8000.0		
11811	1	1	50.0	54.0	0.0	8000.0	cluster_2	BO-82Tapyta/BO-82TAPYTA_20250424_211902.wav
11812	1	1			0.0	8000.0		
11813	1	1			0.0	8000.0		
11814	1	1			0.0	8000.0		
11815	1	1	38.0	42.0	0.0	8000.0	cluster_2	BO-82Tapyta/BO-82TAPYTA_20250411_235702.wav
11816	1	1			0.0	8000.0		
11817	1	1			0.0	8000.0		
11818	1	1	22.0	26.0	0.0	8000.0	cluster_2	BO-82Tapyta/BO-82TAPYTA_20250415_230702.wav
11819	1	1			0.0	8000.0		
11820	1	1			0.0	8000.0		
11821	1	1	20.0	24.0	0.0	8000.0	cluster_2	BO-82Tapyta/BO-82TAPYTA_20250417_032802.wav
11822	1	1	22.0	26.0	0.0	8000.0	cluster_2	BO-82Tapyta/BO-82TAPYTA_20250502_203402.wav
11823	1	1			0.0	8000.0		
11824	1	1			0.0	8000.0		
11825	1	1	24.0	28.0	0.0	8000.0	cluster_2	BO-82Tapyta/BO-82TAPYTA_20250412_040002.wav
11826	1	1			0.0	8000.0		
11827	1	1			0.0	8000.0		
11828	1	1			0.0	8000.0		
11829	1	1			0.0	8000.0		
11830	1	1			0.0	8000.0		
11831	1	1	26.0	30.0	0.0	8000.0	cluster_2	BO-82Tapyta/BO-82TAPYTA_20250501_183702.wav
11832	1	1			0.0	8000.0		
11833	1	1	48.0	52.0	0.0	8000.0	cluster_2	BO-82Tapyta/BO-82TAPYTA_20250418_044102.wav
11834	1	1	18.0	22.0	0.0	8000.0	cluster_2	BO-82Tapyta/BO-82TAPYTA_20250411_214002.wav
11835	1	1	26.0	30.0	0.0	8000.0	cluster_2	BO-81Tapyta/BO-81TAPYTA_20250412_030602.wav
11836	1	1			0.0	8000.0		
11837	1	1			0.0	8000.0		
11838	1	1			0.0	8000.0		
11839	1	1			0.0	8000.0		
11840	1	1			0.0	8000.0		
11841	1	1			0.0	8000.0		
11842	1	1			0.0	8000.0		
11843	1	1			0.0	8000.0		
11844	1	1			0.0	8000.0		
11845	1	1			0.0	8000.0		
11846	1	1			0.0	8000.0		
11847	1	1			0.0	8000.0		
11848	1	1			0.0	8000.0		
11849	1	1			0.0	8000.0		
11850	1	1			0.0	8000.0		
11851	1	1			0.0	8000.0		
11852	1	1			0.0	8000.0		
11853	1	1			0.0	8000.0		
11854	1	1			0.0	8000.0		
11855	1	1			0.0	8000.0		
11856	1	1	24.0	28.0	0.0	8000.0	cluster_2	BO-82Tapyta/BO-82TAPYTA_20250427_055002.wav
11857	1	1			0.0	8000.0		
11858	1	1			0.0	8000.0		
11859	1	1	18.0	22.0	0.0	8000.0	cluster_2	BO-81Tapyta/BO-81TAPYTA_20250415_201502.wav
11860	1	1			0.0	8000.0		
11861	1	1			0.0	8000.0		
11862	1	1			0.0	8000.0		
11863	1	1	48.0	52.0	0.0	8000.0	cluster_2	BO-82Tapyta/BO-82TAPYTA_20250411_235002.wav
11864	1	1			0.0	8000.0		
11865	1	1			0.0	8000.0		
11866	1	1	44.0	48.0	0.0	8000.0	cluster_2	BO-82Tapyta/BO-82TAPYTA_20250502_204202.wav
11867	1	1			0.0	8000.0		
11868	1	1			0.0	8000.0		
11869	1	1			0.0	8000.0		
11870	1	1			0.0	8000.0		
11871	1	1	48.0	52.0	0.0	8000.0	cluster_2	BO-82Tapyta/BO-82TAPYTA_20250413_201102.wav
11872	1	1			0.0	8000.0		
11873	1	1			0.0	8000.0		
11874	1	1			0.0	8000.0		
11875	1	1			0.0	8000.0		
11876	1	1			0.0	8000.0		
11877	1	1			0.0	8000.0		
11878	1	1			0.0	8000.0		
11879	1	1			0.0	8000.0		
11880	1	1			0.0	8000.0		
11881	1	1	30.0	34.0	0.0	8000.0	cluster_2	BO-82Tapyta/BO-82TAPYTA_20250416_205802.wav
11882	1	1			0.0	8000.0		
11883	1	1			0.0	8000.0		
11884	1	1	18.0	22.0	0.0	8000.0	cluster_2	BO-82Tapyta/BO-82TAPYTA_20250502_191302.wav
11885	1	1	2.0	6.0	0.0	8000.0	cluster_2	BO-82Tapyta/BO-82TAPYTA_20250411_231502.wav
11886	1	1			0.0	8000.0		
11887	1	1	14.0	18.0	0.0	8000.0	cluster_2	BO-81Tapyta/BO-81TAPYTA_20250415_234102.wav
11888	1	1			0.0	8000.0		
11889	1	1	6.0	10.0	0.0	8000.0	cluster_2	BO-82Tapyta/BO-82TAPYTA_20250416_004102.wav
11890	1	1			0.0	8000.0		
11891	1	1			0.0	8000.0		
11892	1	1	8.0	12.0	0.0	8000.0	cluster_2	BO-82Tapyta/BO-82TAPYTA_20250412_232602.wav
11893	1	1			0.0	8000.0		
11894	1	1			0.0	8000.0		
11895	1	1			0.0	8000.0		
11896	1	1			0.0	8000.0		
11897	1	1	0.0	4.0	0.0	8000.0	cluster_2	BO-82Tapyta/BO-82TAPYTA_20250418_045002.wav
11898	1	1			0.0	8000.0		
11899	1	1			0.0	8000.0		
11900	1	1			0.0	8000.0		
11901	1	1			0.0	8000.0		
11902	1	1	40.0	44.0	0.0	8000.0	cluster_2	BO-82Tapyta/BO-82TAPYTA_20250426_234702.wav
11903	1	1			0.0	8000.0		
11904	1	1			0.0	8000.0		
11905	1	1	44.0	48.0	0.0	8000.0	cluster_2	BO-82Tapyta/BO-82TAPYTA_20250424_233702.wav
11906	1	1			0.0	8000.0		
11907	1	1			0.0	8000.0		
11908	1	1			0.0	8000.0		
11909	1	1			0.0	8000.0		
11910	1	1			0.0	8000.0		
11911	1	1	34.0	38.0	0.0	8000.0	cluster_2	BO-81Tapyta/BO-81TAPYTA_20250416_004802.wav
11912	1	1			0.0	8000.0		
11913	1	1			0.0	8000.0		
11914	1	1			0.0	8000.0		
11915	1	1	36.0	40.0	0.0	8000.0	cluster_2	BO-82Tapyta/BO-82TAPYTA_20250416_223102.wav
11916	1	1			0.0	8000.0		
11917	1	1			0.0	8000.0		
11918	1	1			0.0	8000.0		
11919	1	1			0.0	8000.0		
11920	1	1			0.0	8000.0		
11921	1	1			0.0	8000.0		
11922	1	1			0.0	8000.0		
11923	1	1	2.0	6.0	0.0	8000.0	cluster_2	BO-82Tapyta/BO-82TAPYTA_20250414_193202.wav
11924	1	1			0.0	8000.0		
11925	1	1			0.0	8000.0		
11926	1	1			0.0	8000.0		
11927	1	1			0.0	8000.0		
11928	1	1			0.0	8000.0		
11929	1	1	50.0	54.0	0.0	8000.0	cluster_2	BO-82Tapyta/BO-82TAPYTA_20250416_221902.wav
11930	1	1			0.0	8000.0		
11931	1	1	34.0	38.0	0.0	8000.0	cluster_2	BO-82Tapyta/BO-82TAPYTA_20250416_021502.wav
11932	1	1			0.0	8000.0		
11933	1	1			0.0	8000.0		
11934	1	1			0.0	8000.0		
11935	1	1			0.0	8000.0		
11936	1	1			0.0	8000.0		
11937	1	1			0.0	8000.0		
11938	1	1			0.0	8000.0		
11939	1	1			0.0	8000.0		
11940	1	1			0.0	8000.0		
11941	1	1			0.0	8000.0		
11942	1	1			0.0	8000.0		
11943	1	1			0.0	8000.0		
11944	1	1			0.0	8000.0		
11945	1	1			0.0	8000.0		
11946	1	1			0.0	8000.0		
11947	1	1	38.0	42.0	0.0	8000.0	cluster_2	BO-81Tapyta/BO-81TAPYTA_20250415_214202.wav
11948	1	1			0.0	8000.0		
11949	1	1			0.0	8000.0		
11950	1	1	6.0	10.0	0.0	8000.0	cluster_2	BO-82Tapyta/BO-82TAPYTA_20250427_031202.wav
11951	1	1			0.0	8000.0		
11952	1	1	50.0	54.0	0.0	8000.0	cluster_2	BO-82Tapyta/BO-82TAPYTA_20250426_005302.wav
11953	1	1			0.0	8000.0		
11954	1	1	18.0	22.0	0.0	8000.0	cluster_2	BO-82Tapyta/BO-82TAPYTA_20250427_001702.wav
11955	1	1			0.0	8000.0		
11956	1	1			0.0	8000.0		
11957	1	1			0.0	8000.0		
11958	1	1	22.0	26.0	0.0	8000.0	cluster_2	BO-82Tapyta/BO-82TAPYTA_20250415_192102.wav
11959	1	1			0.0	8000.0		
11960	1	1			0.0	8000.0		
11961	1	1	28.0	32.0	0.0	8000.0	cluster_2	BO-82Tapyta/BO-82TAPYTA_20250426_194102.wav
11962	1	1			0.0	8000.0		
11963	1	1	6.0	10.0	0.0	8000.0	cluster_2	BO-82Tapyta/BO-82TAPYTA_20250426_203202.wav
11964	1	1	10.0	14.0	0.0	8000.0	cluster_2	BO-82Tapyta/BO-82TAPYTA_20250424_195602.wav
11965	1	1			0.0	8000.0		
11966	1	1	26.0	30.0	0.0	8000.0	cluster_2	BO-82Tapyta/BO-82TAPYTA_20250425_011902.wav
11967	1	1			0.0	8000.0		
11968	1	1	44.0	48.0	0.0	8000.0	cluster_2	BO-82Tapyta/BO-82TAPYTA_20250413_223202.wav
11969	1	1			0.0	8000.0		
11970	1	1	10.0	14.0	0.0	8000.0	cluster_2	BO-82Tapyta/BO-82TAPYTA_20250412_043902.wav
11971	1	1			0.0	8000.0		
11972	1	1	8.0	12.0	0.0	8000.0	cluster_2	BO-82Tapyta/BO-82TAPYTA_20250416_231602.wav
11973	1	1			0.0	8000.0		
11974	1	1			0.0	8000.0		
11975	1	1			0.0	8000.0		
11976	1	1			0.0	8000.0		
11977	1	1	46.0	50.0	0.0	8000.0	cluster_2	BO-81Tapyta/BO-81TAPYTA_20250412_034802.wav
11978	1	1			0.0	8000.0		
11979	1	1			0.0	8000.0		
11980	1	1			0.0	8000.0		
11981	1	1			0.0	8000.0		
11982	1	1			0.0	8000.0		
11983	1	1	8.0	12.0	0.0	8000.0	cluster_2	BO-82Tapyta/BO-82TAPYTA_20250427_051702.wav
11984	1	1			0.0	8000.0		
11985	1	1			0.0	8000.0		
11986	1	1			0.0	8000.0		
11987	1	1			0.0	8000.0		
11988	1	1			0.0	8000.0		
11989	1	1	0.0	4.0	0.0	8000.0	cluster_2	BO-82Tapyta/BO-82TAPYTA_20250426_212602.wav
11990	1	1			0.0	8000.0		
11991	1	1			0.0	8000.0		
11992	1	1			0.0	8000.0		
11993	1	1			0.0	8000.0		
11994	1	1	30.0	34.0	0.0	8000.0	cluster_2	BO-82Tapyta/BO-82TAPYTA_20250425_012602.wav
11995	1	1			0.0	8000.0		
11996	1	1			0.0	8000.0		
11997	1	1			0.0	8000.0		
11998	1	1			0.0	8000.0		
11999	1	1	38.0	42.0	0.0	8000.0	cluster_2	BO-82Tapyta/BO-82TAPYTA_20250411_232302.wav
12000	1	1			0.0	8000.0		
12001	1	1			0.0	8000.0		
12002	1	1			0.0	8000.0		
12003	1	1			0.0	8000.0		
12004	1	1			0.0	8000.0		
12005	1	1	0.0	4.0	0.0	8000.0	cluster_2	BO-82Tapyta/BO-82TAPYTA_20250426_222302.wav
12006	1	1	0.0	4.0	0.0	8000.0	cluster_2	BO-82Tapyta/BO-82TAPYTA_20250427_002402.wav
12007	1	1			0.0	8000.0		
12008	1	1			0.0	8000.0		
12009	1	1			0.0	8000.0		
12010	1	1			0.0	8000.0		
12011	1	1			0.0	8000.0		
12012	1	1			0.0	8000.0		
12013	1	1	18.0	22.0	0.0	8000.0	cluster_2	BO-82Tapyta/BO-82TAPYTA_20250415_214102.wav
12014	1	1			0.0	8000.0		
12015	1	1			0.0	8000.0		
12016	1	1			0.0	8000.0		
12017	1	1			0.0	8000.0		
12018	1	1			0.0	8000.0		
12019	1	1			0.0	8000.0		
12020	1	1	4.0	8.0	0.0	8000.0	cluster_2	BO-82Tapyta/BO-82TAPYTA_20250426_222402.wav
12021	1	1			0.0	8000.0		
12022	1	1			0.0	8000.0		
12023	1	1			0.0	8000.0		
12024	1	1			0.0	8000.0		
12025	1	1	30.0	34.0	0.0	8000.0	cluster_2	BO-82Tapyta/BO-82TAPYTA_20250501_180802.wav
12026	1	1			0.0	8000.0		
12027	1	1	52.0	56.0	0.0	8000.0	cluster_2	BO-82Tapyta/BO-82TAPYTA_20250418_012302.wav
12028	1	1			0.0	8000.0		
12029	1	1			0.0	8000.0		
12030	1	1			0.0	8000.0		
12031	1	1	32.0	36.0	0.0	8000.0	cluster_2	BO-82Tapyta/BO-82TAPYTA_20250415_212402.wav
12032	1	1			0.0	8000.0		
12033	1	1	20.0	24.0	0.0	8000.0	cluster_2	BO-82Tapyta/BO-82TAPYTA_20250412_012502.wav
12034	1	1			0.0	8000.0		
12035	1	1	42.0	46.0	0.0	8000.0	cluster_2	BO-82Tapyta/BO-82TAPYTA_20250413_223202.wav
12036	1	1	34.0	38.0	0.0	8000.0	cluster_2	BO-82Tapyta/BO-82TAPYTA_20250427_024402.wav
12037	1	1			0.0	8000.0		
12038	1	1			0.0	8000.0		
12039	1	1			0.0	8000.0		
12040	1	1			0.0	8000.0		
12041	1	1			0.0	8000.0		
12042	1	1			0.0	8000.0		
12043	1	1			0.0	8000.0		
12044	1	1			0.0	8000.0		
12045	1	1			0.0	8000.0		
12046	1	1			0.0	8000.0		
12047	1	1	48.0	52.0	0.0	8000.0	cluster_2	BO-82Tapyta/BO-82TAPYTA_20250414_192902.wav
12048	1	1	38.0	42.0	0.0	8000.0	cluster_2	BO-82Tapyta/BO-82TAPYTA_20250426_195002.wav
12049	1	1			0.0	8000.0		
12050	1	1	28.0	32.0	0.0	8000.0	cluster_2	BO-82Tapyta/BO-82TAPYTA_20250416_055302.wav
12051	1	1			0.0	8000.0		
12052	1	1			0.0	8000.0		
12053	1	1			0.0	8000.0		
12054	1	1			0.0	8000.0		
12055	1	1	20.0	24.0	0.0	8000.0	cluster_2	BO-82Tapyta/BO-82TAPYTA_20250415_223502.wav
12056	1	1			0.0	8000.0		
12057	1	1			0.0	8000.0		
12058	1	1			0.0	8000.0		
12059	1	1			0.0	8000.0		
12060	1	1			0.0	8000.0		
12061	1	1	46.0	50.0	0.0	8000.0	cluster_2	BO-81Tapyta/BO-81TAPYTA_20250411_225302.wav
12062	1	1			0.0	8000.0		
12063	1	1			0.0	8000.0		
12064	1	1	8.0	12.0	0.0	8000.0	cluster_2	BO-82Tapyta/BO-82TAPYTA_20250417_213502.wav
12065	1	1			0.0	8000.0		
12066	1	1			0.0	8000.0		
12067	1	1	2.0	6.0	0.0	8000.0	cluster_2	BO-82Tapyta/BO-82TAPYTA_20250416_025202.wav
12068	1	1	6.0	10.0	0.0	8000.0	cluster_2	BO-82Tapyta/BO-82TAPYTA_20250412_053702.wav
12069	1	1			0.0	8000.0		
12070	1	1			0.0	8000.0		
12071	1	1			0.0	8000.0		
12072	1	1	10.0	14.0	0.0	8000.0	cluster_2	BO-82Tapyta/BO-82TAPYTA_20250417_211002.wav
12073	1	1			0.0	8000.0		
12074	1	1			0.0	8000.0		
12075	1	1	30.0	34.0	0.0	8000.0	cluster_2	BO-82Tapyta/BO-82TAPYTA_20250502_203102.wav
12076	1	1			0.0	8000.0		
12077	1	1			0.0	8000.0		
12078	1	1			0.0	8000.0		
12079	1	1	24.0	28.0	0.0	8000.0	cluster_2	BO-82Tapyta/BO-82TAPYTA_20250414_223102.wav
12080	1	1			0.0	8000.0		
12081	1	1			0.0	8000.0		
12082	1	1			0.0	8000.0		
12083	1	1			0.0	8000.0		
12084	1	1			0.0	8000.0		
12085	1	1			0.0	8000.0		
12086	1	1	36.0	40.0	0.0	8000.0	cluster_2	BO-81Tapyta/BO-81TAPYTA_20250413_214702.wav
12087	1	1			0.0	8000.0		
12088	1	1			0.0	8000.0		
12089	1	1			0.0	8000.0		
12090	1	1			0.0	8000.0		
12091	1	1			0.0	8000.0		
12092	1	1			0.0	8000.0		
12093	1	1			0.0	8000.0		
12094	1	1	40.0	44.0	0.0	8000.0	cluster_2	BO-82Tapyta/BO-82TAPYTA_20250415_205402.wav
12095	1	1			0.0	8000.0		
12096	1	1			0.0	8000.0		
12097	1	1	22.0	26.0	0.0	8000.0	cluster_2	BO-82Tapyta/BO-82TAPYTA_20250418_033802.wav
12098	1	1			0.0	8000.0		
12099	1	1	10.0	14.0	0.0	8000.0	cluster_2	BO-81Tapyta/BO-81TAPYTA_20250412_001502.wav
12100	1	1	28.0	32.0	0.0	8000.0	cluster_2	BO-82Tapyta/BO-82TAPYTA_20250417_214402.wav
12101	1	1			0.0	8000.0		
12102	1	1			0.0	8000.0		
12103	1	1			0.0	8000.0		
12104	1	1			0.0	8000.0		
12105	1	1			0.0	8000.0		
12106	1	1			0.0	8000.0		
12107	1	1			0.0	8000.0		
12108	1	1			0.0	8000.0		
12109	1	1			0.0	8000.0		
12110	1	1			0.0	8000.0		
12111	1	1			0.0	8000.0		
12112	1	1			0.0	8000.0		
12113	1	1			0.0	8000.0		
12114	1	1			0.0	8000.0		
12115	1	1			0.0	8000.0		
12116	1	1			0.0	8000.0		
12117	1	1	4.0	8.0	0.0	8000.0	cluster_2	BO-82Tapyta/BO-82TAPYTA_20250417_193402.wav
12118	1	1			0.0	8000.0		
12119	1	1			0.0	8000.0		
12120	1	1			0.0	8000.0		
12121	1	1			0.0	8000.0		
12122	1	1	28.0	32.0	0.0	8000.0	cluster_2	BO-82Tapyta/BO-82TAPYTA_20250427_025002.wav
12123	1	1			0.0	8000.0		
12124	1	1			0.0	8000.0		
12125	1	1			0.0	8000.0		
12126	1	1			0.0	8000.0		
12127	1	1			0.0	8000.0		
12128	1	1			0.0	8000.0		
12129	1	1	22.0	26.0	0.0	8000.0	cluster_2	BO-82Tapyta/BO-82TAPYTA_20250427_204702.wav
12130	1	1			0.0	8000.0		
12131	1	1			0.0	8000.0		
12132	1	1			0.0	8000.0		
12133	1	1			0.0	8000.0		
12134	1	1			0.0	8000.0		
12135	1	1			0.0	8000.0		
12136	1	1			0.0	8000.0		
12137	1	1			0.0	8000.0		
12138	1	1	8.0	12.0	0.0	8000.0	cluster_2	BO-82Tapyta/BO-82TAPYTA_20250424_221602.wav
12139	1	1			0.0	8000.0		
12140	1	1			0.0	8000.0		
12141	1	1			0.0	8000.0		
12142	1	1			0.0	8000.0		
12143	1	1			0.0	8000.0		
12144	1	1			0.0	8000.0		
12145	1	1			0.0	8000.0		
12146	1	1			0.0	8000.0		
12147	1	1			0.0	8000.0		
12148	1	1			0.0	8000.0		
12149	1	1	48.0	52.0	0.0	8000.0	cluster_2	BO-82Tapyta/BO-82TAPYTA_20250416_221202.wav
12150	1	1			0.0	8000.0		
12151	1	1			0.0	8000.0		
12152	1	1			0.0	8000.0		
12153	1	1	48.0	52.0	0.0	8000.0	cluster_2	BO-82Tapyta/BO-82TAPYTA_20250414_212702.wav
12154	1	1	26.0	30.0	0.0	8000.0	cluster_2	BO-82Tapyta/BO-82TAPYTA_20250424_230502.wav
12155	1	1	24.0	28.0	0.0	8000.0	cluster_2	BO-82Tapyta/BO-82TAPYTA_20250427_031802.wav
12156	1	1			0.0	8000.0		
12157	1	1			0.0	8000.0		
12158	1	1			0.0	8000.0		
12159	1	1			0.0	8000.0		
12160	1	1			0.0	8000.0		
12161	1	1			0.0	8000.0		
12162	1	1	50.0	54.0	0.0	8000.0	cluster_2	BO-82Tapyta/BO-82TAPYTA_20250415_223802.wav
12163	1	1			0.0	8000.0		
12164	1	1			0.0	8000.0		
12165	1	1			0.0	8000.0		
12166	1	1			0.0	8000.0		
12167	1	1	24.0	28.0	0.0	8000.0	cluster_2	BO-82Tapyta/BO-82TAPYTA_20250417_200502.wav
12168	1	1	30.0	34.0	0.0	8000.0	cluster_2	BO-82Tapyta/BO-82TAPYTA_20250425_202202.wav
12169	1	1	0.0	4.0	0.0	8000.0	cluster_2	BO-82Tapyta/BO-82TAPYTA_20250427_022402.wav
12170	1	1			0.0	8000.0		
12171	1	1			0.0	8000.0		
12172	1	1	14.0	18.0	0.0	8000.0	cluster_2	BO-81Tapyta/BO-81TAPYTA_20250416_055902.wav
12173	1	1			0.0	8000.0		
12174	1	1			0.0	8000.0		
12175	1	1			0.0	8000.0		
12176	1	1			0.0	8000.0		
12177	1	1			0.0	8000.0		
12178	1	1			0.0	8000.0		
12179	1	1			0.0	8000.0		
12180	1	1			0.0	8000.0		
12181	1	1	42.0	46.0	0.0	8000.0	cluster_2	BO-82Tapyta/BO-82TAPYTA_20250416_230702.wav
12182	1	1	22.0	26.0	0.0	8000.0	cluster_2	BO-82Tapyta/BO-82TAPYTA_20250425_014202.wav
12183	1	1			0.0	8000.0		
12184	1	1			0.0	8000.0		
12185	1	1			0.0	8000.0		
12186	1	1			0.0	8000.0		
12187	1	1			0.0	8000.0		
12188	1	1			0.0	8000.0		
12189	1	1	8.0	12.0	0.0	8000.0	cluster_2	BO-82Tapyta/BO-82TAPYTA_20250411_213102.wav
12190	1	1			0.0	8000.0		
12191	1	1			0.0	8000.0		
12192	1	1			0.0	8000.0		
12193	1	1			0.0	8000.0		
12194	1	1	20.0	24.0	0.0	8000.0	cluster_2	BO-81Tapyta/BO-81TAPYTA_20250411_213802.wav
12195	1	1			0.0	8000.0		
12196	1	1	16.0	20.0	0.0	8000.0	cluster_2	BO-82Tapyta/BO-82TAPYTA_20250427_232102.wav
12197	1	1			0.0	8000.0		
12198	1	1	40.0	44.0	0.0	8000.0	cluster_2	BO-82Tapyta/BO-82TAPYTA_20250427_053202.wav
12199	1	1	16.0	20.0	0.0	8000.0	cluster_2	BO-82Tapyta/BO-82TAPYTA_20250417_005402.wav
12200	1	1	18.0	22.0	0.0	8000.0	cluster_2	BO-82Tapyta/BO-82TAPYTA_20250426_040702.wav
12201	1	1			0.0	8000.0		
12202	1	1	14.0	18.0	0.0	8000.0	cluster_2	BO-82Tapyta/BO-82TAPYTA_20250427_024802.wav
12203	1	1	12.0	16.0	0.0	8000.0	cluster_2	BO-82Tapyta/BO-82TAPYTA_20250502_203902.wav
12204	1	1			0.0	8000.0		
12205	1	1			0.0	8000.0		
12206	1	1			0.0	8000.0		
12207	1	1			0.0	8000.0		
12208	1	1			0.0	8000.0		
12209	1	1	44.0	48.0	0.0	8000.0	cluster_2	BO-82Tapyta/BO-82TAPYTA_20250416_000502.wav
12210	1	1			0.0	8000.0		
12211	1	1	40.0	44.0	0.0	8000.0	cluster_2	BO-81Tapyta/BO-81TAPYTA_20250412_023002.wav
12212	1	1			0.0	8000.0		
12213	1	1			0.0	8000.0		
12214	1	1	12.0	16.0	0.0	8000.0	cluster_2	BO-82Tapyta/BO-82TAPYTA_20250416_020402.wav
12215	1	1			0.0	8000.0		
12216	1	1	32.0	36.0	0.0	8000.0	cluster_2	BO-82Tapyta/BO-82TAPYTA_20250427_040902.wav
12217	1	1			0.0	8000.0		
12218	1	1	0.0	4.0	0.0	8000.0	cluster_2	BO-82Tapyta/BO-82TAPYTA_20250417_023402.wav
12219	1	1			0.0	8000.0		
12220	1	1			0.0	8000.0		
12221	1	1			0.0	8000.0		
12222	1	1	18.0	22.0	0.0	8000.0	cluster_2	BO-82Tapyta/BO-82TAPYTA_20250424_201902.wav
12223	1	1			0.0	8000.0		
12224	1	1			0.0	8000.0		
12225	1	1			0.0	8000.0		
12226	1	1			0.0	8000.0		
12227	1	1	36.0	40.0	0.0	8000.0	cluster_2	BO-82Tapyta/BO-82TAPYTA_20250427_025602.wav
12228	1	1			0.0	8000.0		
12229	1	1			0.0	8000.0		
12230	1	1			0.0	8000.0		
12231	1	1	52.0	56.0	0.0	8000.0	cluster_2	BO-82Tapyta/BO-82TAPYTA_20250418_024902.wav
12232	1	1			0.0	8000.0		
12233	1	1			0.0	8000.0		
12234	1	1			0.0	8000.0		
12235	1	1			0.0	8000.0		
12236	1	1			0.0	8000.0		
12237	1	1			0.0	8000.0		
12238	1	1			0.0	8000.0		
12239	1	1			0.0	8000.0		
12240	1	1	30.0	34.0	0.0	8000.0	cluster_2	BO-82Tapyta/BO-82TAPYTA_20250425_023902.wav
12241	1	1			0.0	8000.0		
12242	1	1			0.0	8000.0		
12243	1	1			0.0	8000.0		
12244	1	1			0.0	8000.0		
12245	1	1			0.0	8000.0		
12246	1	1			0.0	8000.0		
12247	1	1			0.0	8000.0		
12248	1	1			0.0	8000.0		
12249	1	1			0.0	8000.0		
12250	1	1			0.0	8000.0		
12251	1	1			0.0	8000.0		
12252	1	1			0.0	8000.0		
12253	1	1	2.0	6.0	0.0	8000.0	cluster_2	BO-82Tapyta/BO-82TAPYTA_20250413_221502.wav
12254	1	1			0.0	8000.0		
12255	1	1			0.0	8000.0		
12256	1	1			0.0	8000.0		
12257	1	1			0.0	8000.0		
12258	1	1			0.0	8000.0		
12259	1	1			0.0	8000.0		
12260	1	1			0.0	8000.0		
12261	1	1	4.0	8.0	0.0	8000.0	cluster_2	BO-81Tapyta/BO-81TAPYTA_20250412_045402.wav
12262	1	1			0.0	8000.0		
12263	1	1			0.0	8000.0		
12264	1	1			0.0	8000.0		
12265	1	1			0.0	8000.0		
12266	1	1			0.0	8000.0		
12267	1	1			0.0	8000.0		
12268	1	1	18.0	22.0	0.0	8000.0	cluster_2	BO-82Tapyta/BO-82TAPYTA_20250424_213102.wav
12269	1	1			0.0	8000.0		
12270	1	1			0.0	8000.0		
12271	1	1			0.0	8000.0		
12272	1	1			0.0	8000.0		
12273	1	1			0.0	8000.0		
12274	1	1			0.0	8000.0		
12275	1	1			0.0	8000.0		
12276	1	1	16.0	20.0	0.0	8000.0	cluster_2	BO-82Tapyta/BO-82TAPYTA_20250427_231302.wav
12277	1	1			0.0	8000.0		
12278	1	1			0.0	8000.0		
12279	1	1			0.0	8000.0		
12280	1	1	36.0	40.0	0.0	8000.0	cluster_2	BO-81Tapyta/BO-81TAPYTA_20250415_233602.wav
12281	1	1			0.0	8000.0		
12282	1	1			0.0	8000.0		
12283	1	1	10.0	14.0	0.0	8000.0	cluster_2	BO-82Tapyta/BO-82TAPYTA_20250416_012102.wav
12284	1	1			0.0	8000.0		
12285	1	1			0.0	8000.0		
12286	1	1			0.0	8000.0		
12287	1	1	2.0	6.0	0.0	8000.0	cluster_2	BO-82Tapyta/BO-82TAPYTA_20250426_200502.wav
12288	1	1			0.0	8000.0		
12289	1	1			0.0	8000.0		
12290	1	1			0.0	8000.0		
12291	1	1			0.0	8000.0		
12292	1	1	12.0	16.0	0.0	8000.0	cluster_2	BO-81Tapyta/BO-81TAPYTA_20250414_212102.wav
12293	1	1			0.0	8000.0		
12294	1	1			0.0	8000.0		
12295	1	1			0.0	8000.0		
12296	1	1			0.0	8000.0		
12297	1	1			0.0	8000.0		
12298	1	1			0.0	8000.0		
12299	1	1			0.0	8000.0		
12300	1	1			0.0	8000.0		
12301	1	1			0.0	8000.0		
12302	1	1	48.0	52.0	0.0	8000.0	cluster_2	BO-82Tapyta/BO-82TAPYTA_20250411_221002.wav
12303	1	1			0.0	8000.0		
12304	1	1			0.0	8000.0		
12305	1	1	34.0	38.0	0.0	8000.0	cluster_2	BO-82Tapyta/BO-82TAPYTA_20250501_182302.wav
12306	1	1			0.0	8000.0		
12307	1	1			0.0	8000.0		
12308	1	1			0.0	8000.0		
12309	1	1			0.0	8000.0		
12310	1	1			0.0	8000.0		
12311	1	1			0.0	8000.0		
12312	1	1			0.0	8000.0		
12313	1	1	2.0	6.0	0.0	8000.0	cluster_2	BO-82Tapyta/BO-82TAPYTA_20250417_210002.wav
12314	1	1			0.0	8000.0		
12315	1	1			0.0	8000.0		
12316	1	1	8.0	12.0	0.0	8000.0	cluster_2	BO-82Tapyta/BO-82TAPYTA_20250412_002402.wav
12317	1	1	26.0	30.0	0.0	8000.0	cluster_2	BO-82Tapyta/BO-82TAPYTA_20250425_001302.wav
12318	1	1			0.0	8000.0		
12319	1	1			0.0	8000.0		
12320	1	1	2.0	6.0	0.0	8000.0	cluster_2	BO-81Tapyta/BO-81TAPYTA_20250412_042802.wav
12321	1	1			0.0	8000.0		
12322	1	1			0.0	8000.0		
12323	1	1			0.0	8000.0		
12324	1	1			0.0	8000.0		
12325	1	1	46.0	50.0	0.0	8000.0	cluster_2	BO-82Tapyta/BO-82TAPYTA_20250427_002302.wav
12326	1	1			0.0	8000.0		
12327	1	1			0.0	8000.0		
12328	1	1			0.0	8000.0		
12329	1	1			0.0	8000.0		
12330	1	1			0.0	8000.0		
12331	1	1			0.0	8000.0		
12332	1	1	40.0	44.0	0.0	8000.0	cluster_2	BO-82Tapyta/BO-82TAPYTA_20250424_004302.wav
12333	1	1			0.0	8000.0		
12334	1	1			0.0	8000.0		
12335	1	1			0.0	8000.0		
12336	1	1			0.0	8000.0		
12337	1	1			0.0	8000.0		
12338	1	1			0.0	8000.0		
12339	1	1			0.0	8000.0		
12340	1	1	40.0	44.0	0.0	8000.0	cluster_2	BO-81Tapyta/BO-81TAPYTA_20250411_225502.wav
12341	1	1			0.0	8000.0		
12342	1	1			0.0	8000.0		
12343	1	1			0.0	8000.0		
12344	1	1			0.0	8000.0		
12345	1	1	34.0	38.0	0.0	8000.0	cluster_2	BO-82Tapyta/BO-82TAPYTA_20250414_202102.wav
12346	1	1	32.0	36.0	0.0	8000.0	cluster_2	BO-82Tapyta/BO-82TAPYTA_20250424_235802.wav
12347	1	1	42.0	46.0	0.0	8000.0	cluster_2	BO-82Tapyta/BO-82TAPYTA_20250425_194502.wav
12348	1	1			0.0	8000.0		
12349	1	1			0.0	8000.0		
12350	1	1			0.0	8000.0		
12351	1	1			0.0	8000.0		
12352	1	1	44.0	48.0	0.0	8000.0	cluster_2	BO-81Tapyta/BO-81TAPYTA_20250416_022602.wav
12353	1	1			0.0	8000.0		
12354	1	1	10.0	14.0	0.0	8000.0	cluster_2	BO-82Tapyta/BO-82TAPYTA_20250424_001902.wav
12355	1	1			0.0	8000.0		
12356	1	1	38.0	42.0	0.0	8000.0	cluster_2	BO-82Tapyta/BO-82TAPYTA_20250426_052302.wav
12357	1	1	16.0	20.0	0.0	8000.0	cluster_2	BO-82Tapyta/BO-82TAPYTA_20250502_204102.wav
12358	1	1	10.0	14.0	0.0	8000.0	cluster_2	BO-82Tapyta/BO-82TAPYTA_20250415_191402.wav
12359	1	1			0.0	8000.0		
12360	1	1			0.0	8000.0		
12361	1	1			0.0	8000.0		
12362	1	1	12.0	16.0	0.0	8000.0	cluster_2	BO-82Tapyta/BO-82TAPYTA_20250424_192602.wav
12363	1	1			0.0	8000.0		
12364	1	1	20.0	24.0	0.0	8000.0	cluster_2	BO-82Tapyta/BO-82TAPYTA_20250412_001002.wav
12365	1	1			0.0	8000.0		
12366	1	1	4.0	8.0	0.0	8000.0	cluster_2	BO-81Tapyta/BO-81TAPYTA_20250411_225302.wav
12367	1	1			0.0	8000.0		
12368	1	1			0.0	8000.0		
12369	1	1			0.0	8000.0		
12370	1	1			0.0	8000.0		
12371	1	1			0.0	8000.0		
12372	1	1			0.0	8000.0		
12373	1	1			0.0	8000.0		
12374	1	1			0.0	8000.0		
12375	1	1			0.0	8000.0		
12376	1	1			0.0	8000.0		
12377	1	1			0.0	8000.0		
12378	1	1			0.0	8000.0		
12379	1	1	14.0	18.0	0.0	8000.0	cluster_2	BO-82Tapyta/BO-82TAPYTA_20250417_014402.wav
12380	1	1			0.0	8000.0		
12381	1	1			0.0	8000.0		
12382	1	1			0.0	8000.0		
12383	1	1			0.0	8000.0		
12384	1	1	40.0	44.0	0.0	8000.0	cluster_2	BO-82Tapyta/BO-82TAPYTA_20250415_205802.wav
12385	1	1	6.0	10.0	0.0	8000.0	cluster_2	BO-82Tapyta/BO-82TAPYTA_20250416_041502.wav
12386	1	1			0.0	8000.0		
12387	1	1			0.0	8000.0		
12388	1	1			0.0	8000.0		
12389	1	1			0.0	8000.0		
12390	1	1			0.0	8000.0		
12391	1	1			0.0	8000.0		
12392	1	1	50.0	54.0	0.0	8000.0	cluster_2	BO-82Tapyta/BO-82TAPYTA_20250415_055902.wav
12393	1	1			0.0	8000.0		
12394	1	1			0.0	8000.0		
12395	1	1	16.0	20.0	0.0	8000.0	cluster_2	BO-82Tapyta/BO-82TAPYTA_20250427_012402.wav
12396	1	1			0.0	8000.0		
12397	1	1	0.0	4.0	0.0	8000.0	cluster_2	BO-82Tapyta/BO-82TAPYTA_20250416_195402.wav
12398	1	1			0.0	8000.0		
12399	1	1			0.0	8000.0		
12400	1	1			0.0	8000.0		
12401	1	1			0.0	8000.0		
12402	1	1			0.0	8000.0		
12403	1	1	28.0	32.0	0.0	8000.0	cluster_2	BO-82Tapyta/BO-82TAPYTA_20250413_195002.wav
12404	1	1			0.0	8000.0		
12405	1	1			0.0	8000.0		
12406	1	1	24.0	28.0	0.0	8000.0	cluster_2	BO-82Tapyta/BO-82TAPYTA_20250417_194402.wav
12407	1	1	50.0	54.0	0.0	8000.0	cluster_2	BO-81Tapyta/BO-81TAPYTA_20250415_235302.wav
12408	1	1			0.0	8000.0		
12409	1	1			0.0	8000.0		
12410	1	1			0.0	8000.0		
12411	1	1			0.0	8000.0		
12412	1	1			0.0	8000.0		
12413	1	1			0.0	8000.0		
12414	1	1	30.0	34.0	0.0	8000.0	cluster_2	BO-82Tapyta/BO-82TAPYTA_20250417_033802.wav
12415	1	1			0.0	8000.0		
12416	1	1			0.0	8000.0		
12417	1	1			0.0	8000.0		
12418	1	1			0.0	8000.0		
12419	1	1			0.0	8000.0		
12420	1	1	0.0	4.0	0.0	8000.0	cluster_2	BO-82Tapyta/BO-82TAPYTA_20250417_235902.wav
12421	1	1	18.0	22.0	0.0	8000.0	cluster_2	BO-82Tapyta/BO-82TAPYTA_20250412_042302.wav
12422	1	1			0.0	8000.0		
12423	1	1			0.0	8000.0		
12424	1	1			0.0	8000.0		
12425	1	1			0.0	8000.0		
12426	1	1	34.0	38.0	0.0	8000.0	cluster_2	BO-82Tapyta/BO-82TAPYTA_20250427_020702.wav
12427	1	1			0.0	8000.0		
12428	1	1			0.0	8000.0		
12429	1	1	32.0	36.0	0.0	8000.0	cluster_2	BO-82Tapyta/BO-82TAPYTA_20250416_013402.wav
12430	1	1			0.0	8000.0		
12431	1	1	18.0	22.0	0.0	8000.0	cluster_2	BO-81Tapyta/BO-81TAPYTA_20250415_191902.wav
12432	1	1			0.0	8000.0		
12433	1	1			0.0	8000.0		
12434	1	1			0.0	8000.0		
12435	1	1			0.0	8000.0		
12436	1	1			0.0	8000.0		
12437	1	1			0.0	8000.0		
12438	1	1	34.0	38.0	0.0	8000.0	cluster_2	BO-82Tapyta/BO-82TAPYTA_20250418_034502.wav
12439	1	1			0.0	8000.0		
12440	1	1			0.0	8000.0		
12441	1	1			0.0	8000.0		
12442	1	1			0.0	8000.0		
12443	1	1			0.0	8000.0		
12444	1	1	48.0	52.0	0.0	8000.0	cluster_2	BO-81Tapyta/BO-81TAPYTA_20250412_014302.wav
12445	1	1			0.0	8000.0		
12446	1	1			0.0	8000.0		
12447	1	1	16.0	20.0	0.0	8000.0	cluster_2	BO-82Tapyta/BO-82TAPYTA_20250426_055502.wav
12448	1	1			0.0	8000.0		
12449	1	1			0.0	8000.0		
12450	1	1			0.0	8000.0		
12451	1	1	6.0	10.0	0.0	8000.0	cluster_2	BO-82Tapyta/BO-82TAPYTA_20250424_225502.wav
12452	1	1	10.0	14.0	0.0	8000.0	cluster_2	BO-82Tapyta/BO-82TAPYTA_20250416_052602.wav
12453	1	1			0.0	8000.0		
12454	1	1			0.0	8000.0		
12455	1	1	14.0	18.0	0.0	8000.0	cluster_2	BO-82Tapyta/BO-82TAPYTA_20250424_195902.wav
12456	1	1			0.0	8000.0		
12457	1	1	52.0	56.0	0.0	8000.0	cluster_2	BO-82Tapyta/BO-82TAPYTA_20250424_203602.wav
12458	1	1			0.0	8000.0		
12459	1	1			0.0	8000.0		
12460	1	1			0.0	8000.0		
12461	1	1			0.0	8000.0		
12462	1	1	12.0	16.0	0.0	8000.0	cluster_2	BO-82Tapyta/BO-82TAPYTA_20250426_205602.wav
12463	1	1			0.0	8000.0		
12464	1	1			0.0	8000.0		
12465	1	1			0.0	8000.0		
12466	1	1			0.0	8000.0		
12467	1	1			0.0	8000.0		
12468	1	1	48.0	52.0	0.0	8000.0	cluster_2	BO-81Tapyta/BO-81TAPYTA_20250411_221002.wav
12469	1	1			0.0	8000.0		
12470	1	1			0.0	8000.0		
12471	1	1			0.0	8000.0		
12472	1	1			0.0	8000.0		
12473	1	1			0.0	8000.0		
12474	1	1	6.0	10.0	0.0	8000.0	cluster_2	BO-81Tapyta/BO-81TAPYTA_20250413_222802.wav
12475	1	1			0.0	8000.0		
12476	1	1			0.0	8000.0		
12477	1	1	38.0	42.0	0.0	8000.0	cluster_2	BO-82Tapyta/BO-82TAPYTA_20250426_012002.wav
12478	1	1			0.0	8000.0		
12479	1	1			0.0	8000.0		
12480	1	1			0.0	8000.0		
12481	1	1			0.0	8000.0		
12482	1	1			0.0	8000.0		
12483	1	1	36.0	40.0	0.0	8000.0	cluster_2	BO-82Tapyta/BO-82TAPYTA_20250502_214902.wav
12484	1	1			0.0	8000.0		
12485	1	1	30.0	34.0	0.0	8000.0	cluster_2	BO-82Tapyta/BO-82TAPYTA_20250417_003302.wav
12486	1	1			0.0	8000.0		
12487	1	1			0.0	8000.0		
12488	1	1			0.0	8000.0		
12489	1	1			0.0	8000.0		
12490	1	1			0.0	8000.0		
12491	1	1			0.0	8000.0		
12492	1	1	12.0	16.0	0.0	8000.0	cluster_2	BO-81Tapyta/BO-81TAPYTA_20250415_235902.wav
12493	1	1			0.0	8000.0		
12494	1	1			0.0	8000.0		
12495	1	1			0.0	8000.0		
12496	1	1			0.0	8000.0		
12497	1	1			0.0	8000.0		
12498	1	1			0.0	8000.0		
12499	1	1			0.0	8000.0		
12500	1	1			0.0	8000.0		
12501	1	1			0.0	8000.0		
12502	1	1			0.0	8000.0		
12503	1	1	44.0	48.0	0.0	8000.0	cluster_2	BO-82Tapyta/BO-82TAPYTA_20250424_223402.wav
12504	1	1			0.0	8000.0		
12505	1	1			0.0	8000.0		
12506	1	1			0.0	8000.0		
12507	1	1			0.0	8000.0		
12508	1	1			0.0	8000.0		
12509	1	1			0.0	8000.0		
12510	1	1			0.0	8000.0		
12511	1	1	10.0	14.0	0.0	8000.0	cluster_2	BO-82Tapyta/BO-82TAPYTA_20250412_054502.wav
12512	1	1			0.0	8000.0		
12513	1	1			0.0	8000.0		
12514	1	1	30.0	34.0	0.0	8000.0	cluster_2	BO-82Tapyta/BO-82TAPYTA_20250427_222902.wav
12515	1	1			0.0	8000.0		
12516	1	1	24.0	28.0	0.0	8000.0	cluster_2	BO-82Tapyta/BO-82TAPYTA_20250427_040302.wav
12517	1	1	24.0	28.0	0.0	8000.0	cluster_2	BO-82Tapyta/BO-82TAPYTA_20250416_202202.wav
12518	1	1			0.0	8000.0		
12519	1	1	40.0	44.0	0.0	8000.0	cluster_2	BO-81Tapyta/BO-81TAPYTA_20250415_205602.wav
12520	1	1			0.0	8000.0		
12521	1	1	2.0	6.0	0.0	8000.0	cluster_2	BO-82Tapyta/BO-82TAPYTA_20250427_013702.wav
12522	1	1			0.0	8000.0		
12523	1	1			0.0	8000.0		
12524	1	1			0.0	8000.0		
12525	1	1			0.0	8000.0		
12526	1	1			0.0	8000.0		
12527	1	1			0.0	8000.0		
12528	1	1			0.0	8000.0		
12529	1	1			0.0	8000.0		
12530	1	1			0.0	8000.0		
12531	1	1			0.0	8000.0		
12532	1	1			0.0	8000.0		
12533	1	1			0.0	8000.0		
12534	1	1	2.0	6.0	0.0	8000.0	cluster_2	BO-82Tapyta/BO-82TAPYTA_20250426_203002.wav
12535	1	1			0.0	8000.0		
12536	1	1			0.0	8000.0		
12537	1	1			0.0	8000.0		
12538	1	1			0.0	8000.0		
12539	1	1			0.0	8000.0		
12540	1	1			0.0	8000.0		
12541	1	1	10.0	14.0	0.0	8000.0	cluster_2	BO-82Tapyta/BO-82TAPYTA_20250424_220702.wav
12542	1	1			0.0	8000.0		
12543	1	1	40.0	44.0	0.0	8000.0	cluster_2	BO-82Tapyta/BO-82TAPYTA_20250427_231802.wav
12544	1	1			0.0	8000.0		
12545	1	1			0.0	8000.0		
12546	1	1	32.0	36.0	0.0	8000.0	cluster_2	BO-82Tapyta/BO-82TAPYTA_20250417_002802.wav
12547	1	1	8.0	12.0	0.0	8000.0	cluster_2	BO-82Tapyta/BO-82TAPYTA_20250415_204602.wav
12548	1	1			0.0	8000.0		
12549	1	1			0.0	8000.0		
12550	1	1			0.0	8000.0		
12551	1	1	20.0	24.0	0.0	8000.0	cluster_2	BO-82Tapyta/BO-82TAPYTA_20250426_232302.wav
12552	1	1	26.0	30.0	0.0	8000.0	cluster_2	BO-82Tapyta/BO-82TAPYTA_20250426_041502.wav
12553	1	1	8.0	12.0	0.0	8000.0	cluster_2	BO-82Tapyta/BO-82TAPYTA_20250427_200802.wav
12554	1	1			0.0	8000.0		
12555	1	1			0.0	8000.0		
12556	1	1			0.0	8000.0		
12557	1	1			0.0	8000.0		
12558	1	1			0.0	8000.0		
12559	1	1	20.0	24.0	0.0	8000.0	cluster_2	BO-82Tapyta/BO-82TAPYTA_20250425_003202.wav
12560	1	1	18.0	22.0	0.0	8000.0	cluster_2	BO-82Tapyta/BO-82TAPYTA_20250416_050302.wav
12561	1	1			0.0	8000.0		
12562	1	1			0.0	8000.0		
12563	1	1			0.0	8000.0		
12564	1	1			0.0	8000.0		
12565	1	1			0.0	8000.0		
12566	1	1			0.0	8000.0		
12567	1	1			0.0	8000.0		
12568	1	1			0.0	8000.0		
12569	1	1			0.0	8000.0		
12570	1	1			0.0	8000.0		
12571	1	1			0.0	8000.0		
12572	1	1			0.0	8000.0		
12573	1	1			0.0	8000.0		
12574	1	1	14.0	18.0	0.0	8000.0	cluster_2	BO-82Tapyta/BO-82TAPYTA_20250416_021602.wav
12575	1	1	50.0	54.0	0.0	8000.0	cluster_2	BO-82Tapyta/BO-82TAPYTA_20250417_233702.wav
12576	1	1	38.0	42.0	0.0	8000.0	cluster_2	BO-82Tapyta/BO-82TAPYTA_20250425_014402.wav
12577	1	1			0.0	8000.0		
12578	1	1			0.0	8000.0		
12579	1	1			0.0	8000.0		
12580	1	1			0.0	8000.0		
12581	1	1			0.0	8000.0		
12582	1	1			0.0	8000.0		
12583	1	1			0.0	8000.0		
12584	1	1	18.0	22.0	0.0	8000.0	cluster_2	BO-82Tapyta/BO-82TAPYTA_20250411_205102.wav
12585	1	1			0.0	8000.0		
12586	1	1			0.0	8000.0		
12587	1	1			0.0	8000.0		
12588	1	1			0.0	8000.0		
12589	1	1			0.0	8000.0		
12590	1	1			0.0	8000.0		
12591	1	1			0.0	8000.0		
12592	1	1			0.0	8000.0		
12593	1	1	36.0	40.0	0.0	8000.0	cluster_2	BO-82Tapyta/BO-82TAPYTA_20250426_235002.wav
12594	1	1	6.0	10.0	0.0	8000.0	cluster_2	BO-82Tapyta/BO-82TAPYTA_20250417_212502.wav
12595	1	1			0.0	8000.0		
12596	1	1			0.0	8000.0		
12597	1	1	14.0	18.0	0.0	8000.0	cluster_2	BO-82Tapyta/BO-82TAPYTA_20250417_220302.wav
12598	1	1			0.0	8000.0		
12599	1	1			0.0	8000.0		
12600	1	1			0.0	8000.0		
12601	1	1			0.0	8000.0		
12602	1	1			0.0	8000.0		
12603	1	1	44.0	48.0	0.0	8000.0	cluster_2	BO-82Tapyta/BO-82TAPYTA_20250411_222202.wav
12604	1	1			0.0	8000.0		
12605	1	1			0.0	8000.0		
12606	1	1			0.0	8000.0		
12607	1	1			0.0	8000.0		
12608	1	1	16.0	20.0	0.0	8000.0	cluster_2	BO-82Tapyta/BO-82TAPYTA_20250416_220402.wav
12609	1	1			0.0	8000.0		
12610	1	1	44.0	48.0	0.0	8000.0	cluster_2	BO-81Tapyta/BO-81TAPYTA_20250416_004302.wav
12611	1	1			0.0	8000.0		
12612	1	1			0.0	8000.0		
12613	1	1			0.0	8000.0		
12614	1	1			0.0	8000.0		
12615	1	1	44.0	48.0	0.0	8000.0	cluster_2	BO-82Tapyta/BO-82TAPYTA_20250426_034402.wav
12616	1	1	18.0	22.0	0.0	8000.0	cluster_2	BO-82Tapyta/BO-82TAPYTA_20250425_194602.wav
12617	1	1			0.0	8000.0		
12618	1	1			0.0	8000.0		
12619	1	1			0.0	8000.0		
12620	1	1			0.0	8000.0		
12621	1	1			0.0	8000.0		
12622	1	1			0.0	8000.0		
12623	1	1			0.0	8000.0		
12624	1	1	10.0	14.0	0.0	8000.0	cluster_2	BO-81Tapyta/BO-81TAPYTA_20250412_005902.wav
12625	1	1			0.0	8000.0		
12626	1	1	2.0	6.0	0.0	8000.0	cluster_2	BO-82Tapyta/BO-82TAPYTA_20250417_221402.wav
12627	1	1			0.0	8000.0		
12628	1	1	16.0	20.0	0.0	8000.0	cluster_2	BO-82Tapyta/BO-82TAPYTA_20250412_010302.wav
12629	1	1	16.0	20.0	0.0	8000.0	cluster_2	BO-82Tapyta/BO-82TAPYTA_20250425_025702.wav
12630	1	1			0.0	8000.0		
12631	1	1	50.0	54.0	0.0	8000.0	cluster_2	BO-81Tapyta/BO-81TAPYTA_20250416_005202.wav
12632	1	1			0.0	8000.0		
12633	1	1	38.0	42.0	0.0	8000.0	cluster_2	BO-82Tapyta/BO-82TAPYTA_20250412_011602.wav
12634	1	1	44.0	48.0	0.0	8000.0	cluster_2	BO-82Tapyta/BO-82TAPYTA_20250417_024102.wav
12635	1	1			0.0	8000.0		
12636	1	1			0.0	8000.0		
12637	1	1			0.0	8000.0		
12638	1	1	10.0	14.0	0.0	8000.0	cluster_2	BO-81Tapyta/BO-81TAPYTA_20250412_015802.wav
12639	1	1	6.0	10.0	0.0	8000.0	cluster_2	BO-82Tapyta/BO-82TAPYTA_20250501_195802.wav
12640	1	1			0.0	8000.0		
12641	1	1	12.0	16.0	0.0	8000.0	cluster_2	BO-82Tapyta/BO-82TAPYTA_20250416_030102.wav
12642	1	1			0.0	8000.0		
12643	1	1			0.0	8000.0		
12644	1	1	8.0	12.0	0.0	8000.0	cluster_2	BO-82Tapyta/BO-82TAPYTA_20250424_010902.wav
12645	1	1			0.0	8000.0		
12646	1	1			0.0	8000.0		
12647	1	1			0.0	8000.0		
12648	1	1			0.0	8000.0		
12649	1	1	12.0	16.0	0.0	8000.0	cluster_2	BO-82Tapyta/BO-82TAPYTA_20250411_204302.wav
12650	1	1			0.0	8000.0		
12651	1	1	40.0	44.0	0.0	8000.0	cluster_2	BO-82Tapyta/BO-82TAPYTA_20250416_224502.wav
12652	1	1			0.0	8000.0		
12653	1	1			0.0	8000.0		
12654	1	1	42.0	46.0	0.0	8000.0	cluster_2	BO-82Tapyta/BO-82TAPYTA_20250501_200402.wav
12655	1	1			0.0	8000.0		
12656	1	1	14.0	18.0	0.0	8000.0	cluster_2	BO-82Tapyta/BO-82TAPYTA_20250418_041302.wav
12657	1	1			0.0	8000.0		
12658	1	1			0.0	8000.0		
12659	1	1			0.0	8000.0		
12660	1	1	10.0	14.0	0.0	8000.0	cluster_2	BO-82Tapyta/BO-82TAPYTA_20250417_234202.wav
12661	1	1			0.0	8000.0		
12662	1	1			0.0	8000.0		
12663	1	1	42.0	46.0	0.0	8000.0	cluster_2	BO-81Tapyta/BO-81TAPYTA_20250411_204002.wav
12664	1	1			0.0	8000.0		
12665	1	1			0.0	8000.0		
12666	1	1			0.0	8000.0		
12667	1	1			0.0	8000.0		
12668	1	1			0.0	8000.0		
12669	1	1			0.0	8000.0		
12670	1	1			0.0	8000.0		
12671	1	1			0.0	8000.0		
12672	1	1			0.0	8000.0		
12673	1	1	20.0	24.0	0.0	8000.0	cluster_2	BO-82Tapyta/BO-82TAPYTA_20250417_201702.wav
12674	1	1			0.0	8000.0		
12675	1	1			0.0	8000.0		
12676	1	1	46.0	50.0	0.0	8000.0	cluster_2	BO-81Tapyta/BO-81TAPYTA_20250412_001002.wav
12677	1	1	38.0	42.0	0.0	8000.0	cluster_2	BO-82Tapyta/BO-82TAPYTA_20250426_192202.wav
12678	1	1			0.0	8000.0		
12679	1	1			0.0	8000.0		
12680	1	1			0.0	8000.0		
12681	1	1			0.0	8000.0		
12682	1	1			0.0	8000.0		
12683	1	1			0.0	8000.0		
12684	1	1			0.0	8000.0		
12685	1	1			0.0	8000.0		
12686	1	1	6.0	10.0	0.0	8000.0	cluster_2	BO-82Tapyta/BO-82TAPYTA_20250426_045002.wav
12687	1	1			0.0	8000.0		
12688	1	1			0.0	8000.0		
12689	1	1			0.0	8000.0		
12690	1	1			0.0	8000.0		
12691	1	1			0.0	8000.0		
12692	1	1			0.0	8000.0		
12693	1	1			0.0	8000.0		
12694	1	1			0.0	8000.0		
12695	1	1			0.0	8000.0		
12696	1	1			0.0	8000.0		
12697	1	1			0.0	8000.0		
12698	1	1			0.0	8000.0		
12699	1	1			0.0	8000.0		
12700	1	1	30.0	34.0	0.0	8000.0	cluster_2	BO-82Tapyta/BO-82TAPYTA_20250417_022102.wav
12701	1	1			0.0	8000.0		
12702	1	1	0.0	4.0	0.0	8000.0	cluster_2	BO-82Tapyta/BO-82TAPYTA_20250410_192702.wav
12703	1	1	32.0	36.0	0.0	8000.0	cluster_2	BO-82Tapyta/BO-82TAPYTA_20250417_201302.wav
12704	1	1			0.0	8000.0		
12705	1	1	34.0	38.0	0.0	8000.0	cluster_2	BO-82Tapyta/BO-82TAPYTA_20250426_014602.wav
12706	1	1			0.0	8000.0		
12707	1	1	14.0	18.0	0.0	8000.0	cluster_2	BO-82Tapyta/BO-82TAPYTA_20250424_195002.wav
12708	1	1			0.0	8000.0		
12709	1	1			0.0	8000.0		
12710	1	1			0.0	8000.0		
12711	1	1			0.0	8000.0		
12712	1	1	28.0	32.0	0.0	8000.0	cluster_2	BO-82Tapyta/BO-82TAPYTA_20250416_195902.wav
12713	1	1			0.0	8000.0		
12714	1	1			0.0	8000.0		
12715	1	1			0.0	8000.0		
12716	1	1			0.0	8000.0		
12717	1	1	50.0	54.0	0.0	8000.0	cluster_2	BO-82Tapyta/BO-82TAPYTA_20250416_201802.wav
12718	1	1			0.0	8000.0		
12719	1	1	26.0	30.0	0.0	8000.0	cluster_2	BO-82Tapyta/BO-82TAPYTA_20250417_195902.wav
12720	1	1			0.0	8000.0		
12721	1	1			0.0	8000.0		
12722	1	1			0.0	8000.0		
12723	1	1	46.0	50.0	0.0	8000.0	cluster_2	BO-82Tapyta/BO-82TAPYTA_20250416_223002.wav
12724	1	1			0.0	8000.0		
12725	1	1			0.0	8000.0		
12726	1	1	18.0	22.0	0.0	8000.0	cluster_2	BO-82Tapyta/BO-82TAPYTA_20250425_021102.wav
12727	1	1			0.0	8000.0		
12728	1	1	14.0	18.0	0.0	8000.0	cluster_2	BO-82Tapyta/BO-82TAPYTA_20250415_214802.wav
12729	1	1			0.0	8000.0		
12730	1	1			0.0	8000.0		
12731	1	1			0.0	8000.0		
12732	1	1			0.0	8000.0		
12733	1	1	36.0	40.0	0.0	8000.0	cluster_2	BO-82Tapyta/BO-82TAPYTA_20250415_204302.wav
12734	1	1			0.0	8000.0		
12735	1	1			0.0	8000.0		
12736	1	1	26.0	30.0	0.0	8000.0	cluster_2	BO-82Tapyta/BO-82TAPYTA_20250417_214902.wav
12737	1	1			0.0	8000.0		
12738	1	1			0.0	8000.0		
12739	1	1	50.0	54.0	0.0	8000.0	cluster_2	BO-82Tapyta/BO-82TAPYTA_20250415_193002.wav
12740	1	1			0.0	8000.0		
12741	1	1			0.0	8000.0		
12742	1	1	38.0	42.0	0.0	8000.0	cluster_2	BO-82Tapyta/BO-82TAPYTA_20250418_012702.wav
12743	1	1			0.0	8000.0		
12744	1	1			0.0	8000.0		
12745	1	1			0.0	8000.0		
12746	1	1	18.0	22.0	0.0	8000.0	cluster_2	BO-82Tapyta/BO-82TAPYTA_20250425_002102.wav
12747	1	1	32.0	36.0	0.0	8000.0	cluster_2	BO-82Tapyta/BO-82TAPYTA_20250414_200302.wav
12748	1	1			0.0	8000.0		
12749	1	1			0.0	8000.0		
12750	1	1			0.0	8000.0		
12751	1	1			0.0	8000.0		
12752	1	1			0.0	8000.0		
12753	1	1	26.0	30.0	0.0	8000.0	cluster_2	BO-82Tapyta/BO-82TAPYTA_20250417_003402.wav
12754	1	1	8.0	12.0	0.0	8000.0	cluster_2	BO-82Tapyta/BO-82TAPYTA_20250411_195802.wav
12755	1	1			0.0	8000.0		
12756	1	1			0.0	8000.0		
12757	1	1			0.0	8000.0		
12758	1	1			0.0	8000.0		
12759	1	1			0.0	8000.0		
12760	1	1	36.0	40.0	0.0	8000.0	cluster_2	BO-82Tapyta/BO-82TAPYTA_20250413_200702.wav
12761	1	1			0.0	8000.0		
12762	1	1			0.0	8000.0		
12763	1	1			0.0	8000.0		
12764	1	1			0.0	8000.0		
12765	1	1			0.0	8000.0		
12766	1	1			0.0	8000.0		
12767	1	1	12.0	16.0	0.0	8000.0	cluster_2	BO-82Tapyta/BO-82TAPYTA_20250426_234102.wav
12768	1	1			0.0	8000.0		
12769	1	1			0.0	8000.0		
12770	1	1			0.0	8000.0		
12771	1	1			0.0	8000.0		
12772	1	1			0.0	8000.0		
12773	1	1			0.0	8000.0		
12774	1	1			0.0	8000.0		
12775	1	1			0.0	8000.0		
12776	1	1			0.0	8000.0		
12777	1	1			0.0	8000.0		
12778	1	1			0.0	8000.0		
12779	1	1			0.0	8000.0		
12780	1	1			0.0	8000.0		
12781	1	1			0.0	8000.0		
12782	1	1			0.0	8000.0		
12783	1	1			0.0	8000.0		
12784	1	1			0.0	8000.0		
12785	1	1			0.0	8000.0		
12786	1	1			0.0	8000.0		
12787	1	1	38.0	42.0	0.0	8000.0	cluster_2	BO-82Tapyta/BO-82TAPYTA_20250425_214602.wav
12788	1	1			0.0	8000.0		
12789	1	1			0.0	8000.0		
12790	1	1	30.0	34.0	0.0	8000.0	cluster_2	BO-82Tapyta/BO-82TAPYTA_20250501_200502.wav
12791	1	1	4.0	8.0	0.0	8000.0	cluster_2	BO-82Tapyta/BO-82TAPYTA_20250426_005102.wav
12792	1	1			0.0	8000.0		
12793	1	1			0.0	8000.0		
12794	1	1	12.0	16.0	0.0	8000.0	cluster_2	BO-81Tapyta/BO-81TAPYTA_20250411_214202.wav
12795	1	1			0.0	8000.0		
12796	1	1			0.0	8000.0		
12797	1	1	50.0	54.0	0.0	8000.0	cluster_2	BO-82Tapyta/BO-82TAPYTA_20250425_193202.wav
12798	1	1			0.0	8000.0		
12799	1	1			0.0	8000.0		
12800	1	1			0.0	8000.0		
12801	1	1			0.0	8000.0		
12802	1	1			0.0	8000.0		
12803	1	1			0.0	8000.0		
12804	1	1			0.0	8000.0		
12805	1	1	2.0	6.0	0.0	8000.0	cluster_2	BO-82Tapyta/BO-82TAPYTA_20250412_003402.wav
12806	1	1	26.0	30.0	0.0	8000.0	cluster_2	BO-82Tapyta/BO-82TAPYTA_20250502_203902.wav
12807	1	1	52.0	56.0	0.0	8000.0	cluster_2	BO-82Tapyta/BO-82TAPYTA_20250418_012402.wav
12808	1	1			0.0	8000.0		
12809	1	1			0.0	8000.0		
12810	1	1			0.0	8000.0		
12811	1	1			0.0	8000.0		
12812	1	1			0.0	8000.0		
12813	1	1			0.0	8000.0		
12814	1	1			0.0	8000.0		
12815	1	1			0.0	8000.0		
12816	1	1			0.0	8000.0		
12817	1	1			0.0	8000.0		
12818	1	1			0.0	8000.0		
12819	1	1			0.0	8000.0		
12820	1	1			0.0	8000.0		
12821	1	1	52.0	56.0	0.0	8000.0	cluster_2	BO-82Tapyta/BO-82TAPYTA_20250426_203502.wav
12822	1	1	30.0	34.0	0.0	8000.0	cluster_2	BO-82Tapyta/BO-82TAPYTA_20250425_215602.wav
12823	1	1			0.0	8000.0		
12824	1	1			0.0	8000.0		
12825	1	1			0.0	8000.0		
12826	1	1			0.0	8000.0		
12827	1	1			0.0	8000.0		
12828	1	1	30.0	34.0	0.0	8000.0	cluster_2	BO-82Tapyta/BO-82TAPYTA_20250424_211302.wav
12829	1	1			0.0	8000.0		
12830	1	1			0.0	8000.0		
12831	1	1			0.0	8000.0		
12832	1	1	52.0	56.0	0.0	8000.0	cluster_2	BO-82Tapyta/BO-82TAPYTA_20250416_215802.wav
12833	1	1			0.0	8000.0		
12834	1	1			0.0	8000.0		
12835	1	1	52.0	56.0	0.0	8000.0	cluster_2	BO-82Tapyta/BO-82TAPYTA_20250414_212402.wav
12836	1	1	22.0	26.0	0.0	8000.0	cluster_2	BO-81Tapyta/BO-81TAPYTA_20250415_223102.wav
12837	1	1			0.0	8000.0		
12838	1	1	22.0	26.0	0.0	8000.0	cluster_2	BO-81Tapyta/BO-81TAPYTA_20250415_211002.wav
12839	1	1			0.0	8000.0		
12840	1	1	18.0	22.0	0.0	8000.0	cluster_2	BO-82Tapyta/BO-82TAPYTA_20250426_002602.wav
12841	1	1			0.0	8000.0		
12842	1	1			0.0	8000.0		
12843	1	1			0.0	8000.0		
12844	1	1	44.0	48.0	0.0	8000.0	cluster_2	BO-82Tapyta/BO-82TAPYTA_20250427_211602.wav
12845	1	1			0.0	8000.0		
12846	1	1			0.0	8000.0		
12847	1	1	32.0	36.0	0.0	8000.0	cluster_2	BO-82Tapyta/BO-82TAPYTA_20250417_004702.wav
12848	1	1			0.0	8000.0		
12849	1	1			0.0	8000.0		
12850	1	1			0.0	8000.0		
12851	1	1			0.0	8000.0		
12852	1	1			0.0	8000.0		
12853	1	1			0.0	8000.0		
12854	1	1			0.0	8000.0		
12855	1	1			0.0	8000.0		
12856	1	1	10.0	14.0	0.0	8000.0	cluster_2	BO-82Tapyta/BO-82TAPYTA_20250412_043002.wav
12857	1	1			0.0	8000.0		
12858	1	1	26.0	30.0	0.0	8000.0	cluster_2	BO-82Tapyta/BO-82TAPYTA_20250414_192602.wav
12859	1	1	0.0	4.0	0.0	8000.0	cluster_2	BO-82Tapyta/BO-82TAPYTA_20250425_021402.wav
12860	1	1			0.0	8000.0		
12861	1	1			0.0	8000.0		
12862	1	1			0.0	8000.0		
12863	1	1			0.0	8000.0		
12864	1	1			0.0	8000.0		
12865	1	1			0.0	8000.0		
12866	1	1			0.0	8000.0		
12867	1	1			0.0	8000.0		
12868	1	1			0.0	8000.0		
12869	1	1			0.0	8000.0		
12870	1	1			0.0	8000.0		
12871	1	1			0.0	8000.0		
12872	1	1			0.0	8000.0		
12873	1	1	10.0	14.0	0.0	8000.0	cluster_2	BO-82Tapyta/BO-82TAPYTA_20250411_224202.wav
12874	1	1	34.0	38.0	0.0	8000.0	cluster_2	BO-82Tapyta/BO-82TAPYTA_20250426_034902.wav
12875	1	1	46.0	50.0	0.0	8000.0	cluster_2	BO-82Tapyta/BO-82TAPYTA_20250415_204902.wav
12876	1	1	12.0	16.0	0.0	8000.0	cluster_2	BO-82Tapyta/BO-82TAPYTA_20250426_234402.wav
12877	1	1			0.0	8000.0		
12878	1	1			0.0	8000.0		
12879	1	1			0.0	8000.0		
12880	1	1			0.0	8000.0		
12881	1	1			0.0	8000.0		
12882	1	1			0.0	8000.0		
12883	1	1			0.0	8000.0		
12884	1	1	36.0	40.0	0.0	8000.0	cluster_2	BO-82Tapyta/BO-82TAPYTA_20250502_191802.wav
12885	1	1			0.0	8000.0		
12886	1	1			0.0	8000.0		
12887	1	1			0.0	8000.0		
12888	1	1			0.0	8000.0		
12889	1	1	42.0	46.0	0.0	8000.0	cluster_2	BO-82Tapyta/BO-82TAPYTA_20250425_013802.wav
12890	1	1			0.0	8000.0		
12891	1	1			0.0	8000.0		
12892	1	1	2.0	6.0	0.0	8000.0	cluster_2	BO-82Tapyta/BO-82TAPYTA_20250426_002802.wav
12893	1	1			0.0	8000.0		
12894	1	1			0.0	8000.0		
12895	1	1			0.0	8000.0		
12896	1	1			0.0	8000.0		
12897	1	1			0.0	8000.0		
12898	1	1	26.0	30.0	0.0	8000.0	cluster_2	BO-81Tapyta/BO-81TAPYTA_20250415_230102.wav
12899	1	1			0.0	8000.0		
12900	1	1			0.0	8000.0		
12901	1	1			0.0	8000.0		
12902	1	1	36.0	40.0	0.0	8000.0	cluster_2	BO-82Tapyta/BO-82TAPYTA_20250413_011302.wav
12903	1	1			0.0	8000.0		
12904	1	1			0.0	8000.0		
12905	1	1			0.0	8000.0		
12906	1	1			0.0	8000.0		
12907	1	1			0.0	8000.0		
12908	1	1			0.0	8000.0		
12909	1	1	22.0	26.0	0.0	8000.0	cluster_2	BO-81Tapyta/BO-81TAPYTA_20250416_024702.wav
12910	1	1			0.0	8000.0		
12911	1	1			0.0	8000.0		
12912	1	1			0.0	8000.0		
12913	1	1			0.0	8000.0		
12914	1	1			0.0	8000.0		
12915	1	1			0.0	8000.0		
12916	1	1			0.0	8000.0		
12917	1	1			0.0	8000.0		
12918	1	1			0.0	8000.0		
12919	1	1			0.0	8000.0		
12920	1	1	36.0	40.0	0.0	8000.0	cluster_2	BO-82Tapyta/BO-82TAPYTA_20250425_004502.wav
12921	1	1			0.0	8000.0		
12922	1	1			0.0	8000.0		
12923	1	1	2.0	6.0	0.0	8000.0	cluster_2	BO-82Tapyta/BO-82TAPYTA_20250416_194602.wav
12924	1	1			0.0	8000.0		
12925	1	1			0.0	8000.0		
12926	1	1			0.0	8000.0		
12927	1	1			0.0	8000.0		
12928	1	1			0.0	8000.0		
12929	1	1			0.0	8000.0		
12930	1	1			0.0	8000.0		
12931	1	1			0.0	8000.0		
12932	1	1			0.0	8000.0		
12933	1	1	16.0	20.0	0.0	8000.0	cluster_2	BO-82Tapyta/BO-82TAPYTA_20250427_040402.wav
12934	1	1	32.0	36.0	0.0	8000.0	cluster_2	BO-82Tapyta/BO-82TAPYTA_20250423_234702.wav
12935	1	1			0.0	8000.0		
12936	1	1			0.0	8000.0		
12937	1	1	30.0	34.0	0.0	8000.0	cluster_2	BO-82Tapyta/BO-82TAPYTA_20250424_004602.wav
12938	1	1			0.0	8000.0		
12939	1	1			0.0	8000.0		
12940	1	1			0.0	8000.0		
12941	1	1	0.0	4.0	0.0	8000.0	cluster_2	BO-82Tapyta/BO-82TAPYTA_20250424_205402.wav
12942	1	1			0.0	8000.0		
12943	1	1			0.0	8000.0		
12944	1	1	22.0	26.0	0.0	8000.0	cluster_2	BO-82Tapyta/BO-82TAPYTA_20250418_034302.wav
12945	1	1			0.0	8000.0		
12946	1	1	34.0	38.0	0.0	8000.0	cluster_2	BO-81Tapyta/BO-81TAPYTA_20250415_201002.wav
12947	1	1			0.0	8000.0		
12948	1	1			0.0	8000.0		
12949	1	1			0.0	8000.0		
12950	1	1			0.0	8000.0		
12951	1	1			0.0	8000.0		
12952	1	1			0.0	8000.0		
12953	1	1	26.0	30.0	0.0	8000.0	cluster_2	BO-82Tapyta/BO-82TAPYTA_20250502_224302.wav
12954	1	1			0.0	8000.0		
12955	1	1			0.0	8000.0		
12956	1	1			0.0	8000.0		
12957	1	1	2.0	6.0	0.0	8000.0	cluster_2	BO-82Tapyta/BO-82TAPYTA_20250417_213702.wav
12958	1	1	20.0	24.0	0.0	8000.0	cluster_2	BO-82Tapyta/BO-82TAPYTA_20250411_230402.wav
12959	1	1	38.0	42.0	0.0	8000.0	cluster_2	BO-82Tapyta/BO-82TAPYTA_20250426_010002.wav
12960	1	1			0.0	8000.0		
12961	1	1			0.0	8000.0		
12962	1	1			0.0	8000.0		
12963	1	1			0.0	8000.0		
12964	1	1	20.0	24.0	0.0	8000.0	cluster_2	BO-82Tapyta/BO-82TAPYTA_20250411_221602.wav
12965	1	1	18.0	22.0	0.0	8000.0	cluster_2	BO-82Tapyta/BO-82TAPYTA_20250414_202502.wav
12966	1	1	34.0	38.0	0.0	8000.0	cluster_2	BO-82Tapyta/BO-82TAPYTA_20250414_193802.wav
12967	1	1	46.0	50.0	0.0	8000.0	cluster_2	BO-82Tapyta/BO-82TAPYTA_20250414_195402.wav
12968	1	1			0.0	8000.0		
12969	1	1			0.0	8000.0		
12970	1	1			0.0	8000.0		
12971	1	1	48.0	52.0	0.0	8000.0	cluster_2	BO-82Tapyta/BO-82TAPYTA_20250425_235102.wav
12972	1	1			0.0	8000.0		
12973	1	1			0.0	8000.0		
12974	1	1	26.0	30.0	0.0	8000.0	cluster_2	BO-82Tapyta/BO-82TAPYTA_20250415_214702.wav
12975	1	1			0.0	8000.0		
12976	1	1			0.0	8000.0		
12977	1	1			0.0	8000.0		
12978	1	1			0.0	8000.0		
12979	1	1			0.0	8000.0		
12980	1	1			0.0	8000.0		
12981	1	1			0.0	8000.0		
12982	1	1			0.0	8000.0		
12983	1	1			0.0	8000.0		
12984	1	1			0.0	8000.0		
12985	1	1			0.0	8000.0		
12986	1	1			0.0	8000.0		
12987	1	1			0.0	8000.0		
12988	1	1			0.0	8000.0		
12989	1	1			0.0	8000.0		
12990	1	1			0.0	8000.0		
12991	1	1			0.0	8000.0		
12992	1	1			0.0	8000.0		
12993	1	1			0.0	8000.0		
12994	1	1			0.0	8000.0		
12995	1	1			0.0	8000.0		
12996	1	1			0.0	8000.0		
12997	1	1			0.0	8000.0		
12998	1	1			0.0	8000.0		
12999	1	1	38.0	42.0	0.0	8000.0	cluster_2	BO-82Tapyta/BO-82TAPYTA_20250417_011502.wav
13000	1	1			0.0	8000.0		
13001	1	1	4.0	8.0	0.0	8000.0	cluster_2	BO-81Tapyta/BO-81TAPYTA_20250412_042702.wav
13002	1	1	34.0	38.0	0.0	8000.0	cluster_2	BO-81Tapyta/BO-81TAPYTA_20250416_015402.wav
13003	1	1			0.0	8000.0		
13004	1	1			0.0	8000.0		
13005	1	1			0.0	8000.0		
13006	1	1	4.0	8.0	0.0	8000.0	cluster_2	BO-82Tapyta/BO-82TAPYTA_20250416_221802.wav
13007	1	1			0.0	8000.0		
13008	1	1			0.0	8000.0		
13009	1	1			0.0	8000.0		
13010	1	1			0.0	8000.0		
13011	1	1	34.0	38.0	0.0	8000.0	cluster_2	BO-82Tapyta/BO-82TAPYTA_20250416_224502.wav
13012	1	1			0.0	8000.0		
13013	1	1	40.0	44.0	0.0	8000.0	cluster_2	BO-82Tapyta/BO-82TAPYTA_20250416_230402.wav
13014	1	1			0.0	8000.0		
13015	1	1			0.0	8000.0		
13016	1	1	10.0	14.0	0.0	8000.0	cluster_2	BO-82Tapyta/BO-82TAPYTA_20250418_010302.wav
13017	1	1			0.0	8000.0		
13018	1	1	26.0	30.0	0.0	8000.0	cluster_2	BO-82Tapyta/BO-82TAPYTA_20250426_194002.wav
13019	1	1			0.0	8000.0		
13020	1	1			0.0	8000.0		
13021	1	1	18.0	22.0	0.0	8000.0	cluster_2	BO-82Tapyta/BO-82TAPYTA_20250416_042502.wav
13022	1	1	14.0	18.0	0.0	8000.0	cluster_2	BO-81Tapyta/BO-81TAPYTA_20250414_215302.wav
13023	1	1	16.0	20.0	0.0	8000.0	cluster_2	BO-82Tapyta/BO-82TAPYTA_20250415_214702.wav
13024	1	1			0.0	8000.0		
13025	1	1			0.0	8000.0		
13026	1	1			0.0	8000.0		
13027	1	1			0.0	8000.0		
13028	1	1			0.0	8000.0		
13029	1	1			0.0	8000.0		
13030	1	1			0.0	8000.0		
13031	1	1			0.0	8000.0		
13032	1	1			0.0	8000.0		
13033	1	1	30.0	34.0	0.0	8000.0	cluster_2	BO-82Tapyta/BO-82TAPYTA_20250416_014002.wav
13034	1	1			0.0	8000.0		
13035	1	1	14.0	18.0	0.0	8000.0	cluster_2	BO-81Tapyta/BO-81TAPYTA_20250416_053402.wav
13036	1	1			0.0	8000.0		
13037	1	1	18.0	22.0	0.0	8000.0	cluster_2	BO-82Tapyta/BO-82TAPYTA_20250426_231102.wav
13038	1	1			0.0	8000.0		
13039	1	1			0.0	8000.0		
13040	1	1			0.0	8000.0		
13041	1	1			0.0	8000.0		
13042	1	1			0.0	8000.0		
13043	1	1			0.0	8000.0		
13044	1	1			0.0	8000.0		
13045	1	1			0.0	8000.0		
13046	1	1			0.0	8000.0		
13047	1	1			0.0	8000.0		
13048	1	1			0.0	8000.0		
13049	1	1	16.0	20.0	0.0	8000.0	cluster_2	BO-82Tapyta/BO-82TAPYTA_20250426_235402.wav
13050	1	1			0.0	8000.0		
13051	1	1			0.0	8000.0		
13052	1	1			0.0	8000.0		
13053	1	1			0.0	8000.0		
13054	1	1	22.0	26.0	0.0	8000.0	cluster_2	BO-82Tapyta/BO-82TAPYTA_20250416_010102.wav
13055	1	1	4.0	8.0	0.0	8000.0	cluster_2	BO-82Tapyta/BO-82TAPYTA_20250411_220502.wav
13056	1	1			0.0	8000.0		
13057	1	1	22.0	26.0	0.0	8000.0	cluster_2	BO-82Tapyta/BO-82TAPYTA_20250427_053202.wav
13058	1	1	10.0	14.0	0.0	8000.0	cluster_2	BO-82Tapyta/BO-82TAPYTA_20250425_015602.wav
13059	1	1			0.0	8000.0		
13060	1	1	52.0	56.0	0.0	8000.0	cluster_2	BO-82Tapyta/BO-82TAPYTA_20250417_203402.wav
13061	1	1	0.0	4.0	0.0	8000.0	cluster_2	BO-82Tapyta/BO-82TAPYTA_20250417_194602.wav
13062	1	1			0.0	8000.0		
13063	1	1			0.0	8000.0		
13064	1	1			0.0	8000.0		
13065	1	1			0.0	8000.0		
13066	1	1			0.0	8000.0		
13067	1	1			0.0	8000.0		
13068	1	1			0.0	8000.0		
13069	1	1			0.0	8000.0		
13070	1	1	0.0	4.0	0.0	8000.0	cluster_2	BO-82Tapyta/BO-82TAPYTA_20250502_210802.wav
13071	1	1			0.0	8000.0		
13072	1	1	52.0	56.0	0.0	8000.0	cluster_2	BO-82Tapyta/BO-82TAPYTA_20250426_194702.wav
13073	1	1	46.0	50.0	0.0	8000.0	cluster_2	BO-82Tapyta/BO-82TAPYTA_20250412_052802.wav
13074	1	1	40.0	44.0	0.0	8000.0	cluster_2	BO-82Tapyta/BO-82TAPYTA_20250414_195402.wav
13075	1	1			0.0	8000.0		
13076	1	1	46.0	50.0	0.0	8000.0	cluster_2	BO-82Tapyta/BO-82TAPYTA_20250417_222202.wav
13077	1	1			0.0	8000.0		
13078	1	1			0.0	8000.0		
13079	1	1	44.0	48.0	0.0	8000.0	cluster_2	BO-81Tapyta/BO-81TAPYTA_20250413_220402.wav
13080	1	1	6.0	10.0	0.0	8000.0	cluster_2	BO-82Tapyta/BO-82TAPYTA_20250427_043002.wav
13081	1	1			0.0	8000.0		
13082	1	1			0.0	8000.0		
13083	1	1			0.0	8000.0		
13084	1	1			0.0	8000.0		
13085	1	1			0.0	8000.0		
13086	1	1			0.0	8000.0		
13087	1	1			0.0	8000.0		
13088	1	1			0.0	8000.0		
13089	1	1			0.0	8000.0		
13090	1	1			0.0	8000.0		
13091	1	1			0.0	8000.0		
13092	1	1			0.0	8000.0		
13093	1	1			0.0	8000.0		
13094	1	1			0.0	8000.0		
13095	1	1			0.0	8000.0		
13096	1	1	42.0	46.0	0.0	8000.0	cluster_2	BO-82Tapyta/BO-82TAPYTA_20250427_012802.wav
13097	1	1			0.0	8000.0		
13098	1	1			0.0	8000.0		
13099	1	1			0.0	8000.0		
13100	1	1			0.0	8000.0		
13101	1	1	0.0	4.0	0.0	8000.0	cluster_2	BO-82Tapyta/BO-82TAPYTA_20250425_203202.wav
13102	1	1			0.0	8000.0		
13103	1	1	4.0	8.0	0.0	8000.0	cluster_2	BO-82Tapyta/BO-82TAPYTA_20250412_040602.wav
13104	1	1			0.0	8000.0		
13105	1	1			0.0	8000.0		
13106	1	1			0.0	8000.0		
13107	1	1			0.0	8000.0		
13108	1	1			0.0	8000.0		
13109	1	1			0.0	8000.0		
13110	1	1			0.0	8000.0		
13111	1	1			0.0	8000.0		
13112	1	1			0.0	8000.0		
13113	1	1	18.0	22.0	0.0	8000.0	cluster_2	BO-82Tapyta/BO-82TAPYTA_20250427_033802.wav
13114	1	1			0.0	8000.0		
13115	1	1			0.0	8000.0		
13116	1	1			0.0	8000.0		
13117	1	1			0.0	8000.0		
13118	1	1			0.0	8000.0		
13119	1	1			0.0	8000.0		
13120	1	1			0.0	8000.0		
13121	1	1	14.0	18.0	0.0	8000.0	cluster_2	BO-82Tapyta/BO-82TAPYTA_20250427_020402.wav
13122	1	1			0.0	8000.0		
13123	1	1	28.0	32.0	0.0	8000.0	cluster_2	BO-81Tapyta/BO-81TAPYTA_20250416_055402.wav
13124	1	1			0.0	8000.0		
13125	1	1			0.0	8000.0		
13126	1	1	42.0	46.0	0.0	8000.0	cluster_2	BO-82Tapyta/BO-82TAPYTA_20250415_225702.wav
13127	1	1			0.0	8000.0		
13128	1	1			0.0	8000.0		
13129	1	1			0.0	8000.0		
13130	1	1			0.0	8000.0		
13131	1	1	14.0	18.0	0.0	8000.0	cluster_2	BO-82Tapyta/BO-82TAPYTA_20250417_213802.wav
13132	1	1	52.0	56.0	0.0	8000.0	cluster_2	BO-82Tapyta/BO-82TAPYTA_20250427_000802.wav
13133	1	1			0.0	8000.0		
13134	1	1	14.0	18.0	0.0	8000.0	cluster_2	BO-82Tapyta/BO-82TAPYTA_20250425_012702.wav
13135	1	1	6.0	10.0	0.0	8000.0	cluster_2	BO-81Tapyta/BO-81TAPYTA_20250413_210302.wav
13136	1	1			0.0	8000.0		
13137	1	1	16.0	20.0	0.0	8000.0	cluster_2	BO-82Tapyta/BO-82TAPYTA_20250425_002402.wav
13138	1	1			0.0	8000.0		
13139	1	1			0.0	8000.0		
13140	1	1			0.0	8000.0		
13141	1	1			0.0	8000.0		
13142	1	1			0.0	8000.0		
13143	1	1			0.0	8000.0		
13144	1	1			0.0	8000.0		
13145	1	1			0.0	8000.0		
13146	1	1	6.0	10.0	0.0	8000.0	cluster_2	BO-81Tapyta/BO-81TAPYTA_20250416_000102.wav
13147	1	1	50.0	54.0	0.0	8000.0	cluster_2	BO-82Tapyta/BO-82TAPYTA_20250416_235502.wav
13148	1	1			0.0	8000.0		
13149	1	1			0.0	8000.0		
13150	1	1			0.0	8000.0		
13151	1	1			0.0	8000.0		
13152	1	1			0.0	8000.0		
13153	1	1			0.0	8000.0		
13154	1	1	32.0	36.0	0.0	8000.0	cluster_2	BO-82Tapyta/BO-82TAPYTA_20250412_024702.wav
13155	1	1			0.0	8000.0		
13156	1	1			0.0	8000.0		
13157	1	1			0.0	8000.0		
13158	1	1			0.0	8000.0		
13159	1	1			0.0	8000.0		
13160	1	1			0.0	8000.0		
13161	1	1			0.0	8000.0		
13162	1	1			0.0	8000.0		
13163	1	1	42.0	46.0	0.0	8000.0	cluster_2	BO-82Tapyta/BO-82TAPYTA_20250426_020702.wav
13164	1	1	0.0	4.0	0.0	8000.0	cluster_2	BO-82Tapyta/BO-82TAPYTA_20250417_013202.wav
13165	1	1			0.0	8000.0		
13166	1	1	2.0	6.0	0.0	8000.0	cluster_2	BO-81Tapyta/BO-81TAPYTA_20250416_033702.wav
13167	1	1			0.0	8000.0		
13168	1	1			0.0	8000.0		
13169	1	1			0.0	8000.0		
13170	1	1			0.0	8000.0		
13171	1	1			0.0	8000.0		
13172	1	1			0.0	8000.0		
13173	1	1			0.0	8000.0		
13174	1	1			0.0	8000.0		
13175	1	1			0.0	8000.0		
13176	1	1	46.0	50.0	0.0	8000.0	cluster_2	BO-82Tapyta/BO-82TAPYTA_20250426_205002.wav
13177	1	1	48.0	52.0	0.0	8000.0	cluster_2	BO-82Tapyta/BO-82TAPYTA_20250427_205802.wav
13178	1	1			0.0	8000.0		
13179	1	1			0.0	8000.0		
13180	1	1			0.0	8000.0		
13181	1	1			0.0	8000.0		
13182	1	1			0.0	8000.0		
13183	1	1			0.0	8000.0		
13184	1	1			0.0	8000.0		
13185	1	1			0.0	8000.0		
13186	1	1			0.0	8000.0		
13187	1	1			0.0	8000.0		
13188	1	1			0.0	8000.0		
13189	1	1			0.0	8000.0		
13190	1	1	52.0	56.0	0.0	8000.0	cluster_2	BO-82Tapyta/BO-82TAPYTA_20250414_204802.wav
13191	1	1			0.0	8000.0		
13192	1	1			0.0	8000.0		
13193	1	1			0.0	8000.0		
13194	1	1			0.0	8000.0		
13195	1	1			0.0	8000.0		
13196	1	1			0.0	8000.0		
13197	1	1	44.0	48.0	0.0	8000.0	cluster_2	BO-82Tapyta/BO-82TAPYTA_20250414_220202.wav
13198	1	1			0.0	8000.0		
13199	1	1			0.0	8000.0		
13200	1	1			0.0	8000.0		
13201	1	1	52.0	56.0	0.0	8000.0	cluster_2	BO-82Tapyta/BO-82TAPYTA_20250424_202602.wav
13202	1	1			0.0	8000.0		
13203	1	1			0.0	8000.0		
13204	1	1			0.0	8000.0		
13205	1	1			0.0	8000.0		
13206	1	1			0.0	8000.0		
13207	1	1			0.0	8000.0		
13208	1	1			0.0	8000.0		
13209	1	1			0.0	8000.0		
13210	1	1			0.0	8000.0		
13211	1	1	16.0	20.0	0.0	8000.0	cluster_2	BO-82Tapyta/BO-82TAPYTA_20250414_221802.wav
13212	1	1			0.0	8000.0		
13213	1	1	46.0	50.0	0.0	8000.0	cluster_2	BO-82Tapyta/BO-82TAPYTA_20250424_214902.wav
13214	1	1			0.0	8000.0		
13215	1	1			0.0	8000.0		
13216	1	1	46.0	50.0	0.0	8000.0	cluster_2	BO-82Tapyta/BO-82TAPYTA_20250426_195602.wav
13217	1	1			0.0	8000.0		
13218	1	1			0.0	8000.0		
13219	1	1			0.0	8000.0		
13220	1	1			0.0	8000.0		
13221	1	1	32.0	36.0	0.0	8000.0	cluster_2	BO-81Tapyta/BO-81TAPYTA_20250415_232802.wav
13222	1	1			0.0	8000.0		
13223	1	1			0.0	8000.0		
13224	1	1			0.0	8000.0		
13225	1	1			0.0	8000.0		
13226	1	1			0.0	8000.0		
13227	1	1			0.0	8000.0		
13228	1	1			0.0	8000.0		
13229	1	1			0.0	8000.0		
13230	1	1			0.0	8000.0		
13231	1	1			0.0	8000.0		
13232	1	1			0.0	8000.0		
13233	1	1			0.0	8000.0		
13234	1	1	26.0	30.0	0.0	8000.0	cluster_2	BO-82Tapyta/BO-82TAPYTA_20250418_035702.wav
13235	1	1	22.0	26.0	0.0	8000.0	cluster_2	BO-82Tapyta/BO-82TAPYTA_20250417_043402.wav
13236	1	1			0.0	8000.0		
13237	1	1			0.0	8000.0		
13238	1	1			0.0	8000.0		
13239	1	1			0.0	8000.0		
13240	1	1			0.0	8000.0		
13241	1	1	14.0	18.0	0.0	8000.0	cluster_2	BO-81Tapyta/BO-81TAPYTA_20250415_195302.wav
13242	1	1			0.0	8000.0		
13243	1	1	18.0	22.0	0.0	8000.0	cluster_2	BO-82Tapyta/BO-82TAPYTA_20250415_223402.wav
13244	1	1			0.0	8000.0		
13245	1	1			0.0	8000.0		
13246	1	1	26.0	30.0	0.0	8000.0	cluster_2	BO-82Tapyta/BO-82TAPYTA_20250411_235002.wav
13247	1	1	4.0	8.0	0.0	8000.0	cluster_2	BO-82Tapyta/BO-82TAPYTA_20250416_013602.wav
13248	1	1	50.0	54.0	0.0	8000.0	cluster_2	BO-82Tapyta/BO-82TAPYTA_20250416_010202.wav
13249	1	1			0.0	8000.0		
13250	1	1			0.0	8000.0		
13251	1	1			0.0	8000.0		
13252	1	1	8.0	12.0	0.0	8000.0	cluster_2	BO-82Tapyta/BO-82TAPYTA_20250417_212902.wav
13253	1	1			0.0	8000.0		
13254	1	1			0.0	8000.0		
13255	1	1			0.0	8000.0		
13256	1	1			0.0	8000.0		
13257	1	1			0.0	8000.0		
13258	1	1			0.0	8000.0		
13259	1	1			0.0	8000.0		
13260	1	1	36.0	40.0	0.0	8000.0	cluster_2	BO-82Tapyta/BO-82TAPYTA_20250425_202502.wav
13261	1	1			0.0	8000.0		
13262	1	1			0.0	8000.0		
13263	1	1			0.0	8000.0		
13264	1	1			0.0	8000.0		
13265	1	1	16.0	20.0	0.0	8000.0	cluster_2	BO-82Tapyta/BO-82TAPYTA_20250424_225002.wav
13266	1	1			0.0	8000.0		
13267	1	1	36.0	40.0	0.0	8000.0	cluster_2	BO-82Tapyta/BO-82TAPYTA_20250427_010202.wav
13268	1	1			0.0	8000.0		
13269	1	1			0.0	8000.0		
13270	1	1			0.0	8000.0		
13271	1	1			0.0	8000.0		
13272	1	1	44.0	48.0	0.0	8000.0	cluster_2	BO-82Tapyta/BO-82TAPYTA_20250426_203902.wav
13273	1	1			0.0	8000.0		
13274	1	1			0.0	8000.0		
13275	1	1			0.0	8000.0		
13276	1	1			0.0	8000.0		
13277	1	1			0.0	8000.0		
13278	1	1			0.0	8000.0		
13279	1	1			0.0	8000.0		
13280	1	1	40.0	44.0	0.0	8000.0	cluster_2	BO-82Tapyta/BO-82TAPYTA_20250424_234202.wav
13281	1	1			0.0	8000.0		
13282	1	1			0.0	8000.0		
13283	1	1	18.0	22.0	0.0	8000.0	cluster_2	BO-82Tapyta/BO-82TAPYTA_20250416_021502.wav
13284	1	1	10.0	14.0	0.0	8000.0	cluster_2	BO-82Tapyta/BO-82TAPYTA_20250426_212402.wav
13285	1	1	38.0	42.0	0.0	8000.0	cluster_2	BO-82Tapyta/BO-82TAPYTA_20250416_222802.wav
13286	1	1			0.0	8000.0		
13287	1	1			0.0	8000.0		
13288	1	1			0.0	8000.0		
13289	1	1	6.0	10.0	0.0	8000.0	cluster_2	BO-82Tapyta/BO-82TAPYTA_20250411_201302.wav
13290	1	1			0.0	8000.0		
13291	1	1			0.0	8000.0		
13292	1	1	4.0	8.0	0.0	8000.0	cluster_2	BO-82Tapyta/BO-82TAPYTA_20250415_203202.wav
13293	1	1			0.0	8000.0		
13294	1	1	42.0	46.0	0.0	8000.0	cluster_2	BO-81Tapyta/BO-81TAPYTA_20250411_234102.wav
13295	1	1			0.0	8000.0		
13296	1	1			0.0	8000.0		
13297	1	1			0.0	8000.0		
13298	1	1			0.0	8000.0		
13299	1	1			0.0	8000.0		
13300	1	1			0.0	8000.0		
13301	1	1	52.0	56.0	0.0	8000.0	cluster_2	BO-82Tapyta/BO-82TAPYTA_20250418_012602.wav
13302	1	1			0.0	8000.0		
13303	1	1			0.0	8000.0		
13304	1	1			0.0	8000.0		
13305	1	1			0.0	8000.0		
13306	1	1			0.0	8000.0		
13307	1	1			0.0	8000.0		
13308	1	1	20.0	24.0	0.0	8000.0	cluster_2	BO-82Tapyta/BO-82TAPYTA_20250418_043202.wav
13309	1	1	26.0	30.0	0.0	8000.0	cluster_2	BO-82Tapyta/BO-82TAPYTA_20250424_234002.wav
13310	1	1			0.0	8000.0		
13311	1	1			0.0	8000.0		
13312	1	1			0.0	8000.0		
13313	1	1	34.0	38.0	0.0	8000.0	cluster_2	BO-81Tapyta/BO-81TAPYTA_20250416_030602.wav
13314	1	1			0.0	8000.0		
13315	1	1			0.0	8000.0		
13316	1	1	48.0	52.0	0.0	8000.0	cluster_2	BO-82Tapyta/BO-82TAPYTA_20250416_005002.wav
13317	1	1			0.0	8000.0		
13318	1	1			0.0	8000.0		
13319	1	1			0.0	8000.0		
13320	1	1			0.0	8000.0		
13321	1	1			0.0	8000.0		
13322	1	1			0.0	8000.0		
13323	1	1			0.0	8000.0		
13324	1	1	14.0	18.0	0.0	8000.0	cluster_2	BO-82Tapyta/BO-82TAPYTA_20250417_205002.wav
13325	1	1			0.0	8000.0		
13326	1	1	4.0	8.0	0.0	8000.0	cluster_2	BO-81Tapyta/BO-81TAPYTA_20250412_001802.wav
13327	1	1			0.0	8000.0		
13328	1	1	10.0	14.0	0.0	8000.0	cluster_2	BO-82Tapyta/BO-82TAPYTA_20250423_223702.wav
13329	1	1			0.0	8000.0		
13330	1	1			0.0	8000.0		
13331	1	1			0.0	8000.0		
13332	1	1			0.0	8000.0		
13333	1	1	22.0	26.0	0.0	8000.0	cluster_2	BO-82Tapyta/BO-82TAPYTA_20250426_024702.wav
13334	1	1			0.0	8000.0		
13335	1	1	22.0	26.0	0.0	8000.0	cluster_2	BO-82Tapyta/BO-82TAPYTA_20250415_232502.wav
13336	1	1	38.0	42.0	0.0	8000.0	cluster_2	BO-82Tapyta/BO-82TAPYTA_20250412_045502.wav
13337	1	1			0.0	8000.0		
13338	1	1			0.0	8000.0		
13339	1	1	46.0	50.0	0.0	8000.0	cluster_2	BO-82Tapyta/BO-82TAPYTA_20250417_023902.wav
13340	1	1	20.0	24.0	0.0	8000.0	cluster_2	BO-82Tapyta/BO-82TAPYTA_20250416_201002.wav
13341	1	1			0.0	8000.0		
13342	1	1			0.0	8000.0		
13343	1	1	38.0	42.0	0.0	8000.0	cluster_2	BO-82Tapyta/BO-82TAPYTA_20250427_230002.wav
13344	1	1	52.0	56.0	0.0	8000.0	cluster_2	BO-82Tapyta/BO-82TAPYTA_20250412_032902.wav
13345	1	1			0.0	8000.0		
13346	1	1			0.0	8000.0		
13347	1	1			0.0	8000.0		
13348	1	1			0.0	8000.0		
13349	1	1			0.0	8000.0		
13350	1	1	42.0	46.0	0.0	8000.0	cluster_2	BO-82Tapyta/BO-82TAPYTA_20250426_035402.wav
13351	1	1	48.0	52.0	0.0	8000.0	cluster_2	BO-82Tapyta/BO-82TAPYTA_20250417_191702.wav
13352	1	1			0.0	8000.0		
13353	1	1			0.0	8000.0		
13354	1	1			0.0	8000.0		
13355	1	1	44.0	48.0	0.0	8000.0	cluster_2	BO-82Tapyta/BO-82TAPYTA_20250416_002702.wav
13356	1	1			0.0	8000.0		
13357	1	1			0.0	8000.0		
13358	1	1			0.0	8000.0		
13359	1	1			0.0	8000.0		
13360	1	1			0.0	8000.0		
13361	1	1			0.0	8000.0		
13362	1	1	24.0	28.0	0.0	8000.0	cluster_2	BO-82Tapyta/BO-82TAPYTA_20250425_015602.wav
13363	1	1			0.0	8000.0		
13364	1	1			0.0	8000.0		
13365	1	1			0.0	8000.0		
13366	1	1			0.0	8000.0		
13367	1	1			0.0	8000.0		
13368	1	1	44.0	48.0	0.0	8000.0	cluster_2	BO-82Tapyta/BO-82TAPYTA_20250412_030702.wav
13369	1	1			0.0	8000.0		
13370	1	1			0.0	8000.0		
13371	1	1	26.0	30.0	0.0	8000.0	cluster_2	BO-82Tapyta/BO-82TAPYTA_20250417_031702.wav
13372	1	1			0.0	8000.0		
13373	1	1			0.0	8000.0		
13374	1	1			0.0	8000.0		
13375	1	1			0.0	8000.0		
13376	1	1	16.0	20.0	0.0	8000.0	cluster_2	BO-82Tapyta/BO-82TAPYTA_20250426_050302.wav
13377	1	1	12.0	16.0	0.0	8000.0	cluster_2	BO-82Tapyta/BO-82TAPYTA_20250416_031202.wav
13378	1	1			0.0	8000.0		
13379	1	1	12.0	16.0	0.0	8000.0	cluster_2	BO-81Tapyta/BO-81TAPYTA_20250412_000902.wav
13380	1	1			0.0	8000.0		
13381	1	1			0.0	8000.0		
13382	1	1			0.0	8000.0		
13383	1	1	48.0	52.0	0.0	8000.0	cluster_2	BO-82Tapyta/BO-82TAPYTA_20250415_211002.wav
13384	1	1	42.0	46.0	0.0	8000.0	cluster_2	BO-82Tapyta/BO-82TAPYTA_20250426_044002.wav
13385	1	1			0.0	8000.0		
13386	1	1	28.0	32.0	0.0	8000.0	cluster_2	BO-82Tapyta/BO-82TAPYTA_20250424_234602.wav
13387	1	1			0.0	8000.0		
13388	1	1			0.0	8000.0		
13389	1	1			0.0	8000.0		
13390	1	1			0.0	8000.0		
13391	1	1			0.0	8000.0		
13392	1	1			0.0	8000.0		
13393	1	1	14.0	18.0	0.0	8000.0	cluster_2	BO-82Tapyta/BO-82TAPYTA_20250426_000602.wav
13394	1	1	36.0	40.0	0.0	8000.0	cluster_2	BO-82Tapyta/BO-82TAPYTA_20250412_054802.wav
13395	1	1			0.0	8000.0		
13396	1	1			0.0	8000.0		
13397	1	1			0.0	8000.0		
13398	1	1			0.0	8000.0		
13399	1	1			0.0	8000.0		
13400	1	1			0.0	8000.0		
13401	1	1			0.0	8000.0		
13402	1	1			0.0	8000.0		
13403	1	1			0.0	8000.0		
13404	1	1			0.0	8000.0		
13405	1	1			0.0	8000.0		
13406	1	1			0.0	8000.0		
13407	1	1			0.0	8000.0		
13408	1	1			0.0	8000.0		
13409	1	1	38.0	42.0	0.0	8000.0	cluster_2	BO-82Tapyta/BO-82TAPYTA_20250425_200902.wav
13410	1	1			0.0	8000.0		
13411	1	1			0.0	8000.0		
13412	1	1			0.0	8000.0		
13413	1	1	26.0	30.0	0.0	8000.0	cluster_2	BO-82Tapyta/BO-82TAPYTA_20250417_195602.wav
13414	1	1	6.0	10.0	0.0	8000.0	cluster_2	BO-82Tapyta/BO-82TAPYTA_20250418_044902.wav
13415	1	1			0.0	8000.0		
13416	1	1			0.0	8000.0		
13417	1	1			0.0	8000.0		
13418	1	1			0.0	8000.0		
13419	1	1			0.0	8000.0		
13420	1	1			0.0	8000.0		
13421	1	1			0.0	8000.0		
13422	1	1			0.0	8000.0		
13423	1	1			0.0	8000.0		
13424	1	1			0.0	8000.0		
13425	1	1			0.0	8000.0		
13426	1	1	16.0	20.0	0.0	8000.0	cluster_2	BO-82Tapyta/BO-82TAPYTA_20250417_195402.wav
13427	1	1			0.0	8000.0		
13428	1	1			0.0	8000.0		
13429	1	1			0.0	8000.0		
13430	1	1			0.0	8000.0		
13431	1	1	50.0	54.0	0.0	8000.0	cluster_2	BO-82Tapyta/BO-82TAPYTA_20250416_004102.wav
13432	1	1	46.0	50.0	0.0	8000.0	cluster_2	BO-82Tapyta/BO-82TAPYTA_20250418_021802.wav
13433	1	1			0.0	8000.0		
13434	1	1			0.0	8000.0		
13435	1	1	20.0	24.0	0.0	8000.0	cluster_2	BO-82Tapyta/BO-82TAPYTA_20250412_050402.wav
13436	1	1	4.0	8.0	0.0	8000.0	cluster_2	BO-82Tapyta/BO-82TAPYTA_20250416_030702.wav
13437	1	1			0.0	8000.0		
13438	1	1			0.0	8000.0		
13439	1	1	2.0	6.0	0.0	8000.0	cluster_2	BO-82Tapyta/BO-82TAPYTA_20250414_201002.wav
13440	1	1			0.0	8000.0		
13441	1	1			0.0	8000.0		
13442	1	1			0.0	8000.0		
13443	1	1	2.0	6.0	0.0	8000.0	cluster_2	BO-82Tapyta/BO-82TAPYTA_20250413_223002.wav
13444	1	1	28.0	32.0	0.0	8000.0	cluster_2	BO-82Tapyta/BO-82TAPYTA_20250416_214702.wav
13445	1	1	42.0	46.0	0.0	8000.0	cluster_2	BO-82Tapyta/BO-82TAPYTA_20250427_230402.wav
13446	1	1			0.0	8000.0		
13447	1	1			0.0	8000.0		
13448	1	1			0.0	8000.0		
13449	1	1			0.0	8000.0		
13450	1	1	2.0	6.0	0.0	8000.0	cluster_2	BO-82Tapyta/BO-82TAPYTA_20250411_225302.wav
13451	1	1			0.0	8000.0		
13452	1	1			0.0	8000.0		
13453	1	1			0.0	8000.0		
13454	1	1			0.0	8000.0		
13455	1	1	14.0	18.0	0.0	8000.0	cluster_2	BO-82Tapyta/BO-82TAPYTA_20250415_224302.wav
13456	1	1			0.0	8000.0		
13457	1	1			0.0	8000.0		
13458	1	1			0.0	8000.0		
13459	1	1			0.0	8000.0		
13460	1	1			0.0	8000.0		
13461	1	1			0.0	8000.0		
13462	1	1			0.0	8000.0		
13463	1	1			0.0	8000.0		
13464	1	1	52.0	56.0	0.0	8000.0	cluster_2	BO-82Tapyta/BO-82TAPYTA_20250424_001602.wav
13465	1	1			0.0	8000.0		
13466	1	1			0.0	8000.0		
13467	1	1			0.0	8000.0		
13468	1	1			0.0	8000.0		
13469	1	1			0.0	8000.0		
13470	1	1	34.0	38.0	0.0	8000.0	cluster_2	BO-81Tapyta/BO-81TAPYTA_20250415_202302.wav
13471	1	1			0.0	8000.0		
13472	1	1	42.0	46.0	0.0	8000.0	cluster_2	BO-81Tapyta/BO-81TAPYTA_20250415_201402.wav
13473	1	1			0.0	8000.0		
13474	1	1	16.0	20.0	0.0	8000.0	cluster_2	BO-82Tapyta/BO-82TAPYTA_20250417_203202.wav
13475	1	1			0.0	8000.0		
13476	1	1			0.0	8000.0		
13477	1	1			0.0	8000.0		
13478	1	1			0.0	8000.0		
13479	1	1			0.0	8000.0		
13480	1	1			0.0	8000.0		
13481	1	1			0.0	8000.0		
13482	1	1	52.0	56.0	0.0	8000.0	cluster_2	BO-81Tapyta/BO-81TAPYTA_20250416_043402.wav
13483	1	1			0.0	8000.0		
13484	1	1			0.0	8000.0		
13485	1	1			0.0	8000.0		
13486	1	1			0.0	8000.0		
13487	1	1			0.0	8000.0		
13488	1	1			0.0	8000.0		
13489	1	1			0.0	8000.0		
13490	1	1	40.0	44.0	0.0	8000.0	cluster_2	BO-82Tapyta/BO-82TAPYTA_20250414_213602.wav
13491	1	1			0.0	8000.0		
13492	1	1			0.0	8000.0		
13493	1	1			0.0	8000.0		
13494	1	1			0.0	8000.0		
13495	1	1	0.0	4.0	0.0	8000.0	cluster_2	BO-82Tapyta/BO-82TAPYTA_20250416_024602.wav
13496	1	1			0.0	8000.0		
13497	1	1			0.0	8000.0		
13498	1	1			0.0	8000.0		
13499	1	1	10.0	14.0	0.0	8000.0	cluster_2	BO-82Tapyta/BO-82TAPYTA_20250417_194802.wav
13500	1	1			0.0	8000.0		
13501	1	1			0.0	8000.0		
13502	1	1			0.0	8000.0		
13503	1	1			0.0	8000.0		
13504	1	1	32.0	36.0	0.0	8000.0	cluster_2	BO-82Tapyta/BO-82TAPYTA_20250426_233402.wav
13505	1	1			0.0	8000.0		
13506	1	1			0.0	8000.0		
13507	1	1	0.0	4.0	0.0	8000.0	cluster_2	BO-82Tapyta/BO-82TAPYTA_20250415_211002.wav
13508	1	1	12.0	16.0	0.0	8000.0	cluster_2	BO-82Tapyta/BO-82TAPYTA_20250416_033202.wav
13509	1	1	8.0	12.0	0.0	8000.0	cluster_2	BO-82Tapyta/BO-82TAPYTA_20250427_224802.wav
13510	1	1			0.0	8000.0		
13511	1	1			0.0	8000.0		
13512	1	1			0.0	8000.0		
13513	1	1			0.0	8000.0		
13514	1	1			0.0	8000.0		
13515	1	1			0.0	8000.0		
13516	1	1	8.0	12.0	0.0	8000.0	cluster_2	BO-82Tapyta/BO-82TAPYTA_20250413_200902.wav
13517	1	1			0.0	8000.0		
13518	1	1			0.0	8000.0		
13519	1	1			0.0	8000.0		
13520	1	1			0.0	8000.0		
13521	1	1			0.0	8000.0		
13522	1	1			0.0	8000.0		
13523	1	1	52.0	56.0	0.0	8000.0	cluster_2	BO-82Tapyta/BO-82TAPYTA_20250427_224802.wav
13524	1	1	36.0	40.0	0.0	8000.0	cluster_2	BO-82Tapyta/BO-82TAPYTA_20250411_193602.wav
13525	1	1			0.0	8000.0		
13526	1	1			0.0	8000.0		
13527	1	1	22.0	26.0	0.0	8000.0	cluster_2	BO-82Tapyta/BO-82TAPYTA_20250424_214202.wav
13528	1	1	38.0	42.0	0.0	8000.0	cluster_2	BO-82Tapyta/BO-82TAPYTA_20250416_053702.wav
13529	1	1	18.0	22.0	0.0	8000.0	cluster_2	BO-82Tapyta/BO-82TAPYTA_20250427_045002.wav
13530	1	1	20.0	24.0	0.0	8000.0	cluster_2	BO-82Tapyta/BO-82TAPYTA_20250415_211402.wav
13531	1	1			0.0	8000.0		
13532	1	1			0.0	8000.0		
13533	1	1			0.0	8000.0		
13534	1	1			0.0	8000.0		
13535	1	1			0.0	8000.0		
13536	1	1	48.0	52.0	0.0	8000.0	cluster_2	BO-82Tapyta/BO-82TAPYTA_20250426_220102.wav
13537	1	1			0.0	8000.0		
13538	1	1			0.0	8000.0		
13539	1	1			0.0	8000.0		
13540	1	1			0.0	8000.0		
13541	1	1			0.0	8000.0		
13542	1	1			0.0	8000.0		
13543	1	1	2.0	6.0	0.0	8000.0	cluster_2	BO-82Tapyta/BO-82TAPYTA_20250415_232402.wav
13544	1	1			0.0	8000.0		
13545	1	1	46.0	50.0	0.0	8000.0	cluster_2	BO-82Tapyta/BO-82TAPYTA_20250427_230802.wav
13546	1	1			0.0	8000.0		
13547	1	1	30.0	34.0	0.0	8000.0	cluster_2	BO-82Tapyta/BO-82TAPYTA_20250418_005002.wav
13548	1	1	48.0	52.0	0.0	8000.0	cluster_2	BO-82Tapyta/BO-82TAPYTA_20250427_203202.wav
13549	1	1			0.0	8000.0		
13550	1	1			0.0	8000.0		
13551	1	1			0.0	8000.0		
13552	1	1	22.0	26.0	0.0	8000.0	cluster_2	BO-82Tapyta/BO-82TAPYTA_20250412_031602.wav
13553	1	1			0.0	8000.0		
13554	1	1			0.0	8000.0		
13555	1	1	10.0	14.0	0.0	8000.0	cluster_2	BO-82Tapyta/BO-82TAPYTA_20250412_015802.wav
13556	1	1			0.0	8000.0		
13557	1	1			0.0	8000.0		
13558	1	1	28.0	32.0	0.0	8000.0	cluster_2	BO-82Tapyta/BO-82TAPYTA_20250415_231502.wav
13559	1	1			0.0	8000.0		
13560	1	1	0.0	4.0	0.0	8000.0	cluster_2	BO-82Tapyta/BO-82TAPYTA_20250412_042802.wav
13561	1	1			0.0	8000.0		
13562	1	1			0.0	8000.0		
13563	1	1			0.0	8000.0		
13564	1	1			0.0	8000.0		
13565	1	1	6.0	10.0	0.0	8000.0	cluster_2	BO-82Tapyta/BO-82TAPYTA_20250502_203402.wav
13566	1	1			0.0	8000.0		
13567	1	1			0.0	8000.0		
13568	1	1			0.0	8000.0		
13569	1	1			0.0	8000.0		
13570	1	1	8.0	12.0	0.0	8000.0	cluster_2	BO-82Tapyta/BO-82TAPYTA_20250418_044302.wav
13571	1	1			0.0	8000.0		
13572	1	1			0.0	8000.0		
13573	1	1			0.0	8000.0		
13574	1	1			0.0	8000.0		
13575	1	1			0.0	8000.0		
13576	1	1			0.0	8000.0		
13577	1	1			0.0	8000.0		
13578	1	1			0.0	8000.0		
13579	1	1	8.0	12.0	0.0	8000.0	cluster_2	BO-82Tapyta/BO-82TAPYTA_20250424_213502.wav
13580	1	1			0.0	8000.0		
13581	1	1	0.0	4.0	0.0	8000.0	cluster_2	BO-82Tapyta/BO-82TAPYTA_20250415_204202.wav
13582	1	1			0.0	8000.0		
13583	1	1			0.0	8000.0		
13584	1	1	52.0	56.0	0.0	8000.0	cluster_2	BO-82Tapyta/BO-82TAPYTA_20250426_013802.wav
13585	1	1			0.0	8000.0		
13586	1	1	34.0	38.0	0.0	8000.0	cluster_2	BO-82Tapyta/BO-82TAPYTA_20250424_213502.wav
13587	1	1			0.0	8000.0		
13588	1	1			0.0	8000.0		
13589	1	1			0.0	8000.0		
13590	1	1			0.0	8000.0		
13591	1	1			0.0	8000.0		
13592	1	1			0.0	8000.0		
13593	1	1			0.0	8000.0		
13594	1	1			0.0	8000.0		
13595	1	1			0.0	8000.0		
13596	1	1			0.0	8000.0		
13597	1	1			0.0	8000.0		
13598	1	1			0.0	8000.0		
13599	1	1	30.0	34.0	0.0	8000.0	cluster_2	BO-82Tapyta/BO-82TAPYTA_20250426_005202.wav
13600	1	1			0.0	8000.0		
13601	1	1			0.0	8000.0		
13602	1	1			0.0	8000.0		
13603	1	1	42.0	46.0	0.0	8000.0	cluster_2	BO-82Tapyta/BO-82TAPYTA_20250417_001602.wav
13604	1	1			0.0	8000.0		
13605	1	1			0.0	8000.0		
13606	1	1			0.0	8000.0		
13607	1	1			0.0	8000.0		
13608	1	1	34.0	38.0	0.0	8000.0	cluster_2	BO-82Tapyta/BO-82TAPYTA_20250425_013402.wav
13609	1	1			0.0	8000.0		
13610	1	1	38.0	42.0	0.0	8000.0	cluster_2	BO-82Tapyta/BO-82TAPYTA_20250425_193202.wav
13611	1	1			0.0	8000.0		
13612	1	1			0.0	8000.0		
13613	1	1			0.0	8000.0		
13614	1	1	26.0	30.0	0.0	8000.0	cluster_2	BO-82Tapyta/BO-82TAPYTA_20250415_194002.wav
13615	1	1			0.0	8000.0		
13616	1	1			0.0	8000.0		
13617	1	1			0.0	8000.0		
13618	1	1			0.0	8000.0		
13619	1	1			0.0	8000.0		
13620	1	1			0.0	8000.0		
13621	1	1	38.0	42.0	0.0	8000.0	cluster_2	BO-82Tapyta/BO-82TAPYTA_20250415_235002.wav
13622	1	1			0.0	8000.0		
13623	1	1			0.0	8000.0		
13624	1	1	40.0	44.0	0.0	8000.0	cluster_2	BO-82Tapyta/BO-82TAPYTA_20250412_025502.wav
13625	1	1			0.0	8000.0		
13626	1	1			0.0	8000.0		
13627	1	1			0.0	8000.0		
13628	1	1			0.0	8000.0		
13629	1	1	6.0	10.0	0.0	8000.0	cluster_2	BO-82Tapyta/BO-82TAPYTA_20250417_041402.wav
13630	1	1			0.0	8000.0		
13631	1	1	24.0	28.0	0.0	8000.0	cluster_2	BO-81Tapyta/BO-81TAPYTA_20250416_023902.wav
13632	1	1			0.0	8000.0		
13633	1	1			0.0	8000.0		
13634	1	1			0.0	8000.0		
13635	1	1	42.0	46.0	0.0	8000.0	cluster_2	BO-82Tapyta/BO-82TAPYTA_20250424_231702.wav
13636	1	1	30.0	34.0	0.0	8000.0	cluster_2	BO-82Tapyta/BO-82TAPYTA_20250425_211502.wav
13637	1	1			0.0	8000.0		
13638	1	1			0.0	8000.0		
13639	1	1			0.0	8000.0		
13640	1	1			0.0	8000.0		
13641	1	1			0.0	8000.0		
13642	1	1			0.0	8000.0		
13643	1	1			0.0	8000.0		
13644	1	1	16.0	20.0	0.0	8000.0	cluster_2	BO-82Tapyta/BO-82TAPYTA_20250502_220702.wav
13645	1	1			0.0	8000.0		
13646	1	1			0.0	8000.0		
13647	1	1	24.0	28.0	0.0	8000.0	cluster_2	BO-82Tapyta/BO-82TAPYTA_20250501_192502.wav
13648	1	1			0.0	8000.0		
13649	1	1			0.0	8000.0		
13650	1	1	36.0	40.0	0.0	8000.0	cluster_2	BO-82Tapyta/BO-82TAPYTA_20250427_055502.wav
13651	1	1	52.0	56.0	0.0	8000.0	cluster_2	BO-81Tapyta/BO-81TAPYTA_20250415_223402.wav
13652	1	1			0.0	8000.0		
13653	1	1			0.0	8000.0		
13654	1	1			0.0	8000.0		
13655	1	1			0.0	8000.0		
13656	1	1			0.0	8000.0		
13657	1	1			0.0	8000.0		
13658	1	1			0.0	8000.0		
13659	1	1			0.0	8000.0		
13660	1	1			0.0	8000.0		
13661	1	1			0.0	8000.0		
13662	1	1			0.0	8000.0		
13663	1	1	30.0	34.0	0.0	8000.0	cluster_2	BO-82Tapyta/BO-82TAPYTA_20250414_205002.wav
13664	1	1			0.0	8000.0		
13665	1	1	18.0	22.0	0.0	8000.0	cluster_2	BO-82Tapyta/BO-82TAPYTA_20250427_044802.wav
13666	1	1			0.0	8000.0		
13667	1	1			0.0	8000.0		
13668	1	1			0.0	8000.0		
13669	1	1			0.0	8000.0		
13670	1	1			0.0	8000.0		
13671	1	1			0.0	8000.0		
13672	1	1	34.0	38.0	0.0	8000.0	cluster_2	BO-81Tapyta/BO-81TAPYTA_20250415_213002.wav
13673	1	1	30.0	34.0	0.0	8000.0	cluster_2	BO-82Tapyta/BO-82TAPYTA_20250415_224002.wav
13674	1	1			0.0	8000.0		
13675	1	1	18.0	22.0	0.0	8000.0	cluster_2	BO-82Tapyta/BO-82TAPYTA_20250502_221802.wav
13676	1	1			0.0	8000.0		
13677	1	1			0.0	8000.0		
13678	1	1			0.0	8000.0		
13679	1	1			0.0	8000.0		
13680	1	1			0.0	8000.0		
13681	1	1	24.0	28.0	0.0	8000.0	cluster_2	BO-82Tapyta/BO-82TAPYTA_20250425_232602.wav
13682	1	1	2.0	6.0	0.0	8000.0	cluster_2	BO-82Tapyta/BO-82TAPYTA_20250424_221502.wav
13683	1	1	52.0	56.0	0.0	8000.0	cluster_2	BO-81Tapyta/BO-81TAPYTA_20250415_230402.wav
13684	1	1			0.0	8000.0		
13685	1	1			0.0	8000.0		
13686	1	1			0.0	8000.0		
13687	1	1			0.0	8000.0		
13688	1	1	16.0	20.0	0.0	8000.0	cluster_2	BO-82Tapyta/BO-82TAPYTA_20250418_040202.wav
13689	1	1	40.0	44.0	0.0	8000.0	cluster_2	BO-82Tapyta/BO-82TAPYTA_20250426_192402.wav
13690	1	1	26.0	30.0	0.0	8000.0	cluster_2	BO-82Tapyta/BO-82TAPYTA_20250426_042902.wav
13691	1	1	46.0	50.0	0.0	8000.0	cluster_2	BO-82Tapyta/BO-82TAPYTA_20250417_035502.wav
13692	1	1			0.0	8000.0		
13693	1	1			0.0	8000.0		
13694	1	1			0.0	8000.0		
13695	1	1			0.0	8000.0		
13696	1	1	32.0	36.0	0.0	8000.0	cluster_2	BO-81Tapyta/BO-81TAPYTA_20250415_233502.wav
13697	1	1			0.0	8000.0		
13698	1	1	34.0	38.0	0.0	8000.0	cluster_2	BO-81Tapyta/BO-81TAPYTA_20250411_204502.wav
13699	1	1			0.0	8000.0		
13700	1	1			0.0	8000.0		
13701	1	1			0.0	8000.0		
13702	1	1			0.0	8000.0		
13703	1	1			0.0	8000.0		
13704	1	1			0.0	8000.0		
13705	1	1	42.0	46.0	0.0	8000.0	cluster_2	BO-82Tapyta/BO-82TAPYTA_20250411_193002.wav
13706	1	1			0.0	8000.0		
13707	1	1			0.0	8000.0		
13708	1	1	38.0	42.0	0.0	8000.0	cluster_2	BO-82Tapyta/BO-82TAPYTA_20250417_000702.wav
13709	1	1			0.0	8000.0		
13710	1	1			0.0	8000.0		
13711	1	1			0.0	8000.0		
13712	1	1			0.0	8000.0		
13713	1	1			0.0	8000.0		
13714	1	1			0.0	8000.0		
13715	1	1			0.0	8000.0		
13716	1	1			0.0	8000.0		
13717	1	1	38.0	42.0	0.0	8000.0	cluster_2	BO-82Tapyta/BO-82TAPYTA_20250426_050202.wav
13718	1	1	48.0	52.0	0.0	8000.0	cluster_2	BO-82Tapyta/BO-82TAPYTA_20250427_215402.wav
13719	1	1			0.0	8000.0		
13720	1	1			0.0	8000.0		
13721	1	1	32.0	36.0	0.0	8000.0	cluster_2	BO-81Tapyta/BO-81TAPYTA_20250414_212602.wav
13722	1	1	48.0	52.0	0.0	8000.0	cluster_2	BO-82Tapyta/BO-82TAPYTA_20250417_220002.wav
13723	1	1			0.0	8000.0		
13724	1	1	16.0	20.0	0.0	8000.0	cluster_2	BO-82Tapyta/BO-82TAPYTA_20250417_213202.wav
13725	1	1			0.0	8000.0		
13726	1	1	38.0	42.0	0.0	8000.0	cluster_2	BO-82Tapyta/BO-82TAPYTA_20250416_203602.wav
13727	1	1			0.0	8000.0		
13728	1	1			0.0	8000.0		
13729	1	1			0.0	8000.0		
13730	1	1			0.0	8000.0		
13731	1	1			0.0	8000.0		
13732	1	1			0.0	8000.0		
13733	1	1			0.0	8000.0		
13734	1	1			0.0	8000.0		
13735	1	1			0.0	8000.0		
13736	1	1			0.0	8000.0		
13737	1	1	10.0	14.0	0.0	8000.0	cluster_2	BO-82Tapyta/BO-82TAPYTA_20250427_231002.wav
13738	1	1			0.0	8000.0		
13739	1	1			0.0	8000.0		
13740	1	1			0.0	8000.0		
13741	1	1			0.0	8000.0		
13742	1	1	52.0	56.0	0.0	8000.0	cluster_2	BO-82Tapyta/BO-82TAPYTA_20250416_232402.wav
13743	1	1	38.0	42.0	0.0	8000.0	cluster_2	BO-82Tapyta/BO-82TAPYTA_20250424_213402.wav
13744	1	1			0.0	8000.0		
13745	1	1	10.0	14.0	0.0	8000.0	cluster_2	BO-82Tapyta/BO-82TAPYTA_20250417_004502.wav
13746	1	1			0.0	8000.0		
13747	1	1			0.0	8000.0		
13748	1	1			0.0	8000.0		
13749	1	1			0.0	8000.0		
13750	1	1	42.0	46.0	0.0	8000.0	cluster_2	BO-81Tapyta/BO-81TAPYTA_20250411_213302.wav
13751	1	1			0.0	8000.0		
13752	1	1	48.0	52.0	0.0	8000.0	cluster_2	BO-82Tapyta/BO-82TAPYTA_20250426_020002.wav
13753	1	1			0.0	8000.0		
13754	1	1			0.0	8000.0		
13755	1	1			0.0	8000.0		
13756	1	1			0.0	8000.0		
13757	1	1			0.0	8000.0		
13758	1	1	34.0	38.0	0.0	8000.0	cluster_2	BO-82Tapyta/BO-82TAPYTA_20250423_223502.wav
13759	1	1			0.0	8000.0		
13760	1	1			0.0	8000.0		
13761	1	1			0.0	8000.0		
13762	1	1			0.0	8000.0		
13763	1	1			0.0	8000.0		
13764	1	1			0.0	8000.0		
13765	1	1	28.0	32.0	0.0	8000.0	cluster_2	BO-82Tapyta/BO-82TAPYTA_20250427_014002.wav
13766	1	1			0.0	8000.0		
13767	1	1			0.0	8000.0		
13768	1	1			0.0	8000.0		
13769	1	1			0.0	8000.0		
13770	1	1			0.0	8000.0		
13771	1	1			0.0	8000.0		
13772	1	1	16.0	20.0	0.0	8000.0	cluster_2	BO-82Tapyta/BO-82TAPYTA_20250424_224302.wav
13773	1	1			0.0	8000.0		
13774	1	1			0.0	8000.0		
13775	1	1			0.0	8000.0		
13776	1	1			0.0	8000.0		
13777	1	1	4.0	8.0	0.0	8000.0	cluster_2	BO-82Tapyta/BO-82TAPYTA_20250426_002902.wav
13778	1	1			0.0	8000.0		
13779	1	1			0.0	8000.0		
13780	1	1			0.0	8000.0		
13781	1	1			0.0	8000.0		
13782	1	1	22.0	26.0	0.0	8000.0	cluster_2	BO-82Tapyta/BO-82TAPYTA_20250414_222902.wav
13783	1	1			0.0	8000.0		
13784	1	1			0.0	8000.0		
13785	1	1	20.0	24.0	0.0	8000.0	cluster_2	BO-82Tapyta/BO-82TAPYTA_20250418_023402.wav
13786	1	1			0.0	8000.0		
13787	1	1			0.0	8000.0		
13788	1	1			0.0	8000.0		
13789	1	1			0.0	8000.0		
13790	1	1			0.0	8000.0		
13791	1	1	0.0	4.0	0.0	8000.0	cluster_2	BO-82Tapyta/BO-82TAPYTA_20250425_205002.wav
13792	1	1	34.0	38.0	0.0	8000.0	cluster_2	BO-82Tapyta/BO-82TAPYTA_20250427_003102.wav
13793	1	1			0.0	8000.0		
13794	1	1			0.0	8000.0		
13795	1	1			0.0	8000.0		
13796	1	1			0.0	8000.0		
13797	1	1			0.0	8000.0		
13798	1	1	12.0	16.0	0.0	8000.0	cluster_2	BO-82Tapyta/BO-82TAPYTA_20250412_044702.wav
13799	1	1	6.0	10.0	0.0	8000.0	cluster_2	BO-81Tapyta/BO-81TAPYTA_20250415_200802.wav
13800	1	1			0.0	8000.0		
13801	1	1			0.0	8000.0		
13802	1	1	16.0	20.0	0.0	8000.0	cluster_2	BO-82Tapyta/BO-82TAPYTA_20250413_202702.wav
13803	1	1			0.0	8000.0		
13804	1	1	50.0	54.0	0.0	8000.0	cluster_2	BO-82Tapyta/BO-82TAPYTA_20250425_195202.wav
13805	1	1	26.0	30.0	0.0	8000.0	cluster_2	BO-81Tapyta/BO-81TAPYTA_20250412_032802.wav
13806	1	1			0.0	8000.0		
13807	1	1			0.0	8000.0		
13808	1	1	6.0	10.0	0.0	8000.0	cluster_2	BO-82Tapyta/BO-82TAPYTA_20250416_005902.wav
13809	1	1			0.0	8000.0		
13810	1	1			0.0	8000.0		
13811	1	1			0.0	8000.0		
13812	1	1			0.0	8000.0		
13813	1	1	16.0	20.0	0.0	8000.0	cluster_2	BO-82Tapyta/BO-82TAPYTA_20250414_222702.wav
13814	1	1	46.0	50.0	0.0	8000.0	cluster_2	BO-81Tapyta/BO-81TAPYTA_20250415_230602.wav
13815	1	1			0.0	8000.0		
13816	1	1			0.0	8000.0		
13817	1	1	46.0	50.0	0.0	8000.0	cluster_2	BO-82Tapyta/BO-82TAPYTA_20250417_031002.wav
13818	1	1			0.0	8000.0		
13819	1	1	20.0	24.0	0.0	8000.0	cluster_2	BO-82Tapyta/BO-82TAPYTA_20250416_200902.wav
13820	1	1			0.0	8000.0		
13821	1	1			0.0	8000.0		
13822	1	1			0.0	8000.0		
13823	1	1			0.0	8000.0		
13824	1	1	24.0	28.0	0.0	8000.0	cluster_2	BO-82Tapyta/BO-82TAPYTA_20250416_004302.wav
13825	1	1			0.0	8000.0		
13826	1	1			0.0	8000.0		
13827	1	1			0.0	8000.0		
13828	1	1	10.0	14.0	0.0	8000.0	cluster_2	BO-82Tapyta/BO-82TAPYTA_20250417_021202.wav
13829	1	1	16.0	20.0	0.0	8000.0	cluster_2	BO-82Tapyta/BO-82TAPYTA_20250418_015102.wav
13830	1	1			0.0	8000.0		
13831	1	1	38.0	42.0	0.0	8000.0	cluster_2	BO-81Tapyta/BO-81TAPYTA_20250413_212502.wav
13832	1	1			0.0	8000.0		
13833	1	1			0.0	8000.0		
13834	1	1			0.0	8000.0		
13835	1	1	10.0	14.0	0.0	8000.0	cluster_2	BO-82Tapyta/BO-82TAPYTA_20250412_023302.wav
13836	1	1	38.0	42.0	0.0	8000.0	cluster_2	BO-81Tapyta/BO-81TAPYTA_20250411_234502.wav
13837	1	1			0.0	8000.0		
13838	1	1			0.0	8000.0		
13839	1	1			0.0	8000.0		
13840	1	1			0.0	8000.0		
13841	1	1			0.0	8000.0		
13842	1	1			0.0	8000.0		
13843	1	1			0.0	8000.0		
13844	1	1	48.0	52.0	0.0	8000.0	cluster_2	BO-82Tapyta/BO-82TAPYTA_20250502_220202.wav
13845	1	1			0.0	8000.0		
13846	1	1			0.0	8000.0		
13847	1	1			0.0	8000.0		
13848	1	1			0.0	8000.0		
13849	1	1	22.0	26.0	0.0	8000.0	cluster_2	BO-82Tapyta/BO-82TAPYTA_20250416_223502.wav
13850	1	1	38.0	42.0	0.0	8000.0	cluster_2	BO-82Tapyta/BO-82TAPYTA_20250414_223302.wav
13851	1	1			0.0	8000.0		
13852	1	1	28.0	32.0	0.0	8000.0	cluster_2	BO-81Tapyta/BO-81TAPYTA_20250412_004802.wav
13853	1	1			0.0	8000.0		
13854	1	1	22.0	26.0	0.0	8000.0	cluster_2	BO-82Tapyta/BO-82TAPYTA_20250424_231202.wav
13855	1	1	50.0	54.0	0.0	8000.0	cluster_2	BO-82Tapyta/BO-82TAPYTA_20250418_000202.wav
13856	1	1	44.0	48.0	0.0	8000.0	cluster_2	BO-81Tapyta/BO-81TAPYTA_20250412_042802.wav
13857	1	1			0.0	8000.0		
13858	1	1	6.0	10.0	0.0	8000.0	cluster_2	BO-82Tapyta/BO-82TAPYTA_20250426_035702.wav
13859	1	1			0.0	8000.0		
13860	1	1			0.0	8000.0		
13861	1	1			0.0	8000.0		
13862	1	1			0.0	8000.0		
13863	1	1			0.0	8000.0		
13864	1	1			0.0	8000.0		
13865	1	1			0.0	8000.0		
13866	1	1	4.0	8.0	0.0	8000.0	cluster_2	BO-82Tapyta/BO-82TAPYTA_20250426_230202.wav
13867	1	1			0.0	8000.0		
13868	1	1			0.0	8000.0		
13869	1	1	38.0	42.0	0.0	8000.0	cluster_2	BO-82Tapyta/BO-82TAPYTA_20250427_042202.wav
13870	1	1			0.0	8000.0		
13871	1	1			0.0	8000.0		
13872	1	1			0.0	8000.0		
13873	1	1			0.0	8000.0		
13874	1	1	4.0	8.0	0.0	8000.0	cluster_2	BO-82Tapyta/BO-82TAPYTA_20250416_042302.wav
13875	1	1			0.0	8000.0		
13876	1	1			0.0	8000.0		
13877	1	1			0.0	8000.0		
13878	1	1	28.0	32.0	0.0	8000.0	cluster_2	BO-82Tapyta/BO-82TAPYTA_20250412_012302.wav
13879	1	1			0.0	8000.0		
13880	1	1	30.0	34.0	0.0	8000.0	cluster_2	BO-82Tapyta/BO-82TAPYTA_20250426_020602.wav
13881	1	1			0.0	8000.0		
13882	1	1	10.0	14.0	0.0	8000.0	cluster_2	BO-82Tapyta/BO-82TAPYTA_20250416_023102.wav
13883	1	1			0.0	8000.0		
13884	1	1	22.0	26.0	0.0	8000.0	cluster_2	BO-82Tapyta/BO-82TAPYTA_20250415_203202.wav
13885	1	1			0.0	8000.0		
13886	1	1			0.0	8000.0		
13887	1	1	24.0	28.0	0.0	8000.0	cluster_2	BO-81Tapyta/BO-81TAPYTA_20250416_035002.wav
13888	1	1			0.0	8000.0		
13889	1	1			0.0	8000.0		
13890	1	1			0.0	8000.0		
13891	1	1			0.0	8000.0		
13892	1	1			0.0	8000.0		
13893	1	1			0.0	8000.0		
13894	1	1			0.0	8000.0		
13895	1	1			0.0	8000.0		
13896	1	1			0.0	8000.0		
13897	1	1			0.0	8000.0		
13898	1	1			0.0	8000.0		
13899	1	1			0.0	8000.0		
13900	1	1			0.0	8000.0		
13901	1	1			0.0	8000.0		
13902	1	1	48.0	52.0	0.0	8000.0	cluster_2	BO-82Tapyta/BO-82TAPYTA_20250426_013902.wav
13903	1	1			0.0	8000.0		
13904	1	1			0.0	8000.0		
13905	1	1	22.0	26.0	0.0	8000.0	cluster_2	BO-82Tapyta/BO-82TAPYTA_20250427_003002.wav
13906	1	1			0.0	8000.0		
13907	1	1	42.0	46.0	0.0	8000.0	cluster_2	BO-82Tapyta/BO-82TAPYTA_20250418_015502.wav
13908	1	1			0.0	8000.0		
13909	1	1	36.0	40.0	0.0	8000.0	cluster_2	BO-81Tapyta/BO-81TAPYTA_20250415_235502.wav
13910	1	1			0.0	8000.0		
13911	1	1			0.0	8000.0		
13912	1	1			0.0	8000.0		
13913	1	1	46.0	50.0	0.0	8000.0	cluster_2	BO-82Tapyta/BO-82TAPYTA_20250417_015602.wav
13914	1	1			0.0	8000.0		
13915	1	1			0.0	8000.0		
13916	1	1			0.0	8000.0		
13917	1	1			0.0	8000.0		
13918	1	1			0.0	8000.0		
13919	1	1			0.0	8000.0		
13920	1	1			0.0	8000.0		
13921	1	1			0.0	8000.0		
13922	1	1			0.0	8000.0		
13923	1	1			0.0	8000.0		
13924	1	1			0.0	8000.0		
13925	1	1			0.0	8000.0		
13926	1	1			0.0	8000.0		
13927	1	1			0.0	8000.0		
13928	1	1			0.0	8000.0		
13929	1	1			0.0	8000.0		
13930	1	1			0.0	8000.0		
13931	1	1			0.0	8000.0		
13932	1	1			0.0	8000.0		
13933	1	1			0.0	8000.0		
13934	1	1			0.0	8000.0		
13935	1	1			0.0	8000.0		
13936	1	1			0.0	8000.0		
13937	1	1	0.0	4.0	0.0	8000.0	cluster_2	BO-82Tapyta/BO-82TAPYTA_20250415_200302.wav
13938	1	1	38.0	42.0	0.0	8000.0	cluster_2	BO-81Tapyta/BO-81TAPYTA_20250416_021502.wav
13939	1	1			0.0	8000.0		
13940	1	1			0.0	8000.0		
13941	1	1			0.0	8000.0		
13942	1	1	42.0	46.0	0.0	8000.0	cluster_2	BO-81Tapyta/BO-81TAPYTA_20250416_030602.wav
13943	1	1	34.0	38.0	0.0	8000.0	cluster_2	BO-82Tapyta/BO-82TAPYTA_20250502_222002.wav
13944	1	1			0.0	8000.0		
13945	1	1			0.0	8000.0		
13946	1	1			0.0	8000.0		
13947	1	1			0.0	8000.0		
13948	1	1			0.0	8000.0		
13949	1	1	2.0	6.0	0.0	8000.0	cluster_2	BO-82Tapyta/BO-82TAPYTA_20250425_030702.wav
13950	1	1			0.0	8000.0		
13951	1	1	22.0	26.0	0.0	8000.0	cluster_2	BO-82Tapyta/BO-82TAPYTA_20250416_013302.wav
13952	1	1			0.0	8000.0		
13953	1	1	2.0	6.0	0.0	8000.0	cluster_2	BO-82Tapyta/BO-82TAPYTA_20250417_201402.wav
13954	1	1	36.0	40.0	0.0	8000.0	cluster_2	BO-82Tapyta/BO-82TAPYTA_20250418_005402.wav
13955	1	1			0.0	8000.0		
13956	1	1			0.0	8000.0		
13957	1	1			0.0	8000.0		
13958	1	1			0.0	8000.0		
13959	1	1			0.0	8000.0		
13960	1	1			0.0	8000.0		
13961	1	1			0.0	8000.0		
13962	1	1			0.0	8000.0		
13963	1	1			0.0	8000.0		
13964	1	1			0.0	8000.0		
13965	1	1			0.0	8000.0		
13966	1	1			0.0	8000.0		
13967	1	1	42.0	46.0	0.0	8000.0	cluster_2	BO-82Tapyta/BO-82TAPYTA_20250427_022402.wav
13968	1	1	32.0	36.0	0.0	8000.0	cluster_2	BO-82Tapyta/BO-82TAPYTA_20250426_034902.wav
13969	1	1			0.0	8000.0		
13970	1	1			0.0	8000.0		
13971	1	1			0.0	8000.0		
13972	1	1			0.0	8000.0		
13973	1	1	38.0	42.0	0.0	8000.0	cluster_2	BO-82Tapyta/BO-82TAPYTA_20250412_033202.wav
13974	1	1			0.0	8000.0		
13975	1	1			0.0	8000.0		
13976	1	1			0.0	8000.0		
13977	1	1			0.0	8000.0		
13978	1	1	16.0	20.0	0.0	8000.0	cluster_2	BO-82Tapyta/BO-82TAPYTA_20250416_030902.wav
13979	1	1			0.0	8000.0		
13980	1	1	10.0	14.0	0.0	8000.0	cluster_2	BO-81Tapyta/BO-81TAPYTA_20250415_211302.wav
13981	1	1			0.0	8000.0		
13982	1	1			0.0	8000.0		
13983	1	1			0.0	8000.0		
13984	1	1			0.0	8000.0		
13985	1	1			0.0	8000.0		
13986	1	1			0.0	8000.0		
13987	1	1			0.0	8000.0		
13988	1	1			0.0	8000.0		
13989	1	1			0.0	8000.0		
13990	1	1			0.0	8000.0		
13991	1	1	38.0	42.0	0.0	8000.0	cluster_2	BO-81Tapyta/BO-81TAPYTA_20250415_235902.wav
13992	1	1			0.0	8000.0		
13993	1	1			0.0	8000.0		
13994	1	1			0.0	8000.0		
13995	1	1			0.0	8000.0		
13996	1	1	42.0	46.0	0.0	8000.0	cluster_2	BO-82Tapyta/BO-82TAPYTA_20250418_003802.wav
13997	1	1			0.0	8000.0		
13998	1	1	42.0	46.0	0.0	8000.0	cluster_2	BO-82Tapyta/BO-82TAPYTA_20250411_223402.wav
13999	1	1			0.0	8000.0		
14000	1	1	10.0	14.0	0.0	8000.0	cluster_2	BO-82Tapyta/BO-82TAPYTA_20250427_031502.wav
14001	1	1			0.0	8000.0		
14002	1	1			0.0	8000.0		
14003	1	1	18.0	22.0	0.0	8000.0	cluster_2	BO-82Tapyta/BO-82TAPYTA_20250418_023802.wav
14004	1	1			0.0	8000.0		
14005	1	1			0.0	8000.0		
14006	1	1			0.0	8000.0		
14007	1	1	38.0	42.0	0.0	8000.0	cluster_2	BO-82Tapyta/BO-82TAPYTA_20250417_000202.wav
14008	1	1			0.0	8000.0		
14009	1	1			0.0	8000.0		
14010	1	1	30.0	34.0	0.0	8000.0	cluster_2	BO-82Tapyta/BO-82TAPYTA_20250416_003202.wav
14011	1	1			0.0	8000.0		
14012	1	1			0.0	8000.0		
14013	1	1	18.0	22.0	0.0	8000.0	cluster_2	BO-82Tapyta/BO-82TAPYTA_20250416_040202.wav
14014	1	1			0.0	8000.0		
14015	1	1			0.0	8000.0		
14016	1	1			0.0	8000.0		
14017	1	1			0.0	8000.0		
14018	1	1			0.0	8000.0		
14019	1	1			0.0	8000.0		
14020	1	1			0.0	8000.0		
14021	1	1	8.0	12.0	0.0	8000.0	cluster_2	BO-82Tapyta/BO-82TAPYTA_20250414_205602.wav
14022	1	1			0.0	8000.0		
14023	1	1			0.0	8000.0		
14024	1	1			0.0	8000.0		
14025	1	1			0.0	8000.0		
14026	1	1	16.0	20.0	0.0	8000.0	cluster_2	BO-82Tapyta/BO-82TAPYTA_20250503_014102.wav
14027	1	1			0.0	8000.0		
14028	1	1			0.0	8000.0		
14029	1	1	14.0	18.0	0.0	8000.0	cluster_2	BO-82Tapyta/BO-82TAPYTA_20250425_205702.wav
14030	1	1			0.0	8000.0		
14031	1	1	18.0	22.0	0.0	8000.0	cluster_2	BO-82Tapyta/BO-82TAPYTA_20250416_002402.wav
14032	1	1			0.0	8000.0		
14033	1	1			0.0	8000.0		
14034	1	1			0.0	8000.0		
14035	1	1			0.0	8000.0		
14036	1	1			0.0	8000.0		
14037	1	1			0.0	8000.0		
14038	1	1			0.0	8000.0		
14039	1	1			0.0	8000.0		
14040	1	1			0.0	8000.0		
14041	1	1	18.0	22.0	0.0	8000.0	cluster_2	BO-82Tapyta/BO-82TAPYTA_20250426_043602.wav
14042	1	1			0.0	8000.0		
14043	1	1			0.0	8000.0		
14044	1	1			0.0	8000.0		
14045	1	1	4.0	8.0	0.0	8000.0	cluster_2	BO-82Tapyta/BO-82TAPYTA_20250427_200302.wav
14046	1	1			0.0	8000.0		
14047	1	1			0.0	8000.0		
14048	1	1	52.0	56.0	0.0	8000.0	cluster_2	BO-81Tapyta/BO-81TAPYTA_20250409_184702.wav
14049	1	1			0.0	8000.0		
14050	1	1			0.0	8000.0		
14051	1	1			0.0	8000.0		
14052	1	1			0.0	8000.0		
14053	1	1			0.0	8000.0		
14054	1	1			0.0	8000.0		
14055	1	1	6.0	10.0	0.0	8000.0	cluster_2	BO-81Tapyta/BO-81TAPYTA_20250411_210402.wav
14056	1	1			0.0	8000.0		
14057	1	1			0.0	8000.0		
14058	1	1			0.0	8000.0		
14059	1	1	22.0	26.0	0.0	8000.0	cluster_2	BO-81Tapyta/BO-81TAPYTA_20250416_015902.wav
14060	1	1	14.0	18.0	0.0	8000.0	cluster_2	BO-82Tapyta/BO-82TAPYTA_20250417_224802.wav
14061	1	1			0.0	8000.0		
14062	1	1	50.0	54.0	0.0	8000.0	cluster_2	BO-82Tapyta/BO-82TAPYTA_20250426_235102.wav
14063	1	1	24.0	28.0	0.0	8000.0	cluster_2	BO-82Tapyta/BO-82TAPYTA_20250416_045402.wav
14064	1	1	50.0	54.0	0.0	8000.0	cluster_2	BO-82Tapyta/BO-82TAPYTA_20250418_051602.wav
14065	1	1			0.0	8000.0		
14066	1	1			0.0	8000.0		
14067	1	1			0.0	8000.0		
14068	1	1			0.0	8000.0		
14069	1	1			0.0	8000.0		
14070	1	1	44.0	48.0	0.0	8000.0	cluster_2	BO-82Tapyta/BO-82TAPYTA_20250415_231302.wav
14071	1	1			0.0	8000.0		
14072	1	1			0.0	8000.0		
14073	1	1			0.0	8000.0		
14074	1	1	8.0	12.0	0.0	8000.0	cluster_2	BO-82Tapyta/BO-82TAPYTA_20250416_000202.wav
14075	1	1			0.0	8000.0		
14076	1	1			0.0	8000.0		
14077	1	1	34.0	38.0	0.0	8000.0	cluster_2	BO-81Tapyta/BO-81TAPYTA_20250412_010302.wav
14078	1	1			0.0	8000.0		
14079	1	1			0.0	8000.0		
14080	1	1			0.0	8000.0		
14081	1	1			0.0	8000.0		
14082	1	1	22.0	26.0	0.0	8000.0	cluster_2	BO-82Tapyta/BO-82TAPYTA_20250412_035902.wav
14083	1	1			0.0	8000.0		
14084	1	1			0.0	8000.0		
14085	1	1			0.0	8000.0		
14086	1	1	42.0	46.0	0.0	8000.0	cluster_2	BO-82Tapyta/BO-82TAPYTA_20250411_195802.wav
14087	1	1			0.0	8000.0		
14088	1	1			0.0	8000.0		
14089	1	1			0.0	8000.0		
14090	1	1			0.0	8000.0		
14091	1	1	42.0	46.0	0.0	8000.0	cluster_2	BO-82Tapyta/BO-82TAPYTA_20250417_012602.wav
14092	1	1			0.0	8000.0		
14093	1	1			0.0	8000.0		
14094	1	1			0.0	8000.0		
14095	1	1			0.0	8000.0		
14096	1	1			0.0	8000.0		
14097	1	1			0.0	8000.0		
14098	1	1	4.0	8.0	0.0	8000.0	cluster_2	BO-82Tapyta/BO-82TAPYTA_20250425_195202.wav
14099	1	1	8.0	12.0	0.0	8000.0	cluster_2	BO-81Tapyta/BO-81TAPYTA_20250415_201602.wav
14100	1	1			0.0	8000.0		
14101	1	1			0.0	8000.0		
14102	1	1			0.0	8000.0		
14103	1	1			0.0	8000.0		
14104	1	1			0.0	8000.0		
14105	1	1	22.0	26.0	0.0	8000.0	cluster_2	BO-82Tapyta/BO-82TAPYTA_20250412_044102.wav
14106	1	1			0.0	8000.0		
14107	1	1			0.0	8000.0		
14108	1	1			0.0	8000.0		
14109	1	1			0.0	8000.0		
14110	1	1			0.0	8000.0		
14111	1	1			0.0	8000.0		
14112	1	1			0.0	8000.0		
14113	1	1			0.0	8000.0		
14114	1	1			0.0	8000.0		
14115	1	1	44.0	48.0	0.0	8000.0	cluster_2	BO-82Tapyta/BO-82TAPYTA_20250416_014602.wav
14116	1	1			0.0	8000.0		
14117	1	1			0.0	8000.0		
14118	1	1			0.0	8000.0		
14119	1	1			0.0	8000.0		
14120	1	1			0.0	8000.0		
14121	1	1			0.0	8000.0		
14122	1	1			0.0	8000.0		
14123	1	1			0.0	8000.0		
14124	1	1			0.0	8000.0		
14125	1	1			0.0	8000.0		
14126	1	1			0.0	8000.0		
14127	1	1			0.0	8000.0		
14128	1	1			0.0	8000.0		
14129	1	1			0.0	8000.0		
14130	1	1			0.0	8000.0		
14131	1	1			0.0	8000.0		
14132	1	1			0.0	8000.0		
14133	1	1	48.0	52.0	0.0	8000.0	cluster_2	BO-81Tapyta/BO-81TAPYTA_20250416_010802.wav
14134	1	1			0.0	8000.0		
14135	1	1			0.0	8000.0		
14136	1	1			0.0	8000.0		
14137	1	1			0.0	8000.0		
14138	1	1			0.0	8000.0		
14139	1	1			0.0	8000.0		
14140	1	1			0.0	8000.0		
14141	1	1			0.0	8000.0		
14142	1	1			0.0	8000.0		
14143	1	1			0.0	8000.0		
14144	1	1			0.0	8000.0		
14145	1	1			0.0	8000.0		
14146	1	1			0.0	8000.0		
14147	1	1	16.0	20.0	0.0	8000.0	cluster_2	BO-82Tapyta/BO-82TAPYTA_20250416_222302.wav
14148	1	1			0.0	8000.0		
14149	1	1			0.0	8000.0		
14150	1	1			0.0	8000.0		
14151	1	1			0.0	8000.0		
14152	1	1	16.0	20.0	0.0	8000.0	cluster_2	BO-82Tapyta/BO-82TAPYTA_20250415_205002.wav
14153	1	1			0.0	8000.0		
14154	1	1			0.0	8000.0		
14155	1	1			0.0	8000.0		
14156	1	1			0.0	8000.0		
14157	1	1			0.0	8000.0		
14158	1	1	4.0	8.0	0.0	8000.0	cluster_2	BO-82Tapyta/BO-82TAPYTA_20250417_200802.wav
14159	1	1			0.0	8000.0		
14160	1	1			0.0	8000.0		
14161	1	1			0.0	8000.0		
14162	1	1			0.0	8000.0		
14163	1	1			0.0	8000.0		
14164	1	1	44.0	48.0	0.0	8000.0	cluster_2	BO-82Tapyta/BO-82TAPYTA_20250426_041802.wav
14165	1	1			0.0	8000.0		
14166	1	1			0.0	8000.0		
14167	1	1			0.0	8000.0		
14168	1	1			0.0	8000.0		
14169	1	1			0.0	8000.0		
14170	1	1			0.0	8000.0		
14171	1	1			0.0	8000.0		
14172	1	1			0.0	8000.0		
14173	1	1	40.0	44.0	0.0	8000.0	cluster_2	BO-81Tapyta/BO-81TAPYTA_20250413_200102.wav
14174	1	1			0.0	8000.0		
14175	1	1			0.0	8000.0		
14176	1	1	16.0	20.0	0.0	8000.0	cluster_2	BO-82Tapyta/BO-82TAPYTA_20250418_020802.wav
14177	1	1	32.0	36.0	0.0	8000.0	cluster_2	BO-82Tapyta/BO-82TAPYTA_20250414_190902.wav
14178	1	1			0.0	8000.0		
14179	1	1			0.0	8000.0		
14180	1	1			0.0	8000.0		
14181	1	1	30.0	34.0	0.0	8000.0	cluster_2	BO-82Tapyta/BO-82TAPYTA_20250427_022602.wav
14182	1	1			0.0	8000.0		
14183	1	1			0.0	8000.0		
14184	1	1			0.0	8000.0		
14185	1	1	52.0	56.0	0.0	8000.0	cluster_2	BO-82Tapyta/BO-82TAPYTA_20250426_212202.wav
14186	1	1	12.0	16.0	0.0	8000.0	cluster_2	BO-82Tapyta/BO-82TAPYTA_20250425_005402.wav
14187	1	1			0.0	8000.0		
14188	1	1			0.0	8000.0		
14189	1	1	40.0	44.0	0.0	8000.0	cluster_2	BO-81Tapyta/BO-81TAPYTA_20250412_042602.wav
14190	1	1			0.0	8000.0		
14191	1	1			0.0	8000.0		
14192	1	1			0.0	8000.0		
14193	1	1			0.0	8000.0		
14194	1	1			0.0	8000.0		
14195	1	1			0.0	8000.0		
14196	1	1			0.0	8000.0		
14197	1	1	12.0	16.0	0.0	8000.0	cluster_2	BO-82Tapyta/BO-82TAPYTA_20250416_021002.wav
14198	1	1			0.0	8000.0		
14199	1	1			0.0	8000.0		
14200	1	1			0.0	8000.0		
14201	1	1			0.0	8000.0		
14202	1	1			0.0	8000.0		
14203	1	1			0.0	8000.0		
14204	1	1			0.0	8000.0		
14205	1	1			0.0	8000.0		
14206	1	1			0.0	8000.0		
14207	1	1			0.0	8000.0		
14208	1	1			0.0	8000.0		
14209	1	1			0.0	8000.0		
14210	1	1			0.0	8000.0		
14211	1	1			0.0	8000.0		
14212	1	1			0.0	8000.0		
14213	1	1			0.0	8000.0		
14214	1	1			0.0	8000.0		
14215	1	1			0.0	8000.0		
14216	1	1			0.0	8000.0		
14217	1	1			0.0	8000.0		
14218	1	1	8.0	12.0	0.0	8000.0	cluster_2	BO-82Tapyta/BO-82TAPYTA_20250411_203602.wav
14219	1	1			0.0	8000.0		
14220	1	1			0.0	8000.0		
14221	1	1			0.0	8000.0		
14222	1	1			0.0	8000.0		
14223	1	1	40.0	44.0	0.0	8000.0	cluster_2	BO-82Tapyta/BO-82TAPYTA_20250417_015402.wav
14224	1	1			0.0	8000.0		
14225	1	1			0.0	8000.0		
14226	1	1			0.0	8000.0		
14227	1	1			0.0	8000.0		
14228	1	1			0.0	8000.0		
14229	1	1			0.0	8000.0		
14230	1	1	30.0	34.0	0.0	8000.0	cluster_2	BO-81Tapyta/BO-81TAPYTA_20250416_020202.wav
14231	1	1			0.0	8000.0		
14232	1	1			0.0	8000.0		
14233	1	1			0.0	8000.0		
14234	1	1	46.0	50.0	0.0	8000.0	cluster_2	BO-82Tapyta/BO-82TAPYTA_20250426_223802.wav
14235	1	1			0.0	8000.0		
14236	1	1	18.0	22.0	0.0	8000.0	cluster_2	BO-82Tapyta/BO-82TAPYTA_20250426_192202.wav
14237	1	1			0.0	8000.0		
14238	1	1			0.0	8000.0		
14239	1	1	4.0	8.0	0.0	8000.0	cluster_2	BO-82Tapyta/BO-82TAPYTA_20250418_003602.wav
14240	1	1			0.0	8000.0		
14241	1	1			0.0	8000.0		
14242	1	1			0.0	8000.0		
14243	1	1			0.0	8000.0		
14244	1	1			0.0	8000.0		
14245	1	1			0.0	8000.0		
14246	1	1			0.0	8000.0		
14247	1	1	46.0	50.0	0.0	8000.0	cluster_2	BO-82Tapyta/BO-82TAPYTA_20250412_041602.wav
14248	1	1			0.0	8000.0		
14249	1	1			0.0	8000.0		
14250	1	1			0.0	8000.0		
14251	1	1			0.0	8000.0		
14252	1	1	26.0	30.0	0.0	8000.0	cluster_2	BO-82Tapyta/BO-82TAPYTA_20250417_205202.wav
14253	1	1	40.0	44.0	0.0	8000.0	cluster_2	BO-82Tapyta/BO-82TAPYTA_20250424_232202.wav
14254	1	1			0.0	8000.0		
14255	1	1			0.0	8000.0		
14256	1	1			0.0	8000.0		
14257	1	1			0.0	8000.0		
14258	1	1	0.0	4.0	0.0	8000.0	cluster_2	BO-82Tapyta/BO-82TAPYTA_20250427_201802.wav
14259	1	1	18.0	22.0	0.0	8000.0	cluster_2	BO-82Tapyta/BO-82TAPYTA_20250418_055102.wav
14260	1	1	40.0	44.0	0.0	8000.0	cluster_2	BO-82Tapyta/BO-82TAPYTA_20250411_233202.wav
14261	1	1			0.0	8000.0		
14262	1	1	18.0	22.0	0.0	8000.0	cluster_2	BO-82Tapyta/BO-82TAPYTA_20250418_055302.wav
14263	1	1	24.0	28.0	0.0	8000.0	cluster_2	BO-82Tapyta/BO-82TAPYTA_20250415_222902.wav
14264	1	1			0.0	8000.0		
14265	1	1			0.0	8000.0		
14266	1	1			0.0	8000.0		
14267	1	1			0.0	8000.0		
14268	1	1			0.0	8000.0		
14269	1	1	48.0	52.0	0.0	8000.0	cluster_2	BO-82Tapyta/BO-82TAPYTA_20250413_213702.wav
14270	1	1			0.0	8000.0		
14271	1	1			0.0	8000.0		
14272	1	1			0.0	8000.0		
14273	1	1			0.0	8000.0		
14274	1	1	14.0	18.0	0.0	8000.0	cluster_2	BO-82Tapyta/BO-82TAPYTA_20250411_233902.wav
14275	1	1			0.0	8000.0		
14276	1	1	0.0	4.0	0.0	8000.0	cluster_2	BO-82Tapyta/BO-82TAPYTA_20250416_003002.wav
14277	1	1			0.0	8000.0		
14278	1	1			0.0	8000.0		
14279	1	1			0.0	8000.0		
14280	1	1			0.0	8000.0		
14281	1	1			0.0	8000.0		
14282	1	1			0.0	8000.0		
14283	1	1			0.0	8000.0		
14284	1	1			0.0	8000.0		
14285	1	1			0.0	8000.0		
14286	1	1			0.0	8000.0		
14287	1	1	16.0	20.0	0.0	8000.0	cluster_2	BO-82Tapyta/BO-82TAPYTA_20250426_055802.wav
14288	1	1	42.0	46.0	0.0	8000.0	cluster_2	BO-82Tapyta/BO-82TAPYTA_20250416_005702.wav
14289	1	1	48.0	52.0	0.0	8000.0	cluster_2	BO-82Tapyta/BO-82TAPYTA_20250416_204802.wav
14290	1	1			0.0	8000.0		
14291	1	1			0.0	8000.0		
14292	1	1			0.0	8000.0		
14293	1	1			0.0	8000.0		
14294	1	1			0.0	8000.0		
14295	1	1			0.0	8000.0		
14296	1	1			0.0	8000.0		
14297	1	1			0.0	8000.0		
14298	1	1			0.0	8000.0		
14299	1	1	48.0	52.0	0.0	8000.0	cluster_2	BO-81Tapyta/BO-81TAPYTA_20250416_021702.wav
14300	1	1			0.0	8000.0		
14301	1	1			0.0	8000.0		
14302	1	1			0.0	8000.0		
14303	1	1			0.0	8000.0		
14304	1	1			0.0	8000.0		
14305	1	1	28.0	32.0	0.0	8000.0	cluster_2	BO-82Tapyta/BO-82TAPYTA_20250415_205702.wav
14306	1	1			0.0	8000.0		
14307	1	1			0.0	8000.0		
14308	1	1			0.0	8000.0		
14309	1	1			0.0	8000.0		
14310	1	1	16.0	20.0	0.0	8000.0	cluster_2	BO-82Tapyta/BO-82TAPYTA_20250411_192002.wav
14311	1	1			0.0	8000.0		
14312	1	1	24.0	28.0	0.0	8000.0	cluster_2	BO-82Tapyta/BO-82TAPYTA_20250417_194702.wav
14313	1	1			0.0	8000.0		
14314	1	1	24.0	28.0	0.0	8000.0	cluster_2	BO-82Tapyta/BO-82TAPYTA_20250417_204802.wav
14315	1	1	42.0	46.0	0.0	8000.0	cluster_2	BO-81Tapyta/BO-81TAPYTA_20250413_221702.wav
14316	1	1			0.0	8000.0		
14317	1	1			0.0	8000.0		
14318	1	1			0.0	8000.0		
14319	1	1	24.0	28.0	0.0	8000.0	cluster_2	BO-82Tapyta/BO-82TAPYTA_20250425_200502.wav
14320	1	1			0.0	8000.0		
14321	1	1	16.0	20.0	0.0	8000.0	cluster_2	BO-82Tapyta/BO-82TAPYTA_20250424_211202.wav
14322	1	1			0.0	8000.0		
14323	1	1	42.0	46.0	0.0	8000.0	cluster_2	BO-82Tapyta/BO-82TAPYTA_20250415_211202.wav
14324	1	1			0.0	8000.0		
14325	1	1			0.0	8000.0		
14326	1	1			0.0	8000.0		
14327	1	1			0.0	8000.0		
14328	1	1			0.0	8000.0		
14329	1	1			0.0	8000.0		
14330	1	1			0.0	8000.0		
14331	1	1			0.0	8000.0		
14332	1	1			0.0	8000.0		
14333	1	1	20.0	24.0	0.0	8000.0	cluster_2	BO-82Tapyta/BO-82TAPYTA_20250418_004202.wav
14334	1	1			0.0	8000.0		
14335	1	1	10.0	14.0	0.0	8000.0	cluster_2	BO-82Tapyta/BO-82TAPYTA_20250416_020102.wav
14336	1	1			0.0	8000.0		
14337	1	1			0.0	8000.0		
14338	1	1	0.0	4.0	0.0	8000.0	cluster_2	BO-82Tapyta/BO-82TAPYTA_20250424_211302.wav
14339	1	1			0.0	8000.0		
14340	1	1			0.0	8000.0		
14341	1	1	6.0	10.0	0.0	8000.0	cluster_2	BO-81Tapyta/BO-81TAPYTA_20250413_220402.wav
14342	1	1			0.0	8000.0		
14343	1	1			0.0	8000.0		
14344	1	1			0.0	8000.0		
14345	1	1			0.0	8000.0		
14346	1	1	2.0	6.0	0.0	8000.0	cluster_2	BO-82Tapyta/BO-82TAPYTA_20250416_033302.wav
14347	1	1			0.0	8000.0		
14348	1	1			0.0	8000.0		
14349	1	1			0.0	8000.0		
14350	1	1			0.0	8000.0		
14351	1	1			0.0	8000.0		
14352	1	1			0.0	8000.0		
14353	1	1			0.0	8000.0		
14354	1	1			0.0	8000.0		
14355	1	1			0.0	8000.0		
14356	1	1			0.0	8000.0		
14357	1	1			0.0	8000.0		
14358	1	1			0.0	8000.0		
14359	1	1			0.0	8000.0		
14360	1	1			0.0	8000.0		
14361	1	1			0.0	8000.0		
14362	1	1			0.0	8000.0		
14363	1	1			0.0	8000.0		
14364	1	1			0.0	8000.0		
14365	1	1			0.0	8000.0		
14366	1	1	12.0	16.0	0.0	8000.0	cluster_2	BO-82Tapyta/BO-82TAPYTA_20250418_023302.wav
14367	1	1			0.0	8000.0		
14368	1	1	8.0	12.0	0.0	8000.0	cluster_2	BO-82Tapyta/BO-82TAPYTA_20250425_212902.wav
14369	1	1			0.0	8000.0		
14370	1	1	48.0	52.0	0.0	8000.0	cluster_2	BO-82Tapyta/BO-82TAPYTA_20250502_222102.wav
14371	1	1			0.0	8000.0		
14372	1	1	10.0	14.0	0.0	8000.0	cluster_2	BO-82Tapyta/BO-82TAPYTA_20250427_023602.wav
14373	1	1			0.0	8000.0		
14374	1	1			0.0	8000.0		
14375	1	1			0.0	8000.0		
14376	1	1	8.0	12.0	0.0	8000.0	cluster_2	BO-82Tapyta/BO-82TAPYTA_20250416_033002.wav
14377	1	1	32.0	36.0	0.0	8000.0	cluster_2	BO-82Tapyta/BO-82TAPYTA_20250414_215202.wav
14378	1	1	4.0	8.0	0.0	8000.0	cluster_2	BO-82Tapyta/BO-82TAPYTA_20250417_050902.wav
14379	1	1			0.0	8000.0		
14380	1	1	46.0	50.0	0.0	8000.0	cluster_2	BO-82Tapyta/BO-82TAPYTA_20250427_055002.wav
14381	1	1	20.0	24.0	0.0	8000.0	cluster_2	BO-82Tapyta/BO-82TAPYTA_20250427_051402.wav
14382	1	1			0.0	8000.0		
14383	1	1			0.0	8000.0		
14384	1	1	34.0	38.0	0.0	8000.0	cluster_2	BO-82Tapyta/BO-82TAPYTA_20250415_233602.wav
14385	1	1	38.0	42.0	0.0	8000.0	cluster_2	BO-82Tapyta/BO-82TAPYTA_20250416_043102.wav
14386	1	1			0.0	8000.0		
14387	1	1			0.0	8000.0		
14388	1	1			0.0	8000.0		
14389	1	1			0.0	8000.0		
14390	1	1			0.0	8000.0		
14391	1	1	50.0	54.0	0.0	8000.0	cluster_2	BO-81Tapyta/BO-81TAPYTA_20250413_210502.wav
14392	1	1	42.0	46.0	0.0	8000.0	cluster_2	BO-82Tapyta/BO-82TAPYTA_20250427_201302.wav
14393	1	1			0.0	8000.0		
14394	1	1			0.0	8000.0		
14395	1	1			0.0	8000.0		
14396	1	1			0.0	8000.0		
14397	1	1	4.0	8.0	0.0	8000.0	cluster_2	BO-82Tapyta/BO-82TAPYTA_20250411_203602.wav
14398	1	1			0.0	8000.0		
14399	1	1	12.0	16.0	0.0	8000.0	cluster_2	BO-82Tapyta/BO-82TAPYTA_20250417_033402.wav
14400	1	1			0.0	8000.0		
14401	1	1			0.0	8000.0		
14402	1	1			0.0	8000.0		
14403	1	1			0.0	8000.0		
14404	1	1			0.0	8000.0		
14405	1	1			0.0	8000.0		
14406	1	1			0.0	8000.0		
14407	1	1	22.0	26.0	0.0	8000.0	cluster_2	BO-82Tapyta/BO-82TAPYTA_20250425_230102.wav
14408	1	1			0.0	8000.0		
14409	1	1			0.0	8000.0		
14410	1	1			0.0	8000.0		
14411	1	1			0.0	8000.0		
14412	1	1			0.0	8000.0		
14413	1	1	26.0	30.0	0.0	8000.0	cluster_2	BO-82Tapyta/BO-82TAPYTA_20250426_050702.wav
14414	1	1			0.0	8000.0		
14415	1	1	32.0	36.0	0.0	8000.0	cluster_2	BO-82Tapyta/BO-82TAPYTA_20250415_230002.wav
14416	1	1	50.0	54.0	0.0	8000.0	cluster_2	BO-82Tapyta/BO-82TAPYTA_20250415_234702.wav
14417	1	1			0.0	8000.0		
14418	1	1	32.0	36.0	0.0	8000.0	cluster_2	BO-82Tapyta/BO-82TAPYTA_20250415_230202.wav
14419	1	1	30.0	34.0	0.0	8000.0	cluster_2	BO-81Tapyta/BO-81TAPYTA_20250414_202702.wav
14420	1	1			0.0	8000.0		
14421	1	1			0.0	8000.0		
14422	1	1			0.0	8000.0		
14423	1	1			0.0	8000.0		
14424	1	1			0.0	8000.0		
14425	1	1	48.0	52.0	0.0	8000.0	cluster_2	BO-82Tapyta/BO-82TAPYTA_20250411_231702.wav
14426	1	1			0.0	8000.0		
14427	1	1			0.0	8000.0		
14428	1	1	16.0	20.0	0.0	8000.0	cluster_2	BO-82Tapyta/BO-82TAPYTA_20250417_035302.wav
14429	1	1	14.0	18.0	0.0	8000.0	cluster_2	BO-82Tapyta/BO-82TAPYTA_20250412_053102.wav
14430	1	1			0.0	8000.0		
14431	1	1			0.0	8000.0		
14432	1	1			0.0	8000.0		
14433	1	1			0.0	8000.0		
14434	1	1			0.0	8000.0		
14435	1	1			0.0	8000.0		
14436	1	1			0.0	8000.0		
14437	1	1			0.0	8000.0		
14438	1	1	28.0	32.0	0.0	8000.0	cluster_2	BO-82Tapyta/BO-82TAPYTA_20250414_203502.wav
14439	1	1			0.0	8000.0		
14440	1	1			0.0	8000.0		
14441	1	1			0.0	8000.0		
14442	1	1			0.0	8000.0		
14443	1	1			0.0	8000.0		
14444	1	1			0.0	8000.0		
14445	1	1			0.0	8000.0		
14446	1	1	42.0	46.0	0.0	8000.0	cluster_2	BO-82Tapyta/BO-82TAPYTA_20250416_194702.wav
14447	1	1			0.0	8000.0		
14448	1	1			0.0	8000.0		
14449	1	1			0.0	8000.0		
14450	1	1			0.0	8000.0		
14451	1	1			0.0	8000.0		
14452	1	1			0.0	8000.0		
14453	1	1			0.0	8000.0		
14454	1	1			0.0	8000.0		
14455	1	1			0.0	8000.0		
14456	1	1			0.0	8000.0		
14457	1	1			0.0	8000.0		
14458	1	1			0.0	8000.0		
14459	1	1	32.0	36.0	0.0	8000.0	cluster_2	BO-82Tapyta/BO-82TAPYTA_20250424_232302.wav
14460	1	1			0.0	8000.0		
14461	1	1			0.0	8000.0		
14462	1	1			0.0	8000.0		
14463	1	1	32.0	36.0	0.0	8000.0	cluster_2	BO-82Tapyta/BO-82TAPYTA_20250424_211602.wav
14464	1	1			0.0	8000.0		
14465	1	1			0.0	8000.0		
14466	1	1			0.0	8000.0		
14467	1	1			0.0	8000.0		
14468	1	1			0.0	8000.0		
14469	1	1			0.0	8000.0		
14470	1	1			0.0	8000.0		
14471	1	1			0.0	8000.0		
14472	1	1			0.0	8000.0		
14473	1	1	18.0	22.0	0.0	8000.0	cluster_2	BO-81Tapyta/BO-81TAPYTA_20250416_005402.wav
14474	1	1			0.0	8000.0		
14475	1	1			0.0	8000.0		
14476	1	1	44.0	48.0	0.0	8000.0	cluster_2	BO-82Tapyta/BO-82TAPYTA_20250501_191902.wav
14477	1	1			0.0	8000.0		
14478	1	1	6.0	10.0	0.0	8000.0	cluster_2	BO-81Tapyta/BO-81TAPYTA_20250416_035202.wav
14479	1	1			0.0	8000.0		
14480	1	1	52.0	56.0	0.0	8000.0	cluster_2	BO-82Tapyta/BO-82TAPYTA_20250412_035302.wav
14481	1	1	24.0	28.0	0.0	8000.0	cluster_2	BO-82Tapyta/BO-82TAPYTA_20250417_042502.wav
14482	1	1			0.0	8000.0		
14483	1	1			0.0	8000.0		
14484	1	1			0.0	8000.0		
14485	1	1			0.0	8000.0		
14486	1	1	12.0	16.0	0.0	8000.0	cluster_2	BO-82Tapyta/BO-82TAPYTA_20250412_002802.wav
14487	1	1			0.0	8000.0		
14488	1	1			0.0	8000.0		
14489	1	1			0.0	8000.0		
14490	1	1			0.0	8000.0		
14491	1	1			0.0	8000.0		
14492	1	1			0.0	8000.0		
14493	1	1			0.0	8000.0		
14494	1	1			0.0	8000.0		
14495	1	1	14.0	18.0	0.0	8000.0	cluster_2	BO-82Tapyta/BO-82TAPYTA_20250426_053002.wav
14496	1	1	34.0	38.0	0.0	8000.0	cluster_2	BO-82Tapyta/BO-82TAPYTA_20250427_030902.wav
14497	1	1	12.0	16.0	0.0	8000.0	cluster_2	BO-82Tapyta/BO-82TAPYTA_20250416_194102.wav
14498	1	1			0.0	8000.0		
14499	1	1			0.0	8000.0		
14500	1	1			0.0	8000.0		
14501	1	1			0.0	8000.0		
14502	1	1			0.0	8000.0		
14503	1	1			0.0	8000.0		
14504	1	1			0.0	8000.0		
14505	1	1	40.0	44.0	0.0	8000.0	cluster_2	BO-81Tapyta/BO-81TAPYTA_20250416_032202.wav
14506	1	1	32.0	36.0	0.0	8000.0	cluster_2	BO-82Tapyta/BO-82TAPYTA_20250416_225002.wav
14507	1	1			0.0	8000.0		
14508	1	1			0.0	8000.0		
14509	1	1			0.0	8000.0		
14510	1	1			0.0	8000.0		
14511	1	1	2.0	6.0	0.0	8000.0	cluster_2	BO-82Tapyta/BO-82TAPYTA_20250424_223302.wav
14512	1	1			0.0	8000.0		
14513	1	1			0.0	8000.0		
14514	1	1	16.0	20.0	0.0	8000.0	cluster_2	BO-82Tapyta/BO-82TAPYTA_20250416_052702.wav
14515	1	1			0.0	8000.0		
14516	1	1	14.0	18.0	0.0	8000.0	cluster_2	BO-82Tapyta/BO-82TAPYTA_20250427_200002.wav
14517	1	1			0.0	8000.0		
14518	1	1			0.0	8000.0		
14519	1	1			0.0	8000.0		
14520	1	1			0.0	8000.0		
14521	1	1			0.0	8000.0		
14522	1	1			0.0	8000.0		
14523	1	1			0.0	8000.0		
14524	1	1			0.0	8000.0		
14525	1	1	2.0	6.0	0.0	8000.0	cluster_2	BO-81Tapyta/BO-81TAPYTA_20250416_004202.wav
14526	1	1			0.0	8000.0		
14527	1	1			0.0	8000.0		
14528	1	1			0.0	8000.0		
14529	1	1			0.0	8000.0		
14530	1	1			0.0	8000.0		
14531	1	1	44.0	48.0	0.0	8000.0	cluster_2	BO-82Tapyta/BO-82TAPYTA_20250426_222002.wav
14532	1	1			0.0	8000.0		
14533	1	1	38.0	42.0	0.0	8000.0	cluster_2	BO-82Tapyta/BO-82TAPYTA_20250425_005002.wav
14534	1	1	42.0	46.0	0.0	8000.0	cluster_2	BO-81Tapyta/BO-81TAPYTA_20250416_041502.wav
14535	1	1			0.0	8000.0		
14536	1	1			0.0	8000.0		
14537	1	1			0.0	8000.0		
14538	1	1	48.0	52.0	0.0	8000.0	cluster_2	BO-82Tapyta/BO-82TAPYTA_20250426_194602.wav
14539	1	1			0.0	8000.0		
14540	1	1			0.0	8000.0		
14541	1	1			0.0	8000.0		
14542	1	1			0.0	8000.0		
14543	1	1			0.0	8000.0		
14544	1	1			0.0	8000.0		
14545	1	1			0.0	8000.0		
14546	1	1			0.0	8000.0		
14547	1	1			0.0	8000.0		
14548	1	1			0.0	8000.0		
14549	1	1	18.0	22.0	0.0	8000.0	cluster_2	BO-82Tapyta/BO-82TAPYTA_20250418_043002.wav
14550	1	1	0.0	4.0	0.0	8000.0	cluster_2	BO-82Tapyta/BO-82TAPYTA_20250412_044802.wav
14551	1	1			0.0	8000.0		
14552	1	1	22.0	26.0	0.0	8000.0	cluster_2	BO-82Tapyta/BO-82TAPYTA_20250427_231702.wav
14553	1	1			0.0	8000.0		
14554	1	1			0.0	8000.0		
14555	1	1			0.0	8000.0		
14556	1	1			0.0	8000.0		
14557	1	1			0.0	8000.0		
14558	1	1			0.0	8000.0		
14559	1	1			0.0	8000.0		
14560	1	1			0.0	8000.0		
14561	1	1			0.0	8000.0		
14562	1	1			0.0	8000.0		
14563	1	1			0.0	8000.0		
14564	1	1			0.0	8000.0		
14565	1	1			0.0	8000.0		
14566	1	1			0.0	8000.0		
14567	1	1			0.0	8000.0		
14568	1	1			0.0	8000.0		
14569	1	1			0.0	8000.0		
14570	1	1			0.0	8000.0		
14571	1	1			0.0	8000.0		
14572	1	1			0.0	8000.0		
14573	1	1			0.0	8000.0		
14574	1	1			0.0	8000.0		
14575	1	1	20.0	24.0	0.0	8000.0	cluster_2	BO-82Tapyta/BO-82TAPYTA_20250427_232502.wav
14576	1	1			0.0	8000.0		
14577	1	1			0.0	8000.0		
14578	1	1			0.0	8000.0		
14579	1	1			0.0	8000.0		
14580	1	1	28.0	32.0	0.0	8000.0	cluster_2	BO-82Tapyta/BO-82TAPYTA_20250417_044202.wav
14581	1	1			0.0	8000.0		
14582	1	1			0.0	8000.0		
14583	1	1			0.0	8000.0		
14584	1	1	8.0	12.0	0.0	8000.0	cluster_2	BO-82Tapyta/BO-82TAPYTA_20250417_221502.wav
14585	1	1			0.0	8000.0		
14586	1	1			0.0	8000.0		
14587	1	1			0.0	8000.0		
14588	1	1			0.0	8000.0		
14589	1	1	12.0	16.0	0.0	8000.0	cluster_2	BO-82Tapyta/BO-82TAPYTA_20250414_212602.wav
14590	1	1			0.0	8000.0		
14591	1	1			0.0	8000.0		
14592	1	1			0.0	8000.0		
14593	1	1			0.0	8000.0		
14594	1	1			0.0	8000.0		
14595	1	1			0.0	8000.0		
14596	1	1	14.0	18.0	0.0	8000.0	cluster_2	BO-82Tapyta/BO-82TAPYTA_20250416_194102.wav
14597	1	1	32.0	36.0	0.0	8000.0	cluster_2	BO-82Tapyta/BO-82TAPYTA_20250417_194002.wav
14598	1	1	16.0	20.0	0.0	8000.0	cluster_2	BO-82Tapyta/BO-82TAPYTA_20250426_223002.wav
14599	1	1			0.0	8000.0		
14600	1	1			0.0	8000.0		
14601	1	1	4.0	8.0	0.0	8000.0	cluster_2	BO-82Tapyta/BO-82TAPYTA_20250418_041502.wav
14602	1	1			0.0	8000.0		
14603	1	1			0.0	8000.0		
14604	1	1			0.0	8000.0		
14605	1	1			0.0	8000.0		
14606	1	1	52.0	56.0	0.0	8000.0	cluster_2	BO-82Tapyta/BO-82TAPYTA_20250415_232202.wav
14607	1	1			0.0	8000.0		
14608	1	1			0.0	8000.0		
14609	1	1	36.0	40.0	0.0	8000.0	cluster_2	BO-82Tapyta/BO-82TAPYTA_20250424_222402.wav
14610	1	1			0.0	8000.0		
14611	1	1			0.0	8000.0		
14612	1	1			0.0	8000.0		
14613	1	1	4.0	8.0	0.0	8000.0	cluster_2	BO-82Tapyta/BO-82TAPYTA_20250416_202402.wav
14614	1	1	52.0	56.0	0.0	8000.0	cluster_2	BO-82Tapyta/BO-82TAPYTA_20250417_020002.wav
14615	1	1	14.0	18.0	0.0	8000.0	cluster_2	BO-82Tapyta/BO-82TAPYTA_20250425_213502.wav
14616	1	1	46.0	50.0	0.0	8000.0	cluster_2	BO-82Tapyta/BO-82TAPYTA_20250427_030802.wav
14617	1	1	24.0	28.0	0.0	8000.0	cluster_2	BO-82Tapyta/BO-82TAPYTA_20250416_032202.wav
14618	1	1			0.0	8000.0		
14619	1	1			0.0	8000.0		
14620	1	1			0.0	8000.0		
14621	1	1			0.0	8000.0		
14622	1	1			0.0	8000.0		
14623	1	1	26.0	30.0	0.0	8000.0	cluster_2	BO-81Tapyta/BO-81TAPYTA_20250415_202502.wav
14624	1	1			0.0	8000.0		
14625	1	1			0.0	8000.0		
14626	1	1			0.0	8000.0		
14627	1	1			0.0	8000.0		
14628	1	1			0.0	8000.0		
14629	1	1			0.0	8000.0		
14630	1	1			0.0	8000.0		
14631	1	1			0.0	8000.0		
14632	1	1			0.0	8000.0		
14633	1	1			0.0	8000.0		
14634	1	1			0.0	8000.0		
14635	1	1			0.0	8000.0		
14636	1	1			0.0	8000.0		
14637	1	1			0.0	8000.0		
14638	1	1			0.0	8000.0		
14639	1	1			0.0	8000.0		
14640	1	1			0.0	8000.0		
14641	1	1			0.0	8000.0		
14642	1	1			0.0	8000.0		
14643	1	1	30.0	34.0	0.0	8000.0	cluster_2	BO-82Tapyta/BO-82TAPYTA_20250415_205302.wav
14644	1	1			0.0	8000.0		
14645	1	1	52.0	56.0	0.0	8000.0	cluster_2	BO-82Tapyta/BO-82TAPYTA_20250417_235802.wav
14646	1	1			0.0	8000.0		
14647	1	1			0.0	8000.0		
14648	1	1			0.0	8000.0		
14649	1	1			0.0	8000.0		
14650	1	1			0.0	8000.0		
14651	1	1			0.0	8000.0		
14652	1	1	40.0	44.0	0.0	8000.0	cluster_2	BO-82Tapyta/BO-82TAPYTA_20250426_014102.wav
14653	1	1			0.0	8000.0		
14654	1	1			0.0	8000.0		
14655	1	1			0.0	8000.0		
14656	1	1			0.0	8000.0		
14657	1	1			0.0	8000.0		
14658	1	1			0.0	8000.0		
14659	1	1			0.0	8000.0		
14660	1	1			0.0	8000.0		
14661	1	1			0.0	8000.0		
14662	1	1			0.0	8000.0		
14663	1	1			0.0	8000.0		
14664	1	1	12.0	16.0	0.0	8000.0	cluster_2	BO-82Tapyta/BO-82TAPYTA_20250426_035102.wav
14665	1	1			0.0	8000.0		
14666	1	1			0.0	8000.0		
14667	1	1			0.0	8000.0		
14668	1	1	52.0	56.0	0.0	8000.0	cluster_2	BO-82Tapyta/BO-82TAPYTA_20250414_202802.wav
14669	1	1	20.0	24.0	0.0	8000.0	cluster_2	BO-82Tapyta/BO-82TAPYTA_20250416_205702.wav
14670	1	1	4.0	8.0	0.0	8000.0	cluster_2	BO-81Tapyta/BO-81TAPYTA_20250415_220102.wav
14671	1	1			0.0	8000.0		
14672	1	1			0.0	8000.0		
14673	1	1			0.0	8000.0		
14674	1	1			0.0	8000.0		
14675	1	1			0.0	8000.0		
14676	1	1			0.0	8000.0		
14677	1	1			0.0	8000.0		
14678	1	1			0.0	8000.0		
14679	1	1			0.0	8000.0		
14680	1	1			0.0	8000.0		
14681	1	1			0.0	8000.0		
14682	1	1	14.0	18.0	0.0	8000.0	cluster_2	BO-82Tapyta/BO-82TAPYTA_20250415_225002.wav
14683	1	1			0.0	8000.0		
14684	1	1			0.0	8000.0		
14685	1	1			0.0	8000.0		
14686	1	1	6.0	10.0	0.0	8000.0	cluster_2	BO-82Tapyta/BO-82TAPYTA_20250427_042202.wav
14687	1	1	30.0	34.0	0.0	8000.0	cluster_2	BO-82Tapyta/BO-82TAPYTA_20250502_221202.wav
14688	1	1			0.0	8000.0		
14689	1	1			0.0	8000.0		
14690	1	1	4.0	8.0	0.0	8000.0	cluster_2	BO-82Tapyta/BO-82TAPYTA_20250418_010102.wav
14691	1	1	14.0	18.0	0.0	8000.0	cluster_2	BO-82Tapyta/BO-82TAPYTA_20250427_055602.wav
14692	1	1			0.0	8000.0		
14693	1	1			0.0	8000.0		
14694	1	1			0.0	8000.0		
14695	1	1			0.0	8000.0		
14696	1	1			0.0	8000.0		
14697	1	1	26.0	30.0	0.0	8000.0	cluster_2	BO-82Tapyta/BO-82TAPYTA_20250416_000002.wav
14698	1	1	26.0	30.0	0.0	8000.0	cluster_2	BO-82Tapyta/BO-82TAPYTA_20250423_224502.wav
14699	1	1			0.0	8000.0		
14700	1	1	0.0	4.0	0.0	8000.0	cluster_2	BO-82Tapyta/BO-82TAPYTA_20250417_025202.wav
14701	1	1	44.0	48.0	0.0	8000.0	cluster_2	BO-82Tapyta/BO-82TAPYTA_20250413_210802.wav
14702	1	1			0.0	8000.0		
14703	1	1			0.0	8000.0		
14704	1	1	20.0	24.0	0.0	8000.0	cluster_2	BO-82Tapyta/BO-82TAPYTA_20250424_215802.wav
14705	1	1	30.0	34.0	0.0	8000.0	cluster_2	BO-82Tapyta/BO-82TAPYTA_20250416_004402.wav
14706	1	1			0.0	8000.0		
14707	1	1	0.0	4.0	0.0	8000.0	cluster_2	BO-82Tapyta/BO-82TAPYTA_20250415_225802.wav
14708	1	1			0.0	8000.0		
14709	1	1	0.0	4.0	0.0	8000.0	cluster_2	BO-82Tapyta/BO-82TAPYTA_20250427_230102.wav
14710	1	1			0.0	8000.0		
14711	1	1	0.0	4.0	0.0	8000.0	cluster_2	BO-82Tapyta/BO-82TAPYTA_20250424_005702.wav
14712	1	1			0.0	8000.0		
14713	1	1	30.0	34.0	0.0	8000.0	cluster_2	BO-82Tapyta/BO-82TAPYTA_20250426_015202.wav
14714	1	1	26.0	30.0	0.0	8000.0	cluster_2	BO-82Tapyta/BO-82TAPYTA_20250418_043102.wav
14715	1	1			0.0	8000.0		
14716	1	1			0.0	8000.0		
14717	1	1			0.0	8000.0		
14718	1	1			0.0	8000.0		
14719	1	1			0.0	8000.0		
14720	1	1			0.0	8000.0		
14721	1	1			0.0	8000.0		
14722	1	1			0.0	8000.0		
14723	1	1			0.0	8000.0		
14724	1	1			0.0	8000.0		
14725	1	1			0.0	8000.0		
14726	1	1			0.0	8000.0		
14727	1	1			0.0	8000.0		
14728	1	1	46.0	50.0	0.0	8000.0	cluster_2	BO-82Tapyta/BO-82TAPYTA_20250416_201502.wav
14729	1	1	20.0	24.0	0.0	8000.0	cluster_2	BO-82Tapyta/BO-82TAPYTA_20250411_193702.wav
14730	1	1			0.0	8000.0		
14731	1	1			0.0	8000.0		
14732	1	1			0.0	8000.0		
14733	1	1			0.0	8000.0		
14734	1	1	8.0	12.0	0.0	8000.0	cluster_2	BO-82Tapyta/BO-82TAPYTA_20250410_193102.wav
14735	1	1			0.0	8000.0		
14736	1	1			0.0	8000.0		
14737	1	1			0.0	8000.0		
14738	1	1	14.0	18.0	0.0	8000.0	cluster_2	BO-82Tapyta/BO-82TAPYTA_20250412_052802.wav
14739	1	1	32.0	36.0	0.0	8000.0	cluster_2	BO-82Tapyta/BO-82TAPYTA_20250417_020402.wav
14740	1	1			0.0	8000.0		
14741	1	1			0.0	8000.0		
14742	1	1			0.0	8000.0		
14743	1	1			0.0	8000.0		
14744	1	1			0.0	8000.0		
14745	1	1			0.0	8000.0		
14746	1	1			0.0	8000.0		
14747	1	1	26.0	30.0	0.0	8000.0	cluster_2	BO-82Tapyta/BO-82TAPYTA_20250427_023702.wav
14748	1	1			0.0	8000.0		
14749	1	1			0.0	8000.0		
14750	1	1			0.0	8000.0		
14751	1	1			0.0	8000.0		
14752	1	1			0.0	8000.0		
14753	1	1			0.0	8000.0		
14754	1	1	22.0	26.0	0.0	8000.0	cluster_2	BO-81Tapyta/BO-81TAPYTA_20250411_221502.wav
14755	1	1			0.0	8000.0		
14756	1	1			0.0	8000.0		
14757	1	1			0.0	8000.0		
14758	1	1			0.0	8000.0		
14759	1	1			0.0	8000.0		
14760	1	1			0.0	8000.0		
14761	1	1			0.0	8000.0		
14762	1	1			0.0	8000.0		
14763	1	1			0.0	8000.0		
14764	1	1			0.0	8000.0		
14765	1	1			0.0	8000.0		
14766	1	1			0.0	8000.0		
14767	1	1			0.0	8000.0		
14768	1	1	0.0	4.0	0.0	8000.0	cluster_2	BO-82Tapyta/BO-82TAPYTA_20250412_231202.wav
14769	1	1			0.0	8000.0		
14770	1	1			0.0	8000.0		
14771	1	1			0.0	8000.0		
14772	1	1			0.0	8000.0		
14773	1	1	2.0	6.0	0.0	8000.0	cluster_2	BO-82Tapyta/BO-82TAPYTA_20250417_030002.wav
14774	1	1			0.0	8000.0		
14775	1	1			0.0	8000.0		
14776	1	1			0.0	8000.0		
14777	1	1	42.0	46.0	0.0	8000.0	cluster_2	BO-82Tapyta/BO-82TAPYTA_20250416_052002.wav
14778	1	1			0.0	8000.0		
14779	1	1			0.0	8000.0		
14780	1	1			0.0	8000.0		
14781	1	1			0.0	8000.0		
14782	1	1			0.0	8000.0		
14783	1	1			0.0	8000.0		
14784	1	1	32.0	36.0	0.0	8000.0	cluster_2	BO-82Tapyta/BO-82TAPYTA_20250418_030702.wav
14785	1	1			0.0	8000.0		
14786	1	1			0.0	8000.0		
14787	1	1			0.0	8000.0		
14788	1	1			0.0	8000.0		
14789	1	1	38.0	42.0	0.0	8000.0	cluster_2	BO-82Tapyta/BO-82TAPYTA_20250425_201702.wav
14790	1	1	52.0	56.0	0.0	8000.0	cluster_2	BO-82Tapyta/BO-82TAPYTA_20250424_211302.wav
14791	1	1			0.0	8000.0		
14792	1	1			0.0	8000.0		
14793	1	1			0.0	8000.0		
14794	1	1			0.0	8000.0		
14795	1	1			0.0	8000.0		
14796	1	1			0.0	8000.0		
14797	1	1			0.0	8000.0		
14798	1	1			0.0	8000.0		
14799	1	1			0.0	8000.0		
14800	1	1			0.0	8000.0		
14801	1	1			0.0	8000.0		
14802	1	1			0.0	8000.0		
14803	1	1	4.0	8.0	0.0	8000.0	cluster_2	BO-82Tapyta/BO-82TAPYTA_20250426_034602.wav
14804	1	1			0.0	8000.0		
14805	1	1	28.0	32.0	0.0	8000.0	cluster_2	BO-82Tapyta/BO-82TAPYTA_20250426_220602.wav
14806	1	1	32.0	36.0	0.0	8000.0	cluster_2	BO-82Tapyta/BO-82TAPYTA_20250425_014602.wav
14807	1	1			0.0	8000.0		
14808	1	1			0.0	8000.0		
14809	1	1			0.0	8000.0		
14810	1	1			0.0	8000.0		
14811	1	1	44.0	48.0	0.0	8000.0	cluster_2	BO-82Tapyta/BO-82TAPYTA_20250426_232002.wav
14812	1	1	48.0	52.0	0.0	8000.0	cluster_2	BO-82Tapyta/BO-82TAPYTA_20250427_052702.wav
14813	1	1	20.0	24.0	0.0	8000.0	cluster_2	BO-82Tapyta/BO-82TAPYTA_20250424_195002.wav
14814	1	1			0.0	8000.0		
14815	1	1			0.0	8000.0		
14816	1	1			0.0	8000.0		
14817	1	1	22.0	26.0	0.0	8000.0	cluster_2	BO-82Tapyta/BO-82TAPYTA_20250425_002502.wav
14818	1	1			0.0	8000.0		
14819	1	1			0.0	8000.0		
14820	1	1			0.0	8000.0		
14821	1	1			0.0	8000.0		
14822	1	1			0.0	8000.0		
14823	1	1			0.0	8000.0		
14824	1	1			0.0	8000.0		
14825	1	1	24.0	28.0	0.0	8000.0	cluster_2	BO-82Tapyta/BO-82TAPYTA_20250425_210002.wav
14826	1	1			0.0	8000.0		
14827	1	1			0.0	8000.0		
14828	1	1			0.0	8000.0		
14829	1	1			0.0	8000.0		
14830	1	1			0.0	8000.0		
14831	1	1			0.0	8000.0		
14832	1	1			0.0	8000.0		
14833	1	1	10.0	14.0	0.0	8000.0	cluster_2	BO-82Tapyta/BO-82TAPYTA_20250417_233202.wav
14834	1	1	22.0	26.0	0.0	8000.0	cluster_2	BO-82Tapyta/BO-82TAPYTA_20250424_235002.wav
14835	1	1			0.0	8000.0		
14836	1	1			0.0	8000.0		
14837	1	1			0.0	8000.0		
14838	1	1			0.0	8000.0		
14839	1	1	22.0	26.0	0.0	8000.0	cluster_2	BO-82Tapyta/BO-82TAPYTA_20250426_225202.wav
14840	1	1			0.0	8000.0		
14841	1	1			0.0	8000.0		
14842	1	1			0.0	8000.0		
14843	1	1			0.0	8000.0		
14844	1	1			0.0	8000.0		
14845	1	1			0.0	8000.0		
14846	1	1			0.0	8000.0		
14847	1	1			0.0	8000.0		
14848	1	1			0.0	8000.0		
14849	1	1			0.0	8000.0		
14850	1	1	40.0	44.0	0.0	8000.0	cluster_2	BO-82Tapyta/BO-82TAPYTA_20250416_220502.wav
14851	1	1			0.0	8000.0		
14852	1	1			0.0	8000.0		
14853	1	1			0.0	8000.0		
14854	1	1			0.0	8000.0		
14855	1	1			0.0	8000.0		
14856	1	1			0.0	8000.0		
14857	1	1			0.0	8000.0		
14858	1	1	6.0	10.0	0.0	8000.0	cluster_2	BO-82Tapyta/BO-82TAPYTA_20250412_005602.wav
14859	1	1			0.0	8000.0		
14860	1	1			0.0	8000.0		
14861	1	1			0.0	8000.0		
14862	1	1			0.0	8000.0		
14863	1	1	22.0	26.0	0.0	8000.0	cluster_2	BO-82Tapyta/BO-82TAPYTA_20250426_011102.wav
14864	1	1			0.0	8000.0		
14865	1	1			0.0	8000.0		
14866	1	1			0.0	8000.0		
14867	1	1	20.0	24.0	0.0	8000.0	cluster_2	BO-82Tapyta/BO-82TAPYTA_20250411_205802.wav
14868	1	1			0.0	8000.0		
14869	1	1			0.0	8000.0		
14870	1	1			0.0	8000.0		
14871	1	1			0.0	8000.0		
14872	1	1	12.0	16.0	0.0	8000.0	cluster_2	BO-82Tapyta/BO-82TAPYTA_20250426_195502.wav
14873	1	1	0.0	4.0	0.0	8000.0	cluster_2	BO-82Tapyta/BO-82TAPYTA_20250416_215802.wav
14874	1	1			0.0	8000.0		
14875	1	1			0.0	8000.0		
14876	1	1			0.0	8000.0		
14877	1	1			0.0	8000.0		
14878	1	1	24.0	28.0	0.0	8000.0	cluster_2	BO-81Tapyta/BO-81TAPYTA_20250412_022602.wav
14879	1	1			0.0	8000.0		
14880	1	1			0.0	8000.0		
14881	1	1			0.0	8000.0		
14882	1	1			0.0	8000.0		
14883	1	1			0.0	8000.0		
14884	1	1			0.0	8000.0		
14885	1	1	12.0	16.0	0.0	8000.0	cluster_2	BO-82Tapyta/BO-82TAPYTA_20250411_204102.wav
14886	1	1			0.0	8000.0		
14887	1	1			0.0	8000.0		
14888	1	1			0.0	8000.0		
14889	1	1			0.0	8000.0		
14890	1	1			0.0	8000.0		
14891	1	1			0.0	8000.0		
14892	1	1			0.0	8000.0		
14893	1	1			0.0	8000.0		
14894	1	1			0.0	8000.0		
14895	1	1			0.0	8000.0		
14896	1	1			0.0	8000.0		
14897	1	1			0.0	8000.0		
14898	1	1			0.0	8000.0		
14899	1	1	32.0	36.0	0.0	8000.0	cluster_2	BO-81Tapyta/BO-81TAPYTA_20250414_215602.wav
14900	1	1	48.0	52.0	0.0	8000.0	cluster_2	BO-81Tapyta/BO-81TAPYTA_20250413_203702.wav
14901	1	1			0.0	8000.0		
14902	1	1	28.0	32.0	0.0	8000.0	cluster_2	BO-82Tapyta/BO-82TAPYTA_20250423_235602.wav
14903	1	1			0.0	8000.0		
14904	1	1			0.0	8000.0		
14905	1	1	38.0	42.0	0.0	8000.0	cluster_2	BO-82Tapyta/BO-82TAPYTA_20250427_032402.wav
14906	1	1			0.0	8000.0		
14907	1	1			0.0	8000.0		
14908	1	1	14.0	18.0	0.0	8000.0	cluster_2	BO-82Tapyta/BO-82TAPYTA_20250427_012302.wav
14909	1	1	6.0	10.0	0.0	8000.0	cluster_2	BO-82Tapyta/BO-82TAPYTA_20250424_222302.wav
14910	1	1	46.0	50.0	0.0	8000.0	cluster_2	BO-82Tapyta/BO-82TAPYTA_20250413_212502.wav
14911	1	1	44.0	48.0	0.0	8000.0	cluster_2	BO-82Tapyta/BO-82TAPYTA_20250417_003502.wav
14912	1	1			0.0	8000.0		
14913	1	1			0.0	8000.0		
14914	1	1			0.0	8000.0		
14915	1	1	42.0	46.0	0.0	8000.0	cluster_2	BO-82Tapyta/BO-82TAPYTA_20250427_012002.wav
14916	1	1			0.0	8000.0		
14917	1	1			0.0	8000.0		
14918	1	1			0.0	8000.0		
14919	1	1			0.0	8000.0		
14920	1	1			0.0	8000.0		
14921	1	1	12.0	16.0	0.0	8000.0	cluster_2	BO-82Tapyta/BO-82TAPYTA_20250417_204802.wav
14922	1	1			0.0	8000.0		
14923	1	1	44.0	48.0	0.0	8000.0	cluster_2	BO-82Tapyta/BO-82TAPYTA_20250425_212702.wav
14924	1	1			0.0	8000.0		
14925	1	1			0.0	8000.0		
14926	1	1			0.0	8000.0		
14927	1	1			0.0	8000.0		
14928	1	1			0.0	8000.0		
14929	1	1			0.0	8000.0		
14930	1	1			0.0	8000.0		
14931	1	1			0.0	8000.0		
14932	1	1			0.0	8000.0		
14933	1	1	46.0	50.0	0.0	8000.0	cluster_2	BO-82Tapyta/BO-82TAPYTA_20250427_232502.wav
14934	1	1			0.0	8000.0		
14935	1	1	40.0	44.0	0.0	8000.0	cluster_2	BO-82Tapyta/BO-82TAPYTA_20250425_004502.wav
14936	1	1			0.0	8000.0		
14937	1	1			0.0	8000.0		
14938	1	1	44.0	48.0	0.0	8000.0	cluster_2	BO-82Tapyta/BO-82TAPYTA_20250411_203102.wav
14939	1	1			0.0	8000.0		
14940	1	1			0.0	8000.0		
14941	1	1			0.0	8000.0		
14942	1	1			0.0	8000.0		
14943	1	1			0.0	8000.0		
14944	1	1			0.0	8000.0		
14945	1	1			0.0	8000.0		
14946	1	1			0.0	8000.0		
14947	1	1			0.0	8000.0		
14948	1	1	6.0	10.0	0.0	8000.0	cluster_2	BO-82Tapyta/BO-82TAPYTA_20250411_235102.wav
14949	1	1			0.0	8000.0		
14950	1	1			0.0	8000.0		
14951	1	1			0.0	8000.0		
14952	1	1			0.0	8000.0		
14953	1	1	32.0	36.0	0.0	8000.0	cluster_2	BO-82Tapyta/BO-82TAPYTA_20250417_024802.wav
14954	1	1	24.0	28.0	0.0	8000.0	cluster_2	BO-82Tapyta/BO-82TAPYTA_20250416_223102.wav
14955	1	1			0.0	8000.0		
14956	1	1			0.0	8000.0		
14957	1	1			0.0	8000.0		
14958	1	1			0.0	8000.0		
14959	1	1			0.0	8000.0		
14960	1	1	24.0	28.0	0.0	8000.0	cluster_2	BO-81Tapyta/BO-81TAPYTA_20250413_221102.wav
14961	1	1			0.0	8000.0		
14962	1	1			0.0	8000.0		
14963	1	1	46.0	50.0	0.0	8000.0	cluster_2	BO-82Tapyta/BO-82TAPYTA_20250415_205202.wav
14964	1	1			0.0	8000.0		
14965	1	1			0.0	8000.0		
14966	1	1	52.0	56.0	0.0	8000.0	cluster_2	BO-82Tapyta/BO-82TAPYTA_20250417_031802.wav
14967	1	1			0.0	8000.0		
14968	1	1			0.0	8000.0		
14969	1	1			0.0	8000.0		
14970	1	1			0.0	8000.0		
14971	1	1			0.0	8000.0		
14972	1	1			0.0	8000.0		
14973	1	1			0.0	8000.0		
14974	1	1			0.0	8000.0		
14975	1	1			0.0	8000.0		
14976	1	1			0.0	8000.0		
14977	1	1			0.0	8000.0		
14978	1	1			0.0	8000.0		
14979	1	1			0.0	8000.0		
14980	1	1			0.0	8000.0		
14981	1	1			0.0	8000.0		
14982	1	1			0.0	8000.0		
14983	1	1			0.0	8000.0		
14984	1	1	40.0	44.0	0.0	8000.0	cluster_2	BO-81Tapyta/BO-81TAPYTA_20250415_233202.wav
14985	1	1			0.0	8000.0		
14986	1	1			0.0	8000.0		
14987	1	1			0.0	8000.0		
14988	1	1			0.0	8000.0		
14989	1	1	6.0	10.0	0.0	8000.0	cluster_2	BO-82Tapyta/BO-82TAPYTA_20250414_223702.wav
14990	1	1			0.0	8000.0		
14991	1	1	40.0	44.0	0.0	8000.0	cluster_2	BO-82Tapyta/BO-82TAPYTA_20250424_004202.wav
14992	1	1			0.0	8000.0		
14993	1	1			0.0	8000.0		
14994	1	1	8.0	12.0	0.0	8000.0	cluster_2	BO-82Tapyta/BO-82TAPYTA_20250418_055602.wav
14995	1	1			0.0	8000.0		
14996	1	1			0.0	8000.0		
14997	1	1			0.0	8000.0		
14998	1	1			0.0	8000.0		
14999	1	1			0.0	8000.0		
15000	1	1			0.0	8000.0		
15001	1	1	38.0	42.0	0.0	8000.0	cluster_2	BO-82Tapyta/BO-82TAPYTA_20250424_195402.wav
15002	1	1			0.0	8000.0		
15003	1	1			0.0	8000.0		
15004	1	1	34.0	38.0	0.0	8000.0	cluster_2	BO-82Tapyta/BO-82TAPYTA_20250426_194002.wav
15005	1	1	22.0	26.0	0.0	8000.0	cluster_2	BO-81Tapyta/BO-81TAPYTA_20250416_030402.wav
15006	1	1	26.0	30.0	0.0	8000.0	cluster_2	BO-81Tapyta/BO-81TAPYTA_20250415_235102.wav
15007	1	1	38.0	42.0	0.0	8000.0	cluster_2	BO-81Tapyta/BO-81TAPYTA_20250412_003502.wav
15008	1	1			0.0	8000.0		
15009	1	1			0.0	8000.0		
15010	1	1			0.0	8000.0		
15011	1	1			0.0	8000.0		
15012	1	1			0.0	8000.0		
15013	1	1			0.0	8000.0		
15014	1	1			0.0	8000.0		
15015	1	1	52.0	56.0	0.0	8000.0	cluster_2	BO-82Tapyta/BO-82TAPYTA_20250426_232502.wav
15016	1	1			0.0	8000.0		
15017	1	1			0.0	8000.0		
15018	1	1	8.0	12.0	0.0	8000.0	cluster_2	BO-82Tapyta/BO-82TAPYTA_20250427_042202.wav
15019	1	1	40.0	44.0	0.0	8000.0	cluster_2	BO-82Tapyta/BO-82TAPYTA_20250413_200702.wav
15020	1	1			0.0	8000.0		
15021	1	1	24.0	28.0	0.0	8000.0	cluster_2	BO-82Tapyta/BO-82TAPYTA_20250424_001402.wav
15022	1	1			0.0	8000.0		
15023	1	1			0.0	8000.0		
15024	1	1			0.0	8000.0		
15025	1	1			0.0	8000.0		
15026	1	1	12.0	16.0	0.0	8000.0	cluster_2	BO-82Tapyta/BO-82TAPYTA_20250416_233202.wav
15027	1	1			0.0	8000.0		
15028	1	1			0.0	8000.0		
15029	1	1			0.0	8000.0		
15030	1	1			0.0	8000.0		
15031	1	1			0.0	8000.0		
15032	1	1			0.0	8000.0		
15033	1	1			0.0	8000.0		
15034	1	1			0.0	8000.0		
15035	1	1	50.0	54.0	0.0	8000.0	cluster_2	BO-82Tapyta/BO-82TAPYTA_20250413_205602.wav
15036	1	1	10.0	14.0	0.0	8000.0	cluster_2	BO-82Tapyta/BO-82TAPYTA_20250412_032802.wav
15037	1	1			0.0	8000.0		
15038	1	1	52.0	56.0	0.0	8000.0	cluster_2	BO-82Tapyta/BO-82TAPYTA_20250416_193302.wav
15039	1	1			0.0	8000.0		
15040	1	1	8.0	12.0	0.0	8000.0	cluster_2	BO-82Tapyta/BO-82TAPYTA_20250426_220002.wav
15041	1	1	52.0	56.0	0.0	8000.0	cluster_2	BO-82Tapyta/BO-82TAPYTA_20250411_201302.wav
15042	1	1			0.0	8000.0		
15043	1	1			0.0	8000.0		
15044	1	1			0.0	8000.0		
15045	1	1			0.0	8000.0		
15046	1	1	20.0	24.0	0.0	8000.0	cluster_2	BO-82Tapyta/BO-82TAPYTA_20250417_210802.wav
15047	1	1			0.0	8000.0		
15048	1	1			0.0	8000.0		
15049	1	1			0.0	8000.0		
15050	1	1			0.0	8000.0		
15051	1	1			0.0	8000.0		
15052	1	1			0.0	8000.0		
15053	1	1			0.0	8000.0		
15054	1	1			0.0	8000.0		
15055	1	1	14.0	18.0	0.0	8000.0	cluster_2	BO-82Tapyta/BO-82TAPYTA_20250416_214902.wav
15056	1	1			0.0	8000.0		
15057	1	1			0.0	8000.0		
15058	1	1			0.0	8000.0		
15059	1	1			0.0	8000.0		
15060	1	1			0.0	8000.0		
15061	1	1	4.0	8.0	0.0	8000.0	cluster_2	BO-82Tapyta/BO-82TAPYTA_20250417_054602.wav
15062	1	1			0.0	8000.0		
15063	1	1			0.0	8000.0		
15064	1	1	40.0	44.0	0.0	8000.0	cluster_2	BO-82Tapyta/BO-82TAPYTA_20250427_035902.wav
15065	1	1			0.0	8000.0		
15066	1	1			0.0	8000.0		
15067	1	1			0.0	8000.0		
15068	1	1			0.0	8000.0		
15069	1	1	50.0	54.0	0.0	8000.0	cluster_2	BO-81Tapyta/BO-81TAPYTA_20250412_013502.wav
15070	1	1			0.0	8000.0		
15071	1	1			0.0	8000.0		
15072	1	1	18.0	22.0	0.0	8000.0	cluster_2	BO-82Tapyta/BO-82TAPYTA_20250414_204102.wav
15073	1	1			0.0	8000.0		
15074	1	1			0.0	8000.0		
15075	1	1			0.0	8000.0		
15076	1	1			0.0	8000.0		
15077	1	1			0.0	8000.0		
15078	1	1			0.0	8000.0		
15079	1	1			0.0	8000.0		
15080	1	1			0.0	8000.0		
15081	1	1			0.0	8000.0		
15082	1	1			0.0	8000.0		
15083	1	1			0.0	8000.0		
15084	1	1			0.0	8000.0		
15085	1	1			0.0	8000.0		
15086	1	1			0.0	8000.0		
15087	1	1			0.0	8000.0		
15088	1	1			0.0	8000.0		
15089	1	1			0.0	8000.0		
15090	1	1			0.0	8000.0		
15091	1	1			0.0	8000.0		
15092	1	1			0.0	8000.0		
15093	1	1			0.0	8000.0		
15094	1	1			0.0	8000.0		
15095	1	1			0.0	8000.0		
15096	1	1			0.0	8000.0		
15097	1	1			0.0	8000.0		
15098	1	1			0.0	8000.0		
15099	1	1			0.0	8000.0		
15100	1	1			0.0	8000.0		
15101	1	1	52.0	56.0	0.0	8000.0	cluster_2	BO-82Tapyta/BO-82TAPYTA_20250427_200602.wav
15102	1	1			0.0	8000.0		
15103	1	1			0.0	8000.0		
15104	1	1			0.0	8000.0		
15105	1	1			0.0	8000.0		
15106	1	1			0.0	8000.0		
15107	1	1			0.0	8000.0		
15108	1	1			0.0	8000.0		
15109	1	1	20.0	24.0	0.0	8000.0	cluster_2	BO-82Tapyta/BO-82TAPYTA_20250417_042802.wav
15110	1	1			0.0	8000.0		
15111	1	1			0.0	8000.0		
15112	1	1			0.0	8000.0		
15113	1	1			0.0	8000.0		
15114	1	1			0.0	8000.0		
15115	1	1			0.0	8000.0		
15116	1	1	4.0	8.0	0.0	8000.0	cluster_2	BO-82Tapyta/BO-82TAPYTA_20250414_190802.wav
15117	1	1			0.0	8000.0		
15118	1	1	16.0	20.0	0.0	8000.0	cluster_2	BO-82Tapyta/BO-82TAPYTA_20250426_053902.wav
15119	1	1			0.0	8000.0		
15120	1	1			0.0	8000.0		
15121	1	1			0.0	8000.0		
15122	1	1			0.0	8000.0		
15123	1	1			0.0	8000.0		
15124	1	1			0.0	8000.0		
15125	1	1	4.0	8.0	0.0	8000.0	cluster_2	BO-82Tapyta/BO-82TAPYTA_20250413_195102.wav
15126	1	1			0.0	8000.0		
15127	1	1	18.0	22.0	0.0	8000.0	cluster_2	BO-82Tapyta/BO-82TAPYTA_20250417_193402.wav
15128	1	1			0.0	8000.0		
15129	1	1	32.0	36.0	0.0	8000.0	cluster_2	BO-82Tapyta/BO-82TAPYTA_20250426_205702.wav
15130	1	1			0.0	8000.0		
15131	1	1	2.0	6.0	0.0	8000.0	cluster_2	BO-82Tapyta/BO-82TAPYTA_20250427_041602.wav
15132	1	1			0.0	8000.0		
15133	1	1			0.0	8000.0		
15134	1	1			0.0	8000.0		
15135	1	1			0.0	8000.0		
15136	1	1			0.0	8000.0		
15137	1	1			0.0	8000.0		
15138	1	1			0.0	8000.0		
15139	1	1			0.0	8000.0		
15140	1	1			0.0	8000.0		
15141	1	1	50.0	54.0	0.0	8000.0	cluster_2	BO-82Tapyta/BO-82TAPYTA_20250417_212902.wav
15142	1	1			0.0	8000.0		
15143	1	1	52.0	56.0	0.0	8000.0	cluster_2	BO-82Tapyta/BO-82TAPYTA_20250412_012602.wav
15144	1	1			0.0	8000.0		
15145	1	1			0.0	8000.0		
15146	1	1			0.0	8000.0		
15147	1	1	36.0	40.0	0.0	8000.0	cluster_2	BO-82Tapyta/BO-82TAPYTA_20250415_211502.wav
15148	1	1	18.0	22.0	0.0	8000.0	cluster_2	BO-82Tapyta/BO-82TAPYTA_20250502_204502.wav
15149	1	1			0.0	8000.0		
15150	1	1			0.0	8000.0		
15151	1	1			0.0	8000.0		
15152	1	1	10.0	14.0	0.0	8000.0	cluster_2	BO-82Tapyta/BO-82TAPYTA_20250427_042002.wav
15153	1	1	46.0	50.0	0.0	8000.0	cluster_2	BO-82Tapyta/BO-82TAPYTA_20250411_190102.wav
15154	1	1	20.0	24.0	0.0	8000.0	cluster_2	BO-82Tapyta/BO-82TAPYTA_20250416_223702.wav
15155	1	1			0.0	8000.0		
15156	1	1			0.0	8000.0		
15157	1	1			0.0	8000.0		
15158	1	1			0.0	8000.0		
15159	1	1			0.0	8000.0		
15160	1	1	26.0	30.0	0.0	8000.0	cluster_2	BO-82Tapyta/BO-82TAPYTA_20250425_014102.wav
15161	1	1	32.0	36.0	0.0	8000.0	cluster_2	BO-82Tapyta/BO-82TAPYTA_20250417_220602.wav
15162	1	1	6.0	10.0	0.0	8000.0	cluster_2	BO-82Tapyta/BO-82TAPYTA_20250411_201802.wav
15163	1	1			0.0	8000.0		
15164	1	1	24.0	28.0	0.0	8000.0	cluster_2	BO-82Tapyta/BO-82TAPYTA_20250418_005002.wav
15165	1	1			0.0	8000.0		
15166	1	1			0.0	8000.0		
15167	1	1	30.0	34.0	0.0	8000.0	cluster_2	BO-82Tapyta/BO-82TAPYTA_20250412_001002.wav
15168	1	1	12.0	16.0	0.0	8000.0	cluster_2	BO-82Tapyta/BO-82TAPYTA_20250502_222502.wav
15169	1	1			0.0	8000.0		
15170	1	1	24.0	28.0	0.0	8000.0	cluster_2	BO-82Tapyta/BO-82TAPYTA_20250426_212302.wav
15171	1	1			0.0	8000.0		
15172	1	1			0.0	8000.0		
15173	1	1	12.0	16.0	0.0	8000.0	cluster_2	BO-81Tapyta/BO-81TAPYTA_20250415_221002.wav
15174	1	1			0.0	8000.0		
15175	1	1			0.0	8000.0		
15176	1	1	36.0	40.0	0.0	8000.0	cluster_2	BO-82Tapyta/BO-82TAPYTA_20250427_020302.wav
15177	1	1			0.0	8000.0		
15178	1	1			0.0	8000.0		
15179	1	1			0.0	8000.0		
15180	1	1			0.0	8000.0		
15181	1	1			0.0	8000.0		
15182	1	1			0.0	8000.0		
15183	1	1			0.0	8000.0		
15184	1	1	22.0	26.0	0.0	8000.0	cluster_2	BO-82Tapyta/BO-82TAPYTA_20250427_211902.wav
15185	1	1	44.0	48.0	0.0	8000.0	cluster_2	BO-82Tapyta/BO-82TAPYTA_20250417_020502.wav
15186	1	1			0.0	8000.0		
15187	1	1			0.0	8000.0		
15188	1	1			0.0	8000.0		
15189	1	1	14.0	18.0	0.0	8000.0	cluster_2	BO-82Tapyta/BO-82TAPYTA_20250502_210002.wav
15190	1	1			0.0	8000.0		
15191	1	1			0.0	8000.0		
15192	1	1	38.0	42.0	0.0	8000.0	cluster_2	BO-82Tapyta/BO-82TAPYTA_20250418_052102.wav
15193	1	1			0.0	8000.0		
15194	1	1			0.0	8000.0		
15195	1	1			0.0	8000.0		
15196	1	1			0.0	8000.0		
15197	1	1			0.0	8000.0		
15198	1	1			0.0	8000.0		
15199	1	1			0.0	8000.0		
15200	1	1			0.0	8000.0		
15201	1	1			0.0	8000.0		
15202	1	1			0.0	8000.0		
15203	1	1			0.0	8000.0		
15204	1	1	36.0	40.0	0.0	8000.0	cluster_2	BO-82Tapyta/BO-82TAPYTA_20250417_014302.wav
15205	1	1			0.0	8000.0		
15206	1	1	2.0	6.0	0.0	8000.0	cluster_2	BO-82Tapyta/BO-82TAPYTA_20250501_182902.wav
15207	1	1			0.0	8000.0		
15208	1	1			0.0	8000.0		
15209	1	1			0.0	8000.0		
15210	1	1			0.0	8000.0		
15211	1	1			0.0	8000.0		
15212	1	1			0.0	8000.0		
15213	1	1	0.0	4.0	0.0	8000.0	cluster_2	BO-82Tapyta/BO-82TAPYTA_20250427_232402.wav
15214	1	1			0.0	8000.0		
15215	1	1			0.0	8000.0		
15216	1	1			0.0	8000.0		
15217	1	1			0.0	8000.0		
15218	1	1			0.0	8000.0		
15219	1	1	12.0	16.0	0.0	8000.0	cluster_2	BO-82Tapyta/BO-82TAPYTA_20250425_212902.wav
15220	1	1			0.0	8000.0		
15221	1	1			0.0	8000.0		
15222	1	1			0.0	8000.0		
15223	1	1	8.0	12.0	0.0	8000.0	cluster_2	BO-82Tapyta/BO-82TAPYTA_20250427_031902.wav
15224	1	1			0.0	8000.0		
15225	1	1			0.0	8000.0		
15226	1	1	30.0	34.0	0.0	8000.0	cluster_2	BO-82Tapyta/BO-82TAPYTA_20250426_193402.wav
15227	1	1			0.0	8000.0		
15228	1	1			0.0	8000.0		
15229	1	1			0.0	8000.0		
15230	1	1	48.0	52.0	0.0	8000.0	cluster_2	BO-82Tapyta/BO-82TAPYTA_20250418_023202.wav
15231	1	1	52.0	56.0	0.0	8000.0	cluster_2	BO-82Tapyta/BO-82TAPYTA_20250417_202202.wav
15232	1	1			0.0	8000.0		
15233	1	1			0.0	8000.0		
15234	1	1			0.0	8000.0		
15235	1	1			0.0	8000.0		
15236	1	1	26.0	30.0	0.0	8000.0	cluster_2	BO-81Tapyta/BO-81TAPYTA_20250415_220602.wav
15237	1	1			0.0	8000.0		
15238	1	1			0.0	8000.0		
15239	1	1			0.0	8000.0		
15240	1	1			0.0	8000.0		
15241	1	1			0.0	8000.0		
15242	1	1			0.0	8000.0		
15243	1	1	26.0	30.0	0.0	8000.0	cluster_2	BO-82Tapyta/BO-82TAPYTA_20250414_230302.wav
15244	1	1	8.0	12.0	0.0	8000.0	cluster_2	BO-82Tapyta/BO-82TAPYTA_20250417_235602.wav
15245	1	1	40.0	44.0	0.0	8000.0	cluster_2	BO-81Tapyta/BO-81TAPYTA_20250413_200202.wav
15246	1	1	42.0	46.0	0.0	8000.0	cluster_2	BO-82Tapyta/BO-82TAPYTA_20250424_224502.wav
15247	1	1			0.0	8000.0		
15248	1	1	4.0	8.0	0.0	8000.0	cluster_2	BO-82Tapyta/BO-82TAPYTA_20250416_192102.wav
15249	1	1			0.0	8000.0		
15250	1	1	50.0	54.0	0.0	8000.0	cluster_2	BO-82Tapyta/BO-82TAPYTA_20250425_002102.wav
15251	1	1	4.0	8.0	0.0	8000.0	cluster_2	BO-82Tapyta/BO-82TAPYTA_20250412_051602.wav
15252	1	1			0.0	8000.0		
15253	1	1			0.0	8000.0		
15254	1	1			0.0	8000.0		
15255	1	1			0.0	8000.0		
15256	1	1			0.0	8000.0		
15257	1	1	36.0	40.0	0.0	8000.0	cluster_2	BO-82Tapyta/BO-82TAPYTA_20250427_020702.wav
15258	1	1			0.0	8000.0		
15259	1	1			0.0	8000.0		
15260	1	1	2.0	6.0	0.0	8000.0	cluster_2	BO-81Tapyta/BO-81TAPYTA_20250414_214602.wav
15261	1	1	2.0	6.0	0.0	8000.0	cluster_2	BO-82Tapyta/BO-82TAPYTA_20250415_201502.wav
15262	1	1			0.0	8000.0		
15263	1	1			0.0	8000.0		
15264	1	1			0.0	8000.0		
15265	1	1			0.0	8000.0		
15266	1	1			0.0	8000.0		
15267	1	1			0.0	8000.0		
15268	1	1			0.0	8000.0		
15269	1	1			0.0	8000.0		
15270	1	1			0.0	8000.0		
15271	1	1	34.0	38.0	0.0	8000.0	cluster_2	BO-82Tapyta/BO-82TAPYTA_20250415_193002.wav
15272	1	1	26.0	30.0	0.0	8000.0	cluster_2	BO-82Tapyta/BO-82TAPYTA_20250414_205302.wav
15273	1	1			0.0	8000.0		
15274	1	1			0.0	8000.0		
15275	1	1			0.0	8000.0		
15276	1	1			0.0	8000.0		
15277	1	1	28.0	32.0	0.0	8000.0	cluster_2	BO-82Tapyta/BO-82TAPYTA_20250427_041702.wav
15278	1	1			0.0	8000.0		
15279	1	1			0.0	8000.0		
15280	1	1			0.0	8000.0		
15281	1	1			0.0	8000.0		
15282	1	1			0.0	8000.0		
15283	1	1			0.0	8000.0		
15284	1	1			0.0	8000.0		
15285	1	1	50.0	54.0	0.0	8000.0	cluster_2	BO-82Tapyta/BO-82TAPYTA_20250414_215102.wav
15286	1	1	4.0	8.0	0.0	8000.0	cluster_2	BO-82Tapyta/BO-82TAPYTA_20250410_190402.wav
15287	1	1			0.0	8000.0		
15288	1	1			0.0	8000.0		
15289	1	1	38.0	42.0	0.0	8000.0	cluster_2	BO-82Tapyta/BO-82TAPYTA_20250416_211402.wav
15290	1	1			0.0	8000.0		
15291	1	1			0.0	8000.0		
15292	1	1	24.0	28.0	0.0	8000.0	cluster_2	BO-81Tapyta/BO-81TAPYTA_20250415_204902.wav
15293	1	1			0.0	8000.0		
15294	1	1	20.0	24.0	0.0	8000.0	cluster_2	BO-82Tapyta/BO-82TAPYTA_20250502_192302.wav
15295	1	1	30.0	34.0	0.0	8000.0	cluster_2	BO-82Tapyta/BO-82TAPYTA_20250416_194802.wav
15296	1	1			0.0	8000.0		
15297	1	1			0.0	8000.0		
15298	1	1			0.0	8000.0		
15299	1	1			0.0	8000.0		
15300	1	1			0.0	8000.0		
15301	1	1			0.0	8000.0		
15302	1	1	0.0	4.0	0.0	8000.0	cluster_2	BO-82Tapyta/BO-82TAPYTA_20250426_014702.wav
15303	1	1			0.0	8000.0		
15304	1	1			0.0	8000.0		
15305	1	1			0.0	8000.0		
15306	1	1			0.0	8000.0		
15307	1	1	44.0	48.0	0.0	8000.0	cluster_2	BO-82Tapyta/BO-82TAPYTA_20250427_230402.wav
15308	1	1			0.0	8000.0		
15309	1	1			0.0	8000.0		
15310	1	1	34.0	38.0	0.0	8000.0	cluster_2	BO-82Tapyta/BO-82TAPYTA_20250502_201202.wav
15311	1	1	28.0	32.0	0.0	8000.0	cluster_2	BO-82Tapyta/BO-82TAPYTA_20250417_001502.wav
15312	1	1			0.0	8000.0		
15313	1	1			0.0	8000.0		
15314	1	1			0.0	8000.0		
15315	1	1			0.0	8000.0		
15316	1	1	16.0	20.0	0.0	8000.0	cluster_2	BO-82Tapyta/BO-82TAPYTA_20250427_014702.wav
15317	1	1			0.0	8000.0		
15318	1	1			0.0	8000.0		
15319	1	1			0.0	8000.0		
15320	1	1			0.0	8000.0		
15321	1	1	34.0	38.0	0.0	8000.0	cluster_2	BO-82Tapyta/BO-82TAPYTA_20250411_235502.wav
15322	1	1			0.0	8000.0		
15323	1	1			0.0	8000.0		
15324	1	1			0.0	8000.0		
15325	1	1			0.0	8000.0		
15326	1	1	44.0	48.0	0.0	8000.0	cluster_2	BO-82Tapyta/BO-82TAPYTA_20250418_034802.wav
15327	1	1			0.0	8000.0		
15328	1	1			0.0	8000.0		
15329	1	1			0.0	8000.0		
15330	1	1			0.0	8000.0		
15331	1	1			0.0	8000.0		
15332	1	1			0.0	8000.0		
15333	1	1			0.0	8000.0		
15334	1	1			0.0	8000.0		
15335	1	1	12.0	16.0	0.0	8000.0	cluster_2	BO-82Tapyta/BO-82TAPYTA_20250417_235002.wav
15336	1	1			0.0	8000.0		
15337	1	1			0.0	8000.0		
15338	1	1			0.0	8000.0		
15339	1	1			0.0	8000.0		
15340	1	1	46.0	50.0	0.0	8000.0	cluster_2	BO-82Tapyta/BO-82TAPYTA_20250427_210802.wav
15341	1	1	24.0	28.0	0.0	8000.0	cluster_2	BO-81Tapyta/BO-81TAPYTA_20250415_211402.wav
15342	1	1			0.0	8000.0		
15343	1	1			0.0	8000.0		
15344	1	1	16.0	20.0	0.0	8000.0	cluster_2	BO-82Tapyta/BO-82TAPYTA_20250502_222302.wav
15345	1	1	50.0	54.0	0.0	8000.0	cluster_2	BO-82Tapyta/BO-82TAPYTA_20250415_223302.wav
15346	1	1			0.0	8000.0		
15347	1	1			0.0	8000.0		
15348	1	1			0.0	8000.0		
15349	1	1			0.0	8000.0		
15350	1	1			0.0	8000.0		
15351	1	1			0.0	8000.0		
15352	1	1			0.0	8000.0		
15353	1	1			0.0	8000.0		
15354	1	1			0.0	8000.0		
15355	1	1			0.0	8000.0		
15356	1	1			0.0	8000.0		
15357	1	1			0.0	8000.0		
15358	1	1	32.0	36.0	0.0	8000.0	cluster_2	BO-82Tapyta/BO-82TAPYTA_20250425_013502.wav
15359	1	1			0.0	8000.0		
15360	1	1			0.0	8000.0		
15361	1	1			0.0	8000.0		
15362	1	1			0.0	8000.0		
15363	1	1			0.0	8000.0		
15364	1	1			0.0	8000.0		
15365	1	1	20.0	24.0	0.0	8000.0	cluster_2	BO-82Tapyta/BO-82TAPYTA_20250425_001802.wav
15366	1	1			0.0	8000.0		
15367	1	1			0.0	8000.0		
15368	1	1	4.0	8.0	0.0	8000.0	cluster_2	BO-82Tapyta/BO-82TAPYTA_20250416_010502.wav
15369	1	1			0.0	8000.0		
15370	1	1			0.0	8000.0		
15371	1	1			0.0	8000.0		
15372	1	1			0.0	8000.0		
15373	1	1	4.0	8.0	0.0	8000.0	cluster_2	BO-82Tapyta/BO-82TAPYTA_20250426_041402.wav
15374	1	1			0.0	8000.0		
15375	1	1			0.0	8000.0		
15376	1	1			0.0	8000.0		
15377	1	1			0.0	8000.0		
15378	1	1			0.0	8000.0		
15379	1	1			0.0	8000.0		
15380	1	1	48.0	52.0	0.0	8000.0	cluster_2	BO-81Tapyta/BO-81TAPYTA_20250416_035602.wav
15381	1	1			0.0	8000.0		
15382	1	1	52.0	56.0	0.0	8000.0	cluster_2	BO-82Tapyta/BO-82TAPYTA_20250412_040002.wav
15383	1	1	48.0	52.0	0.0	8000.0	cluster_2	BO-82Tapyta/BO-82TAPYTA_20250427_211202.wav
15384	1	1			0.0	8000.0		
15385	1	1			0.0	8000.0		
15386	1	1			0.0	8000.0		
15387	1	1			0.0	8000.0		
15388	1	1			0.0	8000.0		
15389	1	1	46.0	50.0	0.0	8000.0	cluster_2	BO-81Tapyta/BO-81TAPYTA_20250412_025402.wav
15390	1	1			0.0	8000.0		
15391	1	1			0.0	8000.0		
15392	1	1	32.0	36.0	0.0	8000.0	cluster_2	BO-81Tapyta/BO-81TAPYTA_20250415_215302.wav
15393	1	1			0.0	8000.0		
15394	1	1			0.0	8000.0		
15395	1	1			0.0	8000.0		
15396	1	1	10.0	14.0	0.0	8000.0	cluster_2	BO-82Tapyta/BO-82TAPYTA_20250417_000902.wav
15397	1	1	24.0	28.0	0.0	8000.0	cluster_2	BO-82Tapyta/BO-82TAPYTA_20250415_231602.wav
15398	1	1			0.0	8000.0		
15399	1	1			0.0	8000.0		
15400	1	1			0.0	8000.0		
15401	1	1			0.0	8000.0		
15402	1	1			0.0	8000.0		
15403	1	1			0.0	8000.0		
15404	1	1			0.0	8000.0		
15405	1	1			0.0	8000.0		
15406	1	1			0.0	8000.0		
15407	1	1	20.0	24.0	0.0	8000.0	cluster_2	BO-82Tapyta/BO-82TAPYTA_20250412_000402.wav
15408	1	1			0.0	8000.0		
15409	1	1			0.0	8000.0		
15410	1	1			0.0	8000.0		
15411	1	1			0.0	8000.0		
15412	1	1			0.0	8000.0		
15413	1	1	48.0	52.0	0.0	8000.0	cluster_2	BO-82Tapyta/BO-82TAPYTA_20250412_020202.wav
15414	1	1	24.0	28.0	0.0	8000.0	cluster_2	BO-82Tapyta/BO-82TAPYTA_20250418_004502.wav
15415	1	1			0.0	8000.0		
15416	1	1	16.0	20.0	0.0	8000.0	cluster_2	BO-82Tapyta/BO-82TAPYTA_20250414_212202.wav
15417	1	1	50.0	54.0	0.0	8000.0	cluster_2	BO-82Tapyta/BO-82TAPYTA_20250426_204202.wav
15418	1	1			0.0	8000.0		
15419	1	1	16.0	20.0	0.0	8000.0	cluster_2	BO-82Tapyta/BO-82TAPYTA_20250416_015802.wav
15420	1	1			0.0	8000.0		
15421	1	1	42.0	46.0	0.0	8000.0	cluster_2	BO-82Tapyta/BO-82TAPYTA_20250415_230002.wav
15422	1	1	36.0	40.0	0.0	8000.0	cluster_2	BO-81Tapyta/BO-81TAPYTA_20250416_002502.wav
15423	1	1			0.0	8000.0		
15424	1	1			0.0	8000.0		
15425	1	1			0.0	8000.0		
15426	1	1	30.0	34.0	0.0	8000.0	cluster_2	BO-82Tapyta/BO-82TAPYTA_20250424_215402.wav
15427	1	1			0.0	8000.0		
15428	1	1			0.0	8000.0		
15429	1	1			0.0	8000.0		
15430	1	1			0.0	8000.0		
15431	1	1	22.0	26.0	0.0	8000.0	cluster_2	BO-82Tapyta/BO-82TAPYTA_20250416_025402.wav
15432	1	1			0.0	8000.0		
15433	1	1			0.0	8000.0		
15434	1	1	24.0	28.0	0.0	8000.0	cluster_2	BO-82Tapyta/BO-82TAPYTA_20250424_231102.wav
15435	1	1			0.0	8000.0		
15436	1	1			0.0	8000.0		
15437	1	1			0.0	8000.0		
15438	1	1			0.0	8000.0		
15439	1	1			0.0	8000.0		
15440	1	1	24.0	28.0	0.0	8000.0	cluster_2	BO-82Tapyta/BO-82TAPYTA_20250417_235702.wav
15441	1	1	10.0	14.0	0.0	8000.0	cluster_2	BO-82Tapyta/BO-82TAPYTA_20250417_193202.wav
15442	1	1			0.0	8000.0		
15443	1	1	48.0	52.0	0.0	8000.0	cluster_2	BO-82Tapyta/BO-82TAPYTA_20250424_204702.wav
15444	1	1			0.0	8000.0		
15445	1	1			0.0	8000.0		
15446	1	1			0.0	8000.0		
15447	1	1	0.0	4.0	0.0	8000.0	cluster_2	BO-81Tapyta/BO-81TAPYTA_20250413_205802.wav
15448	1	1			0.0	8000.0		
15449	1	1			0.0	8000.0		
15450	1	1			0.0	8000.0		
15451	1	1			0.0	8000.0		
15452	1	1			0.0	8000.0		
15453	1	1			0.0	8000.0		
15454	1	1			0.0	8000.0		
15455	1	1			0.0	8000.0		
15456	1	1			0.0	8000.0		
15457	1	1	42.0	46.0	0.0	8000.0	cluster_2	BO-82Tapyta/BO-82TAPYTA_20250417_011002.wav
15458	1	1			0.0	8000.0		
15459	1	1	10.0	14.0	0.0	8000.0	cluster_2	BO-82Tapyta/BO-82TAPYTA_20250426_230002.wav
15460	1	1			0.0	8000.0		
15461	1	1			0.0	8000.0		
15462	1	1	8.0	12.0	0.0	8000.0	cluster_2	BO-82Tapyta/BO-82TAPYTA_20250426_003502.wav
15463	1	1	34.0	38.0	0.0	8000.0	cluster_2	BO-82Tapyta/BO-82TAPYTA_20250502_210802.wav
15464	1	1			0.0	8000.0		
15465	1	1			0.0	8000.0		
15466	1	1	2.0	6.0	0.0	8000.0	cluster_2	BO-82Tapyta/BO-82TAPYTA_20250414_204702.wav
15467	1	1			0.0	8000.0		
15468	1	1			0.0	8000.0		
15469	1	1	46.0	50.0	0.0	8000.0	cluster_2	BO-82Tapyta/BO-82TAPYTA_20250418_012302.wav
15470	1	1			0.0	8000.0		
15471	1	1	4.0	8.0	0.0	8000.0	cluster_2	BO-81Tapyta/BO-81TAPYTA_20250414_215802.wav
15472	1	1			0.0	8000.0		
15473	1	1			0.0	8000.0		
15474	1	1			0.0	8000.0		
15475	1	1			0.0	8000.0		
15476	1	1			0.0	8000.0		
15477	1	1			0.0	8000.0		
15478	1	1			0.0	8000.0		
15479	1	1			0.0	8000.0		
15480	1	1			0.0	8000.0		
15481	1	1			0.0	8000.0		
15482	1	1			0.0	8000.0		
15483	1	1			0.0	8000.0		
15484	1	1			0.0	8000.0		
15485	1	1			0.0	8000.0		
15486	1	1	2.0	6.0	0.0	8000.0	cluster_2	BO-82Tapyta/BO-82TAPYTA_20250417_044502.wav
15487	1	1			0.0	8000.0		
15488	1	1			0.0	8000.0		
15489	1	1	10.0	14.0	0.0	8000.0	cluster_2	BO-82Tapyta/BO-82TAPYTA_20250411_190802.wav
15490	1	1			0.0	8000.0		
15491	1	1			0.0	8000.0		
15492	1	1			0.0	8000.0		
15493	1	1	20.0	24.0	0.0	8000.0	cluster_2	BO-82Tapyta/BO-82TAPYTA_20250419_232702.wav
15494	1	1			0.0	8000.0		
15495	1	1			0.0	8000.0		
15496	1	1			0.0	8000.0		
15497	1	1			0.0	8000.0		
15498	1	1	0.0	4.0	0.0	8000.0	cluster_2	BO-82Tapyta/BO-82TAPYTA_20250411_194802.wav
15499	1	1			0.0	8000.0		
15500	1	1	48.0	52.0	0.0	8000.0	cluster_2	BO-82Tapyta/BO-82TAPYTA_20250412_005402.wav
15501	1	1			0.0	8000.0		
15502	1	1			0.0	8000.0		
15503	1	1			0.0	8000.0		
15504	1	1	0.0	4.0	0.0	8000.0	cluster_2	BO-82Tapyta/BO-82TAPYTA_20250427_211902.wav
15505	1	1			0.0	8000.0		
15506	1	1			0.0	8000.0		
15507	1	1			0.0	8000.0		
15508	1	1			0.0	8000.0		
15509	1	1			0.0	8000.0		
15510	1	1			0.0	8000.0		
15511	1	1			0.0	8000.0		
15512	1	1			0.0	8000.0		
15513	1	1	4.0	8.0	0.0	8000.0	cluster_2	BO-82Tapyta/BO-82TAPYTA_20250416_011002.wav
15514	1	1			0.0	8000.0		
15515	1	1			0.0	8000.0		
15516	1	1	20.0	24.0	0.0	8000.0	cluster_2	BO-82Tapyta/BO-82TAPYTA_20250417_213002.wav
15517	1	1	18.0	22.0	0.0	8000.0	cluster_2	BO-82Tapyta/BO-82TAPYTA_20250412_033502.wav
15518	1	1			0.0	8000.0		
15519	1	1			0.0	8000.0		
15520	1	1			0.0	8000.0		
15521	1	1			0.0	8000.0		
15522	1	1	18.0	22.0	0.0	8000.0	cluster_2	BO-82Tapyta/BO-82TAPYTA_20250426_004102.wav
15523	1	1			0.0	8000.0		
15524	1	1			0.0	8000.0		
15525	1	1			0.0	8000.0		
15526	1	1			0.0	8000.0		
15527	1	1			0.0	8000.0		
15528	1	1			0.0	8000.0		
15529	1	1	36.0	40.0	0.0	8000.0	cluster_2	BO-82Tapyta/BO-82TAPYTA_20250412_033902.wav
15530	1	1			0.0	8000.0		
15531	1	1			0.0	8000.0		
15532	1	1			0.0	8000.0		
15533	1	1			0.0	8000.0		
15534	1	1			0.0	8000.0		
15535	1	1			0.0	8000.0		
15536	1	1			0.0	8000.0		
15537	1	1			0.0	8000.0		
15538	1	1			0.0	8000.0		
15539	1	1			0.0	8000.0		
15540	1	1			0.0	8000.0		
15541	1	1			0.0	8000.0		
15542	1	1			0.0	8000.0		
15543	1	1			0.0	8000.0		
15544	1	1			0.0	8000.0		
15545	1	1			0.0	8000.0		
15546	1	1			0.0	8000.0		
15547	1	1	36.0	40.0	0.0	8000.0	cluster_2	BO-82Tapyta/BO-82TAPYTA_20250412_034402.wav
15548	1	1			0.0	8000.0		
15549	1	1	18.0	22.0	0.0	8000.0	cluster_2	BO-82Tapyta/BO-82TAPYTA_20250411_225502.wav
15550	1	1	24.0	28.0	0.0	8000.0	cluster_2	BO-82Tapyta/BO-82TAPYTA_20250425_193602.wav
15551	1	1	28.0	32.0	0.0	8000.0	cluster_2	BO-82Tapyta/BO-82TAPYTA_20250424_233502.wav
15552	1	1			0.0	8000.0		
15553	1	1			0.0	8000.0		
15554	1	1	50.0	54.0	0.0	8000.0	cluster_2	BO-82Tapyta/BO-82TAPYTA_20250416_203402.wav
15555	1	1			0.0	8000.0		
15556	1	1			0.0	8000.0		
15557	1	1			0.0	8000.0		
15558	1	1			0.0	8000.0		
15559	1	1			0.0	8000.0		
15560	1	1			0.0	8000.0		
15561	1	1			0.0	8000.0		
15562	1	1			0.0	8000.0		
15563	1	1			0.0	8000.0		
15564	1	1			0.0	8000.0		
15565	1	1	28.0	32.0	0.0	8000.0	cluster_2	BO-81Tapyta/BO-81TAPYTA_20250416_023402.wav
15566	1	1	42.0	46.0	0.0	8000.0	cluster_2	BO-82Tapyta/BO-82TAPYTA_20250427_211102.wav
15567	1	1			0.0	8000.0		
15568	1	1			0.0	8000.0		
15569	1	1	50.0	54.0	0.0	8000.0	cluster_2	BO-81Tapyta/BO-81TAPYTA_20250416_021702.wav
15570	1	1	44.0	48.0	0.0	8000.0	cluster_2	BO-82Tapyta/BO-82TAPYTA_20250427_034102.wav
15571	1	1			0.0	8000.0		
15572	1	1			0.0	8000.0		
15573	1	1	18.0	22.0	0.0	8000.0	cluster_2	BO-82Tapyta/BO-82TAPYTA_20250416_015102.wav
15574	1	1	34.0	38.0	0.0	8000.0	cluster_2	BO-81Tapyta/BO-81TAPYTA_20250412_004402.wav
15575	1	1			0.0	8000.0		
15576	1	1	18.0	22.0	0.0	8000.0	cluster_2	BO-82Tapyta/BO-82TAPYTA_20250416_032602.wav
15577	1	1			0.0	8000.0		
15578	1	1			0.0	8000.0		
15579	1	1			0.0	8000.0		
15580	1	1			0.0	8000.0		
15581	1	1			0.0	8000.0		
15582	1	1			0.0	8000.0		
15583	1	1			0.0	8000.0		
15584	1	1			0.0	8000.0		
15585	1	1			0.0	8000.0		
15586	1	1	26.0	30.0	0.0	8000.0	cluster_2	BO-81Tapyta/BO-81TAPYTA_20250415_231902.wav
15587	1	1			0.0	8000.0		
15588	1	1			0.0	8000.0		
15589	1	1			0.0	8000.0		
15590	1	1	28.0	32.0	0.0	8000.0	cluster_2	BO-82Tapyta/BO-82TAPYTA_20250417_224902.wav
15591	1	1			0.0	8000.0		
15592	1	1	28.0	32.0	0.0	8000.0	cluster_2	BO-82Tapyta/BO-82TAPYTA_20250417_201002.wav
15593	1	1	52.0	56.0	0.0	8000.0	cluster_2	BO-82Tapyta/BO-82TAPYTA_20250417_213402.wav
15594	1	1	52.0	56.0	0.0	8000.0	cluster_2	BO-82Tapyta/BO-82TAPYTA_20250426_052402.wav
15595	1	1	48.0	52.0	0.0	8000.0	cluster_2	BO-82Tapyta/BO-82TAPYTA_20250426_010102.wav
15596	1	1			0.0	8000.0		
15597	1	1			0.0	8000.0		
15598	1	1	46.0	50.0	0.0	8000.0	cluster_2	BO-82Tapyta/BO-82TAPYTA_20250427_025002.wav
15599	1	1			0.0	8000.0		
15600	1	1			0.0	8000.0		
15601	1	1	2.0	6.0	0.0	8000.0	cluster_2	BO-82Tapyta/BO-82TAPYTA_20250502_224602.wav
15602	1	1			0.0	8000.0		
15603	1	1			0.0	8000.0		
15604	1	1			0.0	8000.0		
15605	1	1			0.0	8000.0		
15606	1	1			0.0	8000.0		
15607	1	1			0.0	8000.0		
15608	1	1			0.0	8000.0		
15609	1	1			0.0	8000.0		
15610	1	1			0.0	8000.0		
15611	1	1	26.0	30.0	0.0	8000.0	cluster_2	BO-82Tapyta/BO-82TAPYTA_20250416_230502.wav
15612	1	1			0.0	8000.0		
15613	1	1			0.0	8000.0		
15614	1	1			0.0	8000.0		
15615	1	1	20.0	24.0	0.0	8000.0	cluster_2	BO-82Tapyta/BO-82TAPYTA_20250426_000302.wav
15616	1	1			0.0	8000.0		
15617	1	1			0.0	8000.0		
15618	1	1			0.0	8000.0		
15619	1	1			0.0	8000.0		
15620	1	1			0.0	8000.0		
15621	1	1	52.0	56.0	0.0	8000.0	cluster_2	BO-81Tapyta/BO-81TAPYTA_20250415_235902.wav
15622	1	1			0.0	8000.0		
15623	1	1			0.0	8000.0		
15624	1	1	12.0	16.0	0.0	8000.0	cluster_2	BO-82Tapyta/BO-82TAPYTA_20250417_204002.wav
15625	1	1			0.0	8000.0		
15626	1	1	26.0	30.0	0.0	8000.0	cluster_2	BO-82Tapyta/BO-82TAPYTA_20250415_231202.wav
15627	1	1	22.0	26.0	0.0	8000.0	cluster_2	BO-82Tapyta/BO-82TAPYTA_20250502_210202.wav
15628	1	1	16.0	20.0	0.0	8000.0	cluster_2	BO-82Tapyta/BO-82TAPYTA_20250417_194802.wav
15629	1	1			0.0	8000.0		
15630	1	1			0.0	8000.0		
15631	1	1			0.0	8000.0		
15632	1	1			0.0	8000.0		
15633	1	1			0.0	8000.0		
15634	1	1			0.0	8000.0		
15635	1	1			0.0	8000.0		
15636	1	1	26.0	30.0	0.0	8000.0	cluster_2	BO-81Tapyta/BO-81TAPYTA_20250416_055702.wav
15637	1	1			0.0	8000.0		
15638	1	1			0.0	8000.0		
15639	1	1			0.0	8000.0		
15640	1	1			0.0	8000.0		
15641	1	1			0.0	8000.0		
15642	1	1			0.0	8000.0		
15643	1	1			0.0	8000.0		
15644	1	1	6.0	10.0	0.0	8000.0	cluster_2	BO-82Tapyta/BO-82TAPYTA_20250418_050202.wav
15645	1	1			0.0	8000.0		
15646	1	1			0.0	8000.0		
15647	1	1			0.0	8000.0		
15648	1	1			0.0	8000.0		
15649	1	1			0.0	8000.0		
15650	1	1	26.0	30.0	0.0	8000.0	cluster_2	BO-82Tapyta/BO-82TAPYTA_20250424_211702.wav
15651	1	1	44.0	48.0	0.0	8000.0	cluster_2	BO-82Tapyta/BO-82TAPYTA_20250427_015102.wav
15652	1	1			0.0	8000.0		
15653	1	1			0.0	8000.0		
15654	1	1			0.0	8000.0		
15655	1	1	10.0	14.0	0.0	8000.0	cluster_2	BO-82Tapyta/BO-82TAPYTA_20250426_043002.wav
15656	1	1			0.0	8000.0		
15657	1	1			0.0	8000.0		
15658	1	1			0.0	8000.0		
15659	1	1			0.0	8000.0		
15660	1	1			0.0	8000.0		
15661	1	1			0.0	8000.0		
15662	1	1			0.0	8000.0		
15663	1	1			0.0	8000.0		
15664	1	1			0.0	8000.0		
15665	1	1			0.0	8000.0		
15666	1	1			0.0	8000.0		
15667	1	1	30.0	34.0	0.0	8000.0	cluster_2	BO-81Tapyta/BO-81TAPYTA_20250416_002602.wav
15668	1	1			0.0	8000.0		
15669	1	1	16.0	20.0	0.0	8000.0	cluster_2	BO-82Tapyta/BO-82TAPYTA_20250418_014402.wav
15670	1	1			0.0	8000.0		
15671	1	1			0.0	8000.0		
15672	1	1	44.0	48.0	0.0	8000.0	cluster_2	BO-82Tapyta/BO-82TAPYTA_20250416_005102.wav
15673	1	1			0.0	8000.0		
15674	1	1	0.0	4.0	0.0	8000.0	cluster_2	BO-82Tapyta/BO-82TAPYTA_20250416_223902.wav
15675	1	1			0.0	8000.0		
15676	1	1			0.0	8000.0		
15677	1	1			0.0	8000.0		
15678	1	1	14.0	18.0	0.0	8000.0	cluster_2	BO-81Tapyta/BO-81TAPYTA_20250416_023502.wav
15679	1	1			0.0	8000.0		
15680	1	1			0.0	8000.0		
15681	1	1			0.0	8000.0		
15682	1	1			0.0	8000.0		
15683	1	1			0.0	8000.0		
15684	1	1	36.0	40.0	0.0	8000.0	cluster_2	BO-82Tapyta/BO-82TAPYTA_20250427_012902.wav
15685	1	1			0.0	8000.0		
15686	1	1			0.0	8000.0		
15687	1	1			0.0	8000.0		
15688	1	1			0.0	8000.0		
15689	1	1	0.0	4.0	0.0	8000.0	cluster_2	BO-82Tapyta/BO-82TAPYTA_20250415_222202.wav
15690	1	1	2.0	6.0	0.0	8000.0	cluster_2	BO-82Tapyta/BO-82TAPYTA_20250424_234802.wav
15691	1	1	0.0	4.0	0.0	8000.0	cluster_2	BO-82Tapyta/BO-82TAPYTA_20250416_220402.wav
15692	1	1			0.0	8000.0		
15693	1	1			0.0	8000.0		
15694	1	1			0.0	8000.0		
15695	1	1			0.0	8000.0		
15696	1	1			0.0	8000.0		
15697	1	1			0.0	8000.0		
15698	1	1			0.0	8000.0		
15699	1	1			0.0	8000.0		
15700	1	1			0.0	8000.0		
15701	1	1			0.0	8000.0		
15702	1	1			0.0	8000.0		
15703	1	1			0.0	8000.0		
15704	1	1			0.0	8000.0		
15705	1	1			0.0	8000.0		
15706	1	1			0.0	8000.0		
15707	1	1			0.0	8000.0		
15708	1	1			0.0	8000.0		
15709	1	1			0.0	8000.0		
15710	1	1			0.0	8000.0		
15711	1	1			0.0	8000.0		
15712	1	1	50.0	54.0	0.0	8000.0	cluster_2	BO-82Tapyta/BO-82TAPYTA_20250427_020302.wav
15713	1	1	2.0	6.0	0.0	8000.0	cluster_2	BO-82Tapyta/BO-82TAPYTA_20250412_003502.wav
15714	1	1	10.0	14.0	0.0	8000.0	cluster_2	BO-82Tapyta/BO-82TAPYTA_20250411_220302.wav
15715	1	1			0.0	8000.0		
15716	1	1			0.0	8000.0		
15717	1	1			0.0	8000.0		
15718	1	1			0.0	8000.0		
15719	1	1			0.0	8000.0		
15720	1	1	38.0	42.0	0.0	8000.0	cluster_2	BO-82Tapyta/BO-82TAPYTA_20250427_204102.wav
15721	1	1			0.0	8000.0		
15722	1	1	22.0	26.0	0.0	8000.0	cluster_2	BO-82Tapyta/BO-82TAPYTA_20250417_202302.wav
15723	1	1	30.0	34.0	0.0	8000.0	cluster_2	BO-82Tapyta/BO-82TAPYTA_20250426_234002.wav
15724	1	1			0.0	8000.0		
15725	1	1			0.0	8000.0		
15726	1	1			0.0	8000.0		
15727	1	1	48.0	52.0	0.0	8000.0	cluster_2	BO-82Tapyta/BO-82TAPYTA_20250412_012402.wav
15728	1	1			0.0	8000.0		
15729	1	1			0.0	8000.0		
15730	1	1			0.0	8000.0		
15731	1	1	24.0	28.0	0.0	8000.0	cluster_2	BO-82Tapyta/BO-82TAPYTA_20250427_041002.wav
15732	1	1			0.0	8000.0		
15733	1	1	6.0	10.0	0.0	8000.0	cluster_2	BO-82Tapyta/BO-82TAPYTA_20250410_191702.wav
15734	1	1			0.0	8000.0		
15735	1	1			0.0	8000.0		
15736	1	1	46.0	50.0	0.0	8000.0	cluster_2	BO-81Tapyta/BO-81TAPYTA_20250415_213802.wav
15737	1	1			0.0	8000.0		
15738	1	1	14.0	18.0	0.0	8000.0	cluster_2	BO-82Tapyta/BO-82TAPYTA_20250426_004402.wav
15739	1	1	46.0	50.0	0.0	8000.0	cluster_2	BO-82Tapyta/BO-82TAPYTA_20250416_053302.wav
15740	1	1	46.0	50.0	0.0	8000.0	cluster_2	BO-81Tapyta/BO-81TAPYTA_20250413_215302.wav
15741	1	1	6.0	10.0	0.0	8000.0	cluster_2	BO-82Tapyta/BO-82TAPYTA_20250417_031902.wav
15742	1	1			0.0	8000.0		
15743	1	1			0.0	8000.0		
15744	1	1			0.0	8000.0		
15745	1	1			0.0	8000.0		
15746	1	1	24.0	28.0	0.0	8000.0	cluster_2	BO-82Tapyta/BO-82TAPYTA_20250427_202902.wav
15747	1	1			0.0	8000.0		
15748	1	1	30.0	34.0	0.0	8000.0	cluster_2	BO-82Tapyta/BO-82TAPYTA_20250416_193002.wav
15749	1	1			0.0	8000.0		
15750	1	1			0.0	8000.0		
15751	1	1			0.0	8000.0		
15752	1	1	6.0	10.0	0.0	8000.0	cluster_2	BO-82Tapyta/BO-82TAPYTA_20250417_201802.wav
15753	1	1	18.0	22.0	0.0	8000.0	cluster_2	BO-82Tapyta/BO-82TAPYTA_20250412_031702.wav
15754	1	1			0.0	8000.0		
15755	1	1			0.0	8000.0		
15756	1	1			0.0	8000.0		
15757	1	1	28.0	32.0	0.0	8000.0	cluster_2	BO-82Tapyta/BO-82TAPYTA_20250416_040802.wav
15758	1	1			0.0	8000.0		
15759	1	1	2.0	6.0	0.0	8000.0	cluster_2	BO-82Tapyta/BO-82TAPYTA_20250424_230602.wav
15760	1	1			0.0	8000.0		
15761	1	1			0.0	8000.0		
15762	1	1			0.0	8000.0		
15763	1	1			0.0	8000.0		
15764	1	1			0.0	8000.0		
15765	1	1			0.0	8000.0		
15766	1	1			0.0	8000.0		
15767	1	1			0.0	8000.0		
15768	1	1			0.0	8000.0		
15769	1	1			0.0	8000.0		
15770	1	1			0.0	8000.0		
15771	1	1	22.0	26.0	0.0	8000.0	cluster_2	BO-82Tapyta/BO-82TAPYTA_20250426_214802.wav
15772	1	1	36.0	40.0	0.0	8000.0	cluster_2	BO-82Tapyta/BO-82TAPYTA_20250425_015802.wav
15773	1	1			0.0	8000.0		
15774	1	1			0.0	8000.0		
15775	1	1			0.0	8000.0		
15776	1	1			0.0	8000.0		
15777	1	1	22.0	26.0	0.0	8000.0	cluster_2	BO-82Tapyta/BO-82TAPYTA_20250418_011602.wav
15778	1	1			0.0	8000.0		
15779	1	1			0.0	8000.0		
15780	1	1			0.0	8000.0		
15781	1	1			0.0	8000.0		
15782	1	1			0.0	8000.0		
15783	1	1			0.0	8000.0		
15784	1	1	4.0	8.0	0.0	8000.0	cluster_2	BO-82Tapyta/BO-82TAPYTA_20250416_041302.wav
15785	1	1			0.0	8000.0		
15786	1	1	20.0	24.0	0.0	8000.0	cluster_2	BO-81Tapyta/BO-81TAPYTA_20250416_000202.wav
15787	1	1	50.0	54.0	0.0	8000.0	cluster_2	BO-82Tapyta/BO-82TAPYTA_20250425_211002.wav
15788	1	1			0.0	8000.0		
15789	1	1			0.0	8000.0		
15790	1	1			0.0	8000.0		
15791	1	1			0.0	8000.0		
15792	1	1			0.0	8000.0		
15793	1	1	22.0	26.0	0.0	8000.0	cluster_2	BO-82Tapyta/BO-82TAPYTA_20250417_001702.wav
15794	1	1			0.0	8000.0		
15795	1	1			0.0	8000.0		
15796	1	1			0.0	8000.0		
15797	1	1			0.0	8000.0		
15798	1	1			0.0	8000.0		
15799	1	1			0.0	8000.0		
15800	1	1			0.0	8000.0		
15801	1	1			0.0	8000.0		
15802	1	1			0.0	8000.0		
15803	1	1			0.0	8000.0		
15804	1	1	44.0	48.0	0.0	8000.0	cluster_2	BO-82Tapyta/BO-82TAPYTA_20250425_014502.wav
15805	1	1			0.0	8000.0		
15806	1	1			0.0	8000.0		
15807	1	1	44.0	48.0	0.0	8000.0	cluster_2	BO-82Tapyta/BO-82TAPYTA_20250416_040102.wav
15808	1	1			0.0	8000.0		
15809	1	1	12.0	16.0	0.0	8000.0	cluster_2	BO-82Tapyta/BO-82TAPYTA_20250416_223602.wav
15810	1	1			0.0	8000.0		
15811	1	1			0.0	8000.0		
15812	1	1			0.0	8000.0		
15813	1	1			0.0	8000.0		
15814	1	1			0.0	8000.0		
15815	1	1			0.0	8000.0		
15816	1	1			0.0	8000.0		
15817	1	1			0.0	8000.0		
15818	1	1	18.0	22.0	0.0	8000.0	cluster_2	BO-82Tapyta/BO-82TAPYTA_20250502_201602.wav
15819	1	1			0.0	8000.0		
15820	1	1			0.0	8000.0		
15821	1	1			0.0	8000.0		
15822	1	1			0.0	8000.0		
15823	1	1	50.0	54.0	0.0	8000.0	cluster_2	BO-82Tapyta/BO-82TAPYTA_20250417_204202.wav
15824	1	1			0.0	8000.0		
15825	1	1			0.0	8000.0		
15826	1	1			0.0	8000.0		
15827	1	1			0.0	8000.0		
15828	1	1			0.0	8000.0		
15829	1	1			0.0	8000.0		
15830	1	1	44.0	48.0	0.0	8000.0	cluster_2	BO-82Tapyta/BO-82TAPYTA_20250411_193102.wav
15831	1	1			0.0	8000.0		
15832	1	1			0.0	8000.0		
15833	1	1	42.0	46.0	0.0	8000.0	cluster_2	BO-82Tapyta/BO-82TAPYTA_20250411_230302.wav
15834	1	1			0.0	8000.0		
15835	1	1	14.0	18.0	0.0	8000.0	cluster_2	BO-82Tapyta/BO-82TAPYTA_20250417_223802.wav
15836	1	1			0.0	8000.0		
15837	1	1			0.0	8000.0		
15838	1	1			0.0	8000.0		
15839	1	1			0.0	8000.0		
15840	1	1			0.0	8000.0		
15841	1	1			0.0	8000.0		
15842	1	1			0.0	8000.0		
15843	1	1			0.0	8000.0		
15844	1	1	14.0	18.0	0.0	8000.0	cluster_2	BO-82Tapyta/BO-82TAPYTA_20250417_014602.wav
15845	1	1	44.0	48.0	0.0	8000.0	cluster_2	BO-82Tapyta/BO-82TAPYTA_20250413_222702.wav
15846	1	1	44.0	48.0	0.0	8000.0	cluster_2	BO-82Tapyta/BO-82TAPYTA_20250416_022302.wav
15847	1	1			0.0	8000.0		
15848	1	1			0.0	8000.0		
15849	1	1			0.0	8000.0		
15850	1	1			0.0	8000.0		
15851	1	1			0.0	8000.0		
15852	1	1			0.0	8000.0		
15853	1	1	42.0	46.0	0.0	8000.0	cluster_2	BO-82Tapyta/BO-82TAPYTA_20250411_213802.wav
15854	1	1			0.0	8000.0		
15855	1	1			0.0	8000.0		
15856	1	1			0.0	8000.0		
15857	1	1			0.0	8000.0		
15858	1	1			0.0	8000.0		
15859	1	1			0.0	8000.0		
15860	1	1			0.0	8000.0		
15861	1	1			0.0	8000.0		
15862	1	1	36.0	40.0	0.0	8000.0	cluster_2	BO-82Tapyta/BO-82TAPYTA_20250416_231002.wav
15863	1	1			0.0	8000.0		
15864	1	1			0.0	8000.0		
15865	1	1			0.0	8000.0		
15866	1	1			0.0	8000.0		
15867	1	1			0.0	8000.0		
15868	1	1			0.0	8000.0		
15869	1	1			0.0	8000.0		
15870	1	1	44.0	48.0	0.0	8000.0	cluster_2	BO-81Tapyta/BO-81TAPYTA_20250416_023202.wav
15871	1	1			0.0	8000.0		
15872	1	1			0.0	8000.0		
15873	1	1	12.0	16.0	0.0	8000.0	cluster_2	BO-82Tapyta/BO-82TAPYTA_20250426_214202.wav
15874	1	1			0.0	8000.0		
15875	1	1			0.0	8000.0		
15876	1	1			0.0	8000.0		
15877	1	1			0.0	8000.0		
15878	1	1			0.0	8000.0		
15879	1	1			0.0	8000.0		
15880	1	1	48.0	52.0	0.0	8000.0	cluster_2	BO-82Tapyta/BO-82TAPYTA_20250418_002302.wav
15881	1	1			0.0	8000.0		
15882	1	1			0.0	8000.0		
15883	1	1			0.0	8000.0		
15884	1	1	16.0	20.0	0.0	8000.0	cluster_2	BO-81Tapyta/BO-81TAPYTA_20250412_002102.wav
15885	1	1			0.0	8000.0		
15886	1	1			0.0	8000.0		
15887	1	1	6.0	10.0	0.0	8000.0	cluster_2	BO-82Tapyta/BO-82TAPYTA_20250425_214602.wav
15888	1	1			0.0	8000.0		
15889	1	1			0.0	8000.0		
15890	1	1	50.0	54.0	0.0	8000.0	cluster_2	BO-82Tapyta/BO-82TAPYTA_20250426_054502.wav
15891	1	1	52.0	56.0	0.0	8000.0	cluster_2	BO-82Tapyta/BO-82TAPYTA_20250418_001402.wav
15892	1	1			0.0	8000.0		
15893	1	1	32.0	36.0	0.0	8000.0	cluster_2	BO-82Tapyta/BO-82TAPYTA_20250414_201602.wav
15894	1	1	24.0	28.0	0.0	8000.0	cluster_2	BO-82Tapyta/BO-82TAPYTA_20250424_195702.wav
15895	1	1			0.0	8000.0		
15896	1	1			0.0	8000.0		
15897	1	1			0.0	8000.0		
15898	1	1	36.0	40.0	0.0	8000.0	cluster_2	BO-81Tapyta/BO-81TAPYTA_20250412_034702.wav
15899	1	1	12.0	16.0	0.0	8000.0	cluster_2	BO-82Tapyta/BO-82TAPYTA_20250426_002302.wav
15900	1	1			0.0	8000.0		
15901	1	1			0.0	8000.0		
15902	1	1			0.0	8000.0		
15903	1	1			0.0	8000.0		
15904	1	1	44.0	48.0	0.0	8000.0	cluster_2	BO-82Tapyta/BO-82TAPYTA_20250426_004902.wav
15905	1	1	0.0	4.0	0.0	8000.0	cluster_2	BO-82Tapyta/BO-82TAPYTA_20250424_205802.wav
15906	1	1			0.0	8000.0		
15907	1	1	52.0	56.0	0.0	8000.0	cluster_2	BO-82Tapyta/BO-82TAPYTA_20250416_050102.wav
15908	1	1			0.0	8000.0		
15909	1	1			0.0	8000.0		
15910	1	1			0.0	8000.0		
15911	1	1			0.0	8000.0		
15912	1	1			0.0	8000.0		
15913	1	1			0.0	8000.0		
15914	1	1	24.0	28.0	0.0	8000.0	cluster_2	BO-82Tapyta/BO-82TAPYTA_20250426_224802.wav
15915	1	1			0.0	8000.0		
15916	1	1	14.0	18.0	0.0	8000.0	cluster_2	BO-81Tapyta/BO-81TAPYTA_20250412_004002.wav
15917	1	1			0.0	8000.0		
15918	1	1			0.0	8000.0		
15919	1	1	52.0	56.0	0.0	8000.0	cluster_2	BO-81Tapyta/BO-81TAPYTA_20250411_235602.wav
15920	1	1			0.0	8000.0		
15921	1	1			0.0	8000.0		
15922	1	1			0.0	8000.0		
15923	1	1			0.0	8000.0		
15924	1	1			0.0	8000.0		
15925	1	1			0.0	8000.0		
15926	1	1			0.0	8000.0		
15927	1	1			0.0	8000.0		
15928	1	1	2.0	6.0	0.0	8000.0	cluster_2	BO-82Tapyta/BO-82TAPYTA_20250426_025102.wav
15929	1	1			0.0	8000.0		
15930	1	1			0.0	8000.0		
15931	1	1			0.0	8000.0		
15932	1	1			0.0	8000.0		
15933	1	1			0.0	8000.0		
15934	1	1			0.0	8000.0		
15935	1	1			0.0	8000.0		
15936	1	1	14.0	18.0	0.0	8000.0	cluster_2	BO-81Tapyta/BO-81TAPYTA_20250411_223802.wav
15937	1	1			0.0	8000.0		
15938	1	1			0.0	8000.0		
15939	1	1			0.0	8000.0		
15940	1	1			0.0	8000.0		
15941	1	1			0.0	8000.0		
15942	1	1			0.0	8000.0		
15943	1	1			0.0	8000.0		
15944	1	1	20.0	24.0	0.0	8000.0	cluster_2	BO-82Tapyta/BO-82TAPYTA_20250413_002002.wav
15945	1	1			0.0	8000.0		
15946	1	1			0.0	8000.0		
15947	1	1			0.0	8000.0		
15948	1	1			0.0	8000.0		
15949	1	1	2.0	6.0	0.0	8000.0	cluster_2	BO-82Tapyta/BO-82TAPYTA_20250426_204002.wav
15950	1	1			0.0	8000.0		
15951	1	1	8.0	12.0	0.0	8000.0	cluster_2	BO-81Tapyta/BO-81TAPYTA_20250416_041902.wav
15952	1	1			0.0	8000.0		
15953	1	1			0.0	8000.0		
15954	1	1			0.0	8000.0		
15955	1	1			0.0	8000.0		
15956	1	1			0.0	8000.0		
15957	1	1			0.0	8000.0		
15958	1	1			0.0	8000.0		
15959	1	1			0.0	8000.0		
15960	1	1	12.0	16.0	0.0	8000.0	cluster_2	BO-82Tapyta/BO-82TAPYTA_20250418_003602.wav
15961	1	1	4.0	8.0	0.0	8000.0	cluster_2	BO-82Tapyta/BO-82TAPYTA_20250425_021202.wav
15962	1	1			0.0	8000.0		
15963	1	1	50.0	54.0	0.0	8000.0	cluster_2	BO-82Tapyta/BO-82TAPYTA_20250502_214502.wav
15964	1	1	46.0	50.0	0.0	8000.0	cluster_2	BO-82Tapyta/BO-82TAPYTA_20250412_014702.wav
15965	1	1			0.0	8000.0		
15966	1	1	40.0	44.0	0.0	8000.0	cluster_2	BO-81Tapyta/BO-81TAPYTA_20250415_203202.wav
15967	1	1			0.0	8000.0		
15968	1	1	4.0	8.0	0.0	8000.0	cluster_2	BO-81Tapyta/BO-81TAPYTA_20250412_000402.wav
15969	1	1	20.0	24.0	0.0	8000.0	cluster_2	BO-82Tapyta/BO-82TAPYTA_20250425_011002.wav
15970	1	1			0.0	8000.0		
15971	1	1			0.0	8000.0		
15972	1	1			0.0	8000.0		
15973	1	1	38.0	42.0	0.0	8000.0	cluster_2	BO-82Tapyta/BO-82TAPYTA_20250411_194302.wav
15974	1	1			0.0	8000.0		
15975	1	1			0.0	8000.0		
15976	1	1			0.0	8000.0		
15977	1	1			0.0	8000.0		
15978	1	1			0.0	8000.0		
15979	1	1	40.0	44.0	0.0	8000.0	cluster_2	BO-82Tapyta/BO-82TAPYTA_20250411_185502.wav
15980	1	1			0.0	8000.0		
15981	1	1			0.0	8000.0		
15982	1	1			0.0	8000.0		
15983	1	1			0.0	8000.0		
15984	1	1			0.0	8000.0		
15985	1	1			0.0	8000.0		
15986	1	1			0.0	8000.0		
15987	1	1			0.0	8000.0		
15988	1	1			0.0	8000.0		
15989	1	1			0.0	8000.0		
15990	1	1			0.0	8000.0		
15991	1	1			0.0	8000.0		
15992	1	1	4.0	8.0	0.0	8000.0	cluster_2	BO-82Tapyta/BO-82TAPYTA_20250416_014702.wav
15993	1	1			0.0	8000.0		
15994	1	1	28.0	32.0	0.0	8000.0	cluster_2	BO-82Tapyta/BO-82TAPYTA_20250416_202502.wav
15995	1	1			0.0	8000.0		
15996	1	1			0.0	8000.0		
15997	1	1			0.0	8000.0		
15998	1	1			0.0	8000.0		
15999	1	1			0.0	8000.0		
16000	1	1			0.0	8000.0		
16001	1	1	8.0	12.0	0.0	8000.0	cluster_2	BO-82Tapyta/BO-82TAPYTA_20250426_213302.wav
16002	1	1			0.0	8000.0		
16003	1	1			0.0	8000.0		
16004	1	1			0.0	8000.0		
16005	1	1			0.0	8000.0		
16006	1	1	38.0	42.0	0.0	8000.0	cluster_2	BO-82Tapyta/BO-82TAPYTA_20250414_213702.wav
16007	1	1			0.0	8000.0		
16008	1	1			0.0	8000.0		
16009	1	1			0.0	8000.0		
16010	1	1			0.0	8000.0		
16011	1	1	4.0	8.0	0.0	8000.0	cluster_2	BO-82Tapyta/BO-82TAPYTA_20250413_201802.wav
16012	1	1	26.0	30.0	0.0	8000.0	cluster_2	BO-82Tapyta/BO-82TAPYTA_20250416_201802.wav
16013	1	1			0.0	8000.0		
16014	1	1	14.0	18.0	0.0	8000.0	cluster_2	BO-81Tapyta/BO-81TAPYTA_20250416_025702.wav
16015	1	1			0.0	8000.0		
16016	1	1	10.0	14.0	0.0	8000.0	cluster_2	BO-81Tapyta/BO-81TAPYTA_20250411_234002.wav
16017	1	1			0.0	8000.0		
16018	1	1	48.0	52.0	0.0	8000.0	cluster_2	BO-82Tapyta/BO-82TAPYTA_20250418_054502.wav
16019	1	1			0.0	8000.0		
16020	1	1			0.0	8000.0		
16021	1	1			0.0	8000.0		
16022	1	1	44.0	48.0	0.0	8000.0	cluster_2	BO-82Tapyta/BO-82TAPYTA_20250411_204402.wav
16023	1	1	30.0	34.0	0.0	8000.0	cluster_2	BO-82Tapyta/BO-82TAPYTA_20250417_040802.wav
16024	1	1			0.0	8000.0		
16025	1	1			0.0	8000.0		
16026	1	1			0.0	8000.0		
16027	1	1	42.0	46.0	0.0	8000.0	cluster_2	BO-82Tapyta/BO-82TAPYTA_20250426_014702.wav
16028	1	1			0.0	8000.0		
16029	1	1			0.0	8000.0		
16030	1	1			0.0	8000.0		
16031	1	1			0.0	8000.0		
16032	1	1	2.0	6.0	0.0	8000.0	cluster_2	BO-82Tapyta/BO-82TAPYTA_20250417_233202.wav
16033	1	1	38.0	42.0	0.0	8000.0	cluster_2	BO-82Tapyta/BO-82TAPYTA_20250415_230502.wav
16034	1	1			0.0	8000.0		
16035	1	1			0.0	8000.0		
16036	1	1			0.0	8000.0		
16037	1	1			0.0	8000.0		
16038	1	1			0.0	8000.0		
16039	1	1	4.0	8.0	0.0	8000.0	cluster_2	BO-82Tapyta/BO-82TAPYTA_20250417_212202.wav
16040	1	1			0.0	8000.0		
16041	1	1	30.0	34.0	0.0	8000.0	cluster_2	BO-82Tapyta/BO-82TAPYTA_20250412_004802.wav
16042	1	1			0.0	8000.0		
16043	1	1			0.0	8000.0		
16044	1	1			0.0	8000.0		
16045	1	1			0.0	8000.0		
16046	1	1			0.0	8000.0		
16047	1	1			0.0	8000.0		
16048	1	1			0.0	8000.0		
16049	1	1			0.0	8000.0		
16050	1	1			0.0	8000.0		
16051	1	1			0.0	8000.0		
16052	1	1	8.0	12.0	0.0	8000.0	cluster_2	BO-82Tapyta/BO-82TAPYTA_20250416_195402.wav
16053	1	1	18.0	22.0	0.0	8000.0	cluster_2	BO-82Tapyta/BO-82TAPYTA_20250415_214602.wav
16054	1	1			0.0	8000.0		
16055	1	1	32.0	36.0	0.0	8000.0	cluster_2	BO-81Tapyta/BO-81TAPYTA_20250415_213102.wav
16056	1	1			0.0	8000.0		
16057	1	1	8.0	12.0	0.0	8000.0	cluster_2	BO-82Tapyta/BO-82TAPYTA_20250424_195902.wav
16058	1	1			0.0	8000.0		
16059	1	1			0.0	8000.0		
16060	1	1			0.0	8000.0		
16061	1	1			0.0	8000.0		
16062	1	1			0.0	8000.0		
16063	1	1	28.0	32.0	0.0	8000.0	cluster_2	BO-82Tapyta/BO-82TAPYTA_20250415_221202.wav
16064	1	1			0.0	8000.0		
16065	1	1			0.0	8000.0		
16066	1	1	48.0	52.0	0.0	8000.0	cluster_2	BO-82Tapyta/BO-82TAPYTA_20250424_222602.wav
16067	1	1			0.0	8000.0		
16068	1	1			0.0	8000.0		
16069	1	1	26.0	30.0	0.0	8000.0	cluster_2	BO-82Tapyta/BO-82TAPYTA_20250427_042402.wav
16070	1	1			0.0	8000.0		
16071	1	1	40.0	44.0	0.0	8000.0	cluster_2	BO-81Tapyta/BO-81TAPYTA_20250416_034702.wav
16072	1	1			0.0	8000.0		
16073	1	1			0.0	8000.0		
16074	1	1	4.0	8.0	0.0	8000.0	cluster_2	BO-82Tapyta/BO-82TAPYTA_20250416_050602.wav
16075	1	1			0.0	8000.0		
16076	1	1			0.0	8000.0		
16077	1	1			0.0	8000.0		
16078	1	1	48.0	52.0	0.0	8000.0	cluster_2	BO-82Tapyta/BO-82TAPYTA_20250412_023602.wav
16079	1	1			0.0	8000.0		
16080	1	1	14.0	18.0	0.0	8000.0	cluster_2	BO-82Tapyta/BO-82TAPYTA_20250424_230002.wav
16081	1	1			0.0	8000.0		
16082	1	1	36.0	40.0	0.0	8000.0	cluster_2	BO-82Tapyta/BO-82TAPYTA_20250414_203102.wav
16083	1	1			0.0	8000.0		
16084	1	1			0.0	8000.0		
16085	1	1			0.0	8000.0		
16086	1	1			0.0	8000.0		
16087	1	1	26.0	30.0	0.0	8000.0	cluster_2	BO-82Tapyta/BO-82TAPYTA_20250425_210002.wav
16088	1	1			0.0	8000.0		
16089	1	1	32.0	36.0	0.0	8000.0	cluster_2	BO-82Tapyta/BO-82TAPYTA_20250414_222602.wav
16090	1	1			0.0	8000.0		
16091	1	1			0.0	8000.0		
16092	1	1			0.0	8000.0		
16093	1	1			0.0	8000.0		
16094	1	1			0.0	8000.0		
16095	1	1			0.0	8000.0		
16096	1	1			0.0	8000.0		
16097	1	1	14.0	18.0	0.0	8000.0	cluster_2	BO-82Tapyta/BO-82TAPYTA_20250416_004002.wav
16098	1	1	16.0	20.0	0.0	8000.0	cluster_2	BO-81Tapyta/BO-81TAPYTA_20250413_203702.wav
16099	1	1			0.0	8000.0		
16100	1	1			0.0	8000.0		
16101	1	1	4.0	8.0	0.0	8000.0	cluster_2	BO-82Tapyta/BO-82TAPYTA_20250414_195502.wav
16102	1	1			0.0	8000.0		
16103	1	1			0.0	8000.0		
16104	1	1			0.0	8000.0		
16105	1	1			0.0	8000.0		
16106	1	1	14.0	18.0	0.0	8000.0	cluster_2	BO-81Tapyta/BO-81TAPYTA_20250416_032502.wav
16107	1	1			0.0	8000.0		
16108	1	1			0.0	8000.0		
16109	1	1			0.0	8000.0		
16110	1	1	44.0	48.0	0.0	8000.0	cluster_2	BO-82Tapyta/BO-82TAPYTA_20250415_213902.wav
16111	1	1	52.0	56.0	0.0	8000.0	cluster_2	BO-81Tapyta/BO-81TAPYTA_20250416_021002.wav
16112	1	1			0.0	8000.0		
16113	1	1			0.0	8000.0		
16114	1	1			0.0	8000.0		
16115	1	1			0.0	8000.0		
16116	1	1	2.0	6.0	0.0	8000.0	cluster_2	BO-81Tapyta/BO-81TAPYTA_20250415_205202.wav
16117	1	1			0.0	8000.0		
16118	1	1			0.0	8000.0		
16119	1	1	32.0	36.0	0.0	8000.0	cluster_2	BO-82Tapyta/BO-82TAPYTA_20250424_234602.wav
16120	1	1	4.0	8.0	0.0	8000.0	cluster_2	BO-82Tapyta/BO-82TAPYTA_20250425_004302.wav
16121	1	1	18.0	22.0	0.0	8000.0	cluster_2	BO-82Tapyta/BO-82TAPYTA_20250411_205302.wav
16122	1	1	22.0	26.0	0.0	8000.0	cluster_2	BO-82Tapyta/BO-82TAPYTA_20250502_190702.wav
16123	1	1	38.0	42.0	0.0	8000.0	cluster_2	BO-82Tapyta/BO-82TAPYTA_20250416_053602.wav
16124	1	1			0.0	8000.0		
16125	1	1			0.0	8000.0		
16126	1	1			0.0	8000.0		
16127	1	1			0.0	8000.0		
16128	1	1			0.0	8000.0		
16129	1	1			0.0	8000.0		
16130	1	1			0.0	8000.0		
16131	1	1			0.0	8000.0		
16132	1	1	50.0	54.0	0.0	8000.0	cluster_2	BO-82Tapyta/BO-82TAPYTA_20250502_210902.wav
16133	1	1			0.0	8000.0		
16134	1	1	4.0	8.0	0.0	8000.0	cluster_2	BO-82Tapyta/BO-82TAPYTA_20250426_004402.wav
16135	1	1			0.0	8000.0		
16136	1	1			0.0	8000.0		
16137	1	1			0.0	8000.0		
16138	1	1			0.0	8000.0		
16139	1	1	16.0	20.0	0.0	8000.0	cluster_2	BO-82Tapyta/BO-82TAPYTA_20250417_023102.wav
16140	1	1			0.0	8000.0		
16141	1	1			0.0	8000.0		
16142	1	1			0.0	8000.0		
16143	1	1	50.0	54.0	0.0	8000.0	cluster_2	BO-82Tapyta/BO-82TAPYTA_20250426_031002.wav
16144	1	1			0.0	8000.0		
16145	1	1	40.0	44.0	0.0	8000.0	cluster_2	BO-82Tapyta/BO-82TAPYTA_20250426_235702.wav
16146	1	1			0.0	8000.0		
16147	1	1			0.0	8000.0		
16148	1	1	40.0	44.0	0.0	8000.0	cluster_2	BO-82Tapyta/BO-82TAPYTA_20250426_200402.wav
16149	1	1			0.0	8000.0		
16150	1	1			0.0	8000.0		
16151	1	1			0.0	8000.0		
16152	1	1			0.0	8000.0		
16153	1	1			0.0	8000.0		
16154	1	1			0.0	8000.0		
16155	1	1	42.0	46.0	0.0	8000.0	cluster_2	BO-82Tapyta/BO-82TAPYTA_20250417_022002.wav
16156	1	1			0.0	8000.0		
16157	1	1			0.0	8000.0		
16158	1	1			0.0	8000.0		
16159	1	1			0.0	8000.0		
16160	1	1			0.0	8000.0		
16161	1	1			0.0	8000.0		
16162	1	1	48.0	52.0	0.0	8000.0	cluster_2	BO-82Tapyta/BO-82TAPYTA_20250416_225702.wav
16163	1	1			0.0	8000.0		
16164	1	1			0.0	8000.0		
16165	1	1			0.0	8000.0		
16166	1	1			0.0	8000.0		
16167	1	1			0.0	8000.0		
16168	1	1			0.0	8000.0		
16169	1	1	28.0	32.0	0.0	8000.0	cluster_2	BO-82Tapyta/BO-82TAPYTA_20250411_234402.wav
16170	1	1	40.0	44.0	0.0	8000.0	cluster_2	BO-82Tapyta/BO-82TAPYTA_20250416_210402.wav
16171	1	1			0.0	8000.0		
16172	1	1			0.0	8000.0		
16173	1	1			0.0	8000.0		
16174	1	1			0.0	8000.0		
16175	1	1			0.0	8000.0		
16176	1	1	42.0	46.0	0.0	8000.0	cluster_2	BO-82Tapyta/BO-82TAPYTA_20250412_002102.wav
16177	1	1	18.0	22.0	0.0	8000.0	cluster_2	BO-82Tapyta/BO-82TAPYTA_20250417_211202.wav
16178	1	1	44.0	48.0	0.0	8000.0	cluster_2	BO-82Tapyta/BO-82TAPYTA_20250412_043602.wav
16179	1	1	34.0	38.0	0.0	8000.0	cluster_2	BO-82Tapyta/BO-82TAPYTA_20250426_214702.wav
16180	1	1			0.0	8000.0		
16181	1	1			0.0	8000.0		
16182	1	1	10.0	14.0	0.0	8000.0	cluster_2	BO-82Tapyta/BO-82TAPYTA_20250417_231802.wav
16183	1	1			0.0	8000.0		
16184	1	1			0.0	8000.0		
16185	1	1			0.0	8000.0		
16186	1	1			0.0	8000.0		
16187	1	1	14.0	18.0	0.0	8000.0	cluster_2	BO-82Tapyta/BO-82TAPYTA_20250416_041302.wav
16188	1	1	46.0	50.0	0.0	8000.0	cluster_2	BO-81Tapyta/BO-81TAPYTA_20250414_220902.wav
16189	1	1			0.0	8000.0		
16190	1	1			0.0	8000.0		
16191	1	1			0.0	8000.0		
16192	1	1			0.0	8000.0		
16193	1	1			0.0	8000.0		
16194	1	1			0.0	8000.0		
16195	1	1			0.0	8000.0		
16196	1	1			0.0	8000.0		
16197	1	1	8.0	12.0	0.0	8000.0	cluster_2	BO-82Tapyta/BO-82TAPYTA_20250415_212502.wav
16198	1	1	28.0	32.0	0.0	8000.0	cluster_2	BO-82Tapyta/BO-82TAPYTA_20250429_182802.wav
16199	1	1	24.0	28.0	0.0	8000.0	cluster_2	BO-81Tapyta/BO-81TAPYTA_20250416_020302.wav
16200	1	1			0.0	8000.0		
16201	1	1			0.0	8000.0		
16202	1	1			0.0	8000.0		
16203	1	1			0.0	8000.0		
16204	1	1			0.0	8000.0		
16205	1	1			0.0	8000.0		
16206	1	1	52.0	56.0	0.0	8000.0	cluster_2	BO-82Tapyta/BO-82TAPYTA_20250417_001502.wav
16207	1	1			0.0	8000.0		
16208	1	1			0.0	8000.0		
16209	1	1			0.0	8000.0		
16210	1	1	8.0	12.0	0.0	8000.0	cluster_2	BO-81Tapyta/BO-81TAPYTA_20250415_204402.wav
16211	1	1			0.0	8000.0		
16212	1	1			0.0	8000.0		
16213	1	1			0.0	8000.0		
16214	1	1			0.0	8000.0		
16215	1	1			0.0	8000.0		
16216	1	1			0.0	8000.0		
16217	1	1			0.0	8000.0		
16218	1	1			0.0	8000.0		
16219	1	1	14.0	18.0	0.0	8000.0	cluster_2	BO-82Tapyta/BO-82TAPYTA_20250412_011402.wav
16220	1	1			0.0	8000.0		
16221	1	1			0.0	8000.0		
16222	1	1			0.0	8000.0		
16223	1	1			0.0	8000.0		
16224	1	1			0.0	8000.0		
16225	1	1	34.0	38.0	0.0	8000.0	cluster_2	BO-81Tapyta/BO-81TAPYTA_20250414_212202.wav
16226	1	1			0.0	8000.0		
16227	1	1			0.0	8000.0		
16228	1	1			0.0	8000.0		
16229	1	1			0.0	8000.0		
16230	1	1			0.0	8000.0		
16231	1	1			0.0	8000.0		
16232	1	1			0.0	8000.0		
16233	1	1			0.0	8000.0		
16234	1	1			0.0	8000.0		
16235	1	1			0.0	8000.0		
16236	1	1			0.0	8000.0		
16237	1	1			0.0	8000.0		
16238	1	1			0.0	8000.0		
16239	1	1			0.0	8000.0		
16240	1	1			0.0	8000.0		
16241	1	1			0.0	8000.0		
16242	1	1			0.0	8000.0		
16243	1	1			0.0	8000.0		
16244	1	1	10.0	14.0	0.0	8000.0	cluster_2	BO-82Tapyta/BO-82TAPYTA_20250416_192302.wav
16245	1	1			0.0	8000.0		
16246	1	1	44.0	48.0	0.0	8000.0	cluster_2	BO-82Tapyta/BO-82TAPYTA_20250418_054102.wav
16247	1	1			0.0	8000.0		
16248	1	1			0.0	8000.0		
16249	1	1	28.0	32.0	0.0	8000.0	cluster_2	BO-82Tapyta/BO-82TAPYTA_20250424_200202.wav
16250	1	1			0.0	8000.0		
16251	1	1			0.0	8000.0		
16252	1	1			0.0	8000.0		
16253	1	1	2.0	6.0	0.0	8000.0	cluster_2	BO-82Tapyta/BO-82TAPYTA_20250412_024002.wav
16254	1	1			0.0	8000.0		
16255	1	1			0.0	8000.0		
16256	1	1			0.0	8000.0		
16257	1	1			0.0	8000.0		
16258	1	1			0.0	8000.0		
16259	1	1			0.0	8000.0		
16260	1	1			0.0	8000.0		
16261	1	1			0.0	8000.0		
16262	1	1			0.0	8000.0		
16263	1	1			0.0	8000.0		
16264	1	1			0.0	8000.0		
16265	1	1			0.0	8000.0		
16266	1	1	52.0	56.0	0.0	8000.0	cluster_2	BO-82Tapyta/BO-82TAPYTA_20250425_213002.wav
16267	1	1			0.0	8000.0		
16268	1	1			0.0	8000.0		
16269	1	1			0.0	8000.0		
16270	1	1	20.0	24.0	0.0	8000.0	cluster_2	BO-81Tapyta/BO-81TAPYTA_20250415_214902.wav
16271	1	1			0.0	8000.0		
16272	1	1	2.0	6.0	0.0	8000.0	cluster_2	BO-81Tapyta/BO-81TAPYTA_20250415_220202.wav
16273	1	1			0.0	8000.0		
16274	1	1			0.0	8000.0		
16275	1	1			0.0	8000.0		
16276	1	1			0.0	8000.0		
16277	1	1	6.0	10.0	0.0	8000.0	cluster_2	BO-82Tapyta/BO-82TAPYTA_20250415_234202.wav
16278	1	1	28.0	32.0	0.0	8000.0	cluster_2	BO-82Tapyta/BO-82TAPYTA_20250418_052302.wav
16279	1	1			0.0	8000.0		
16280	1	1	44.0	48.0	0.0	8000.0	cluster_2	BO-82Tapyta/BO-82TAPYTA_20250426_225702.wav
16281	1	1			0.0	8000.0		
16282	1	1			0.0	8000.0		
16283	1	1			0.0	8000.0		
16284	1	1			0.0	8000.0		
16285	1	1	24.0	28.0	0.0	8000.0	cluster_2	BO-82Tapyta/BO-82TAPYTA_20250417_202902.wav
16286	1	1	6.0	10.0	0.0	8000.0	cluster_2	BO-82Tapyta/BO-82TAPYTA_20250416_205302.wav
16287	1	1	36.0	40.0	0.0	8000.0	cluster_2	BO-82Tapyta/BO-82TAPYTA_20250417_202502.wav
16288	1	1			0.0	8000.0		
16289	1	1			0.0	8000.0		
16290	1	1			0.0	8000.0		
16291	1	1			0.0	8000.0		
16292	1	1			0.0	8000.0		
16293	1	1			0.0	8000.0		
16294	1	1			0.0	8000.0		
16295	1	1			0.0	8000.0		
16296	1	1			0.0	8000.0		
16297	1	1			0.0	8000.0		
16298	1	1			0.0	8000.0		
16299	1	1			0.0	8000.0		
16300	1	1			0.0	8000.0		
16301	1	1	22.0	26.0	0.0	8000.0	cluster_2	BO-82Tapyta/BO-82TAPYTA_20250417_211602.wav
16302	1	1			0.0	8000.0		
16303	1	1			0.0	8000.0		
16304	1	1			0.0	8000.0		
16305	1	1			0.0	8000.0		
16306	1	1			0.0	8000.0		
16307	1	1			0.0	8000.0		
16308	1	1			0.0	8000.0		
16309	1	1			0.0	8000.0		
16310	1	1	50.0	54.0	0.0	8000.0	cluster_2	BO-81Tapyta/BO-81TAPYTA_20250416_034402.wav
16311	1	1			0.0	8000.0		
16312	1	1			0.0	8000.0		
16313	1	1			0.0	8000.0		
16314	1	1			0.0	8000.0		
16315	1	1			0.0	8000.0		
16316	1	1	46.0	50.0	0.0	8000.0	cluster_2	BO-82Tapyta/BO-82TAPYTA_20250418_044402.wav
16317	1	1			0.0	8000.0		
16318	1	1			0.0	8000.0		
16319	1	1			0.0	8000.0		
16320	1	1			0.0	8000.0		
16321	1	1			0.0	8000.0		
16322	1	1			0.0	8000.0		
16323	1	1			0.0	8000.0		
16324	1	1			0.0	8000.0		
16325	1	1			0.0	8000.0		
16326	1	1			0.0	8000.0		
16327	1	1	14.0	18.0	0.0	8000.0	cluster_2	BO-82Tapyta/BO-82TAPYTA_20250416_231002.wav
16328	1	1			0.0	8000.0		
16329	1	1			0.0	8000.0		
16330	1	1			0.0	8000.0		
16331	1	1	18.0	22.0	0.0	8000.0	cluster_2	BO-82Tapyta/BO-82TAPYTA_20250426_012202.wav
16332	1	1			0.0	8000.0		
16333	1	1	16.0	20.0	0.0	8000.0	cluster_2	BO-82Tapyta/BO-82TAPYTA_20250415_212102.wav
16334	1	1			0.0	8000.0		
16335	1	1			0.0	8000.0		
16336	1	1			0.0	8000.0		
16337	1	1	10.0	14.0	0.0	8000.0	cluster_2	BO-82Tapyta/BO-82TAPYTA_20250424_194402.wav
16338	1	1	20.0	24.0	0.0	8000.0	cluster_2	BO-82Tapyta/BO-82TAPYTA_20250416_024502.wav
16339	1	1	40.0	44.0	0.0	8000.0	cluster_2	BO-82Tapyta/BO-82TAPYTA_20250412_024402.wav
16340	1	1	32.0	36.0	0.0	8000.0	cluster_2	BO-82Tapyta/BO-82TAPYTA_20250425_195802.wav
16341	1	1	2.0	6.0	0.0	8000.0	cluster_2	BO-82Tapyta/BO-82TAPYTA_20250417_232702.wav
16342	1	1			0.0	8000.0		
16343	1	1			0.0	8000.0		
16344	1	1			0.0	8000.0		
16345	1	1			0.0	8000.0		
16346	1	1			0.0	8000.0		
16347	1	1			0.0	8000.0		
16348	1	1			0.0	8000.0		
16349	1	1			0.0	8000.0		
16350	1	1	4.0	8.0	0.0	8000.0	cluster_2	BO-82Tapyta/BO-82TAPYTA_20250427_004502.wav
16351	1	1	38.0	42.0	0.0	8000.0	cluster_2	BO-82Tapyta/BO-82TAPYTA_20250427_051602.wav
16352	1	1			0.0	8000.0		
16353	1	1			0.0	8000.0		
16354	1	1			0.0	8000.0		
16355	1	1			0.0	8000.0		
16356	1	1			0.0	8000.0		
16357	1	1			0.0	8000.0		
16358	1	1			0.0	8000.0		
16359	1	1			0.0	8000.0		
16360	1	1	40.0	44.0	0.0	8000.0	cluster_2	BO-82Tapyta/BO-82TAPYTA_20250417_054902.wav
16361	1	1			0.0	8000.0		
16362	1	1	12.0	16.0	0.0	8000.0	cluster_2	BO-82Tapyta/BO-82TAPYTA_20250424_224902.wav
16363	1	1			0.0	8000.0		
16364	1	1			0.0	8000.0		
16365	1	1			0.0	8000.0		
16366	1	1	8.0	12.0	0.0	8000.0	cluster_2	BO-81Tapyta/BO-81TAPYTA_20250412_021702.wav
16367	1	1			0.0	8000.0		
16368	1	1			0.0	8000.0		
16369	1	1			0.0	8000.0		
16370	1	1	32.0	36.0	0.0	8000.0	cluster_2	BO-81Tapyta/BO-81TAPYTA_20250414_210402.wav
16371	1	1			0.0	8000.0		
16372	1	1	32.0	36.0	0.0	8000.0	cluster_2	BO-82Tapyta/BO-82TAPYTA_20250411_230802.wav
16373	1	1	28.0	32.0	0.0	8000.0	cluster_2	BO-82Tapyta/BO-82TAPYTA_20250417_194202.wav
16374	1	1	22.0	26.0	0.0	8000.0	cluster_2	BO-81Tapyta/BO-81TAPYTA_20250416_024602.wav
16375	1	1			0.0	8000.0		
16376	1	1	32.0	36.0	0.0	8000.0	cluster_2	BO-82Tapyta/BO-82TAPYTA_20250412_002702.wav
16377	1	1			0.0	8000.0		
16378	1	1	28.0	32.0	0.0	8000.0	cluster_2	BO-82Tapyta/BO-82TAPYTA_20250412_044202.wav
16379	1	1			0.0	8000.0		
16380	1	1	18.0	22.0	0.0	8000.0	cluster_2	BO-81Tapyta/BO-81TAPYTA_20250415_203202.wav
16381	1	1			0.0	8000.0		
16382	1	1			0.0	8000.0		
16383	1	1			0.0	8000.0		
16384	1	1			0.0	8000.0		
16385	1	1	38.0	42.0	0.0	8000.0	cluster_2	BO-81Tapyta/BO-81TAPYTA_20250411_235802.wav
16386	1	1			0.0	8000.0		
16387	1	1	52.0	56.0	0.0	8000.0	cluster_2	BO-81Tapyta/BO-81TAPYTA_20250416_014802.wav
16388	1	1			0.0	8000.0		
16389	1	1			0.0	8000.0		
16390	1	1			0.0	8000.0		
16391	1	1			0.0	8000.0		
16392	1	1			0.0	8000.0		
16393	1	1			0.0	8000.0		
16394	1	1			0.0	8000.0		
16395	1	1			0.0	8000.0		
16396	1	1			0.0	8000.0		
16397	1	1			0.0	8000.0		
16398	1	1	36.0	40.0	0.0	8000.0	cluster_2	BO-82Tapyta/BO-82TAPYTA_20250411_233002.wav
16399	1	1			0.0	8000.0		
16400	1	1			0.0	8000.0		
16401	1	1	42.0	46.0	0.0	8000.0	cluster_2	BO-81Tapyta/BO-81TAPYTA_20250416_004902.wav
16402	1	1	40.0	44.0	0.0	8000.0	cluster_2	BO-82Tapyta/BO-82TAPYTA_20250416_035002.wav
16403	1	1			0.0	8000.0		
16404	1	1			0.0	8000.0		
16405	1	1			0.0	8000.0		
16406	1	1			0.0	8000.0		
16407	1	1			0.0	8000.0		
16408	1	1	42.0	46.0	0.0	8000.0	cluster_2	BO-81Tapyta/BO-81TAPYTA_20250411_221002.wav
16409	1	1	36.0	40.0	0.0	8000.0	cluster_2	BO-82Tapyta/BO-82TAPYTA_20250427_201502.wav
16410	1	1	50.0	54.0	0.0	8000.0	cluster_2	BO-82Tapyta/BO-82TAPYTA_20250426_190802.wav
16411	1	1	12.0	16.0	0.0	8000.0	cluster_2	BO-82Tapyta/BO-82TAPYTA_20250412_025702.wav
16412	1	1			0.0	8000.0		
16413	1	1			0.0	8000.0		
16414	1	1	42.0	46.0	0.0	8000.0	cluster_2	BO-82Tapyta/BO-82TAPYTA_20250417_212602.wav
16415	1	1			0.0	8000.0		
16416	1	1			0.0	8000.0		
16417	1	1			0.0	8000.0		
16418	1	1			0.0	8000.0		
16419	1	1			0.0	8000.0		
16420	1	1	28.0	32.0	0.0	8000.0	cluster_2	BO-82Tapyta/BO-82TAPYTA_20250424_210702.wav
16421	1	1	38.0	42.0	0.0	8000.0	cluster_2	BO-82Tapyta/BO-82TAPYTA_20250501_185002.wav
16422	1	1	22.0	26.0	0.0	8000.0	cluster_2	BO-82Tapyta/BO-82TAPYTA_20250417_213502.wav
16423	1	1			0.0	8000.0		
16424	1	1			0.0	8000.0		
16425	1	1	34.0	38.0	0.0	8000.0	cluster_2	BO-82Tapyta/BO-82TAPYTA_20250414_205602.wav
16426	1	1	6.0	10.0	0.0	8000.0	cluster_2	BO-82Tapyta/BO-82TAPYTA_20250426_195202.wav
16427	1	1			0.0	8000.0		
16428	1	1	44.0	48.0	0.0	8000.0	cluster_2	BO-82Tapyta/BO-82TAPYTA_20250414_212202.wav
16429	1	1	18.0	22.0	0.0	8000.0	cluster_2	BO-82Tapyta/BO-82TAPYTA_20250414_204602.wav
16430	1	1			0.0	8000.0		
16431	1	1			0.0	8000.0		
16432	1	1			0.0	8000.0		
16433	1	1			0.0	8000.0		
16434	1	1	2.0	6.0	0.0	8000.0	cluster_2	BO-82Tapyta/BO-82TAPYTA_20250417_223602.wav
16435	1	1	30.0	34.0	0.0	8000.0	cluster_2	BO-82Tapyta/BO-82TAPYTA_20250417_023002.wav
16436	1	1			0.0	8000.0		
16437	1	1			0.0	8000.0		
16438	1	1	6.0	10.0	0.0	8000.0	cluster_2	BO-82Tapyta/BO-82TAPYTA_20250424_211302.wav
16439	1	1			0.0	8000.0		
16440	1	1	38.0	42.0	0.0	8000.0	cluster_2	BO-82Tapyta/BO-82TAPYTA_20250417_042102.wav
16441	1	1	36.0	40.0	0.0	8000.0	cluster_2	BO-82Tapyta/BO-82TAPYTA_20250424_222802.wav
16442	1	1	14.0	18.0	0.0	8000.0	cluster_2	BO-82Tapyta/BO-82TAPYTA_20250426_232702.wav
16443	1	1			0.0	8000.0		
16444	1	1	32.0	36.0	0.0	8000.0	cluster_2	BO-82Tapyta/BO-82TAPYTA_20250424_203902.wav
16445	1	1			0.0	8000.0		
16446	1	1			0.0	8000.0		
16447	1	1			0.0	8000.0		
16448	1	1			0.0	8000.0		
16449	1	1			0.0	8000.0		
16450	1	1			0.0	8000.0		
16451	1	1			0.0	8000.0		
16452	1	1			0.0	8000.0		
16453	1	1	38.0	42.0	0.0	8000.0	cluster_2	BO-82Tapyta/BO-82TAPYTA_20250417_214902.wav
16454	1	1	32.0	36.0	0.0	8000.0	cluster_2	BO-82Tapyta/BO-82TAPYTA_20250425_213702.wav
16455	1	1			0.0	8000.0		
16456	1	1			0.0	8000.0		
16457	1	1			0.0	8000.0		
16458	1	1			0.0	8000.0		
16459	1	1			0.0	8000.0		
16460	1	1			0.0	8000.0		
16461	1	1	14.0	18.0	0.0	8000.0	cluster_2	BO-82Tapyta/BO-82TAPYTA_20250425_005402.wav
16462	1	1			0.0	8000.0		
16463	1	1			0.0	8000.0		
16464	1	1			0.0	8000.0		
16465	1	1			0.0	8000.0		
16466	1	1	40.0	44.0	0.0	8000.0	cluster_2	BO-82Tapyta/BO-82TAPYTA_20250418_010702.wav
16467	1	1			0.0	8000.0		
16468	1	1			0.0	8000.0		
16469	1	1			0.0	8000.0		
16470	1	1			0.0	8000.0		
16471	1	1			0.0	8000.0		
16472	1	1			0.0	8000.0		
16473	1	1			0.0	8000.0		
16474	1	1			0.0	8000.0		
16475	1	1			0.0	8000.0		
16476	1	1			0.0	8000.0		
16477	1	1			0.0	8000.0		
16478	1	1			0.0	8000.0		
16479	1	1	46.0	50.0	0.0	8000.0	cluster_2	BO-82Tapyta/BO-82TAPYTA_20250414_203002.wav
16480	1	1			0.0	8000.0		
16481	1	1			0.0	8000.0		
16482	1	1			0.0	8000.0		
16483	1	1			0.0	8000.0		
16484	1	1			0.0	8000.0		
16485	1	1	38.0	42.0	0.0	8000.0	cluster_2	BO-82Tapyta/BO-82TAPYTA_20250411_185302.wav
16486	1	1			0.0	8000.0		
16487	1	1	30.0	34.0	0.0	8000.0	cluster_2	BO-82Tapyta/BO-82TAPYTA_20250502_205602.wav
16488	1	1			0.0	8000.0		
16489	1	1	50.0	54.0	0.0	8000.0	cluster_2	BO-82Tapyta/BO-82TAPYTA_20250415_231202.wav
16490	1	1			0.0	8000.0		
16491	1	1			0.0	8000.0		
16492	1	1			0.0	8000.0		
16493	1	1			0.0	8000.0		
16494	1	1			0.0	8000.0		
16495	1	1			0.0	8000.0		
16496	1	1			0.0	8000.0		
16497	1	1			0.0	8000.0		
16498	1	1			0.0	8000.0		
16499	1	1	0.0	4.0	0.0	8000.0	cluster_2	BO-82Tapyta/BO-82TAPYTA_20250425_014802.wav
16500	1	1			0.0	8000.0		
16501	1	1			0.0	8000.0		
16502	1	1			0.0	8000.0		
16503	1	1			0.0	8000.0		
16504	1	1			0.0	8000.0		
16505	1	1	34.0	38.0	0.0	8000.0	cluster_2	BO-81Tapyta/BO-81TAPYTA_20250411_213702.wav
16506	1	1			0.0	8000.0		
16507	1	1	38.0	42.0	0.0	8000.0	cluster_2	BO-82Tapyta/BO-82TAPYTA_20250427_022002.wav
16508	1	1			0.0	8000.0		
16509	1	1			0.0	8000.0		
16510	1	1			0.0	8000.0		
16511	1	1	10.0	14.0	0.0	8000.0	cluster_2	BO-82Tapyta/BO-82TAPYTA_20250427_043202.wav
16512	1	1			0.0	8000.0		
16513	1	1			0.0	8000.0		
16514	1	1			0.0	8000.0		
16515	1	1			0.0	8000.0		
16516	1	1			0.0	8000.0		
16517	1	1			0.0	8000.0		
16518	1	1			0.0	8000.0		
16519	1	1			0.0	8000.0		
16520	1	1			0.0	8000.0		
16521	1	1			0.0	8000.0		
16522	1	1	28.0	32.0	0.0	8000.0	cluster_2	BO-81Tapyta/BO-81TAPYTA_20250413_212202.wav
16523	1	1			0.0	8000.0		
16524	1	1			0.0	8000.0		
16525	1	1			0.0	8000.0		
16526	1	1			0.0	8000.0		
16527	1	1	20.0	24.0	0.0	8000.0	cluster_2	BO-82Tapyta/BO-82TAPYTA_20250413_211202.wav
16528	1	1			0.0	8000.0		
16529	1	1			0.0	8000.0		
16530	1	1	42.0	46.0	0.0	8000.0	cluster_2	BO-82Tapyta/BO-82TAPYTA_20250415_203402.wav
16531	1	1			0.0	8000.0		
16532	1	1			0.0	8000.0		
16533	1	1			0.0	8000.0		
16534	1	1			0.0	8000.0		
16535	1	1			0.0	8000.0		
16536	1	1			0.0	8000.0		
16537	1	1			0.0	8000.0		
16538	1	1			0.0	8000.0		
16539	1	1			0.0	8000.0		
16540	1	1	20.0	24.0	0.0	8000.0	cluster_2	BO-82Tapyta/BO-82TAPYTA_20250427_052102.wav
16541	1	1			0.0	8000.0		
16542	1	1			0.0	8000.0		
16543	1	1			0.0	8000.0		
16544	1	1	26.0	30.0	0.0	8000.0	cluster_2	BO-82Tapyta/BO-82TAPYTA_20250425_203802.wav
16545	1	1			0.0	8000.0		
16546	1	1			0.0	8000.0		
16547	1	1			0.0	8000.0		
16548	1	1			0.0	8000.0		
16549	1	1			0.0	8000.0		
16550	1	1	36.0	40.0	0.0	8000.0	cluster_2	BO-82Tapyta/BO-82TAPYTA_20250414_210602.wav
16551	1	1	18.0	22.0	0.0	8000.0	cluster_2	BO-82Tapyta/BO-82TAPYTA_20250416_210802.wav
16552	1	1			0.0	8000.0		
16553	1	1	42.0	46.0	0.0	8000.0	cluster_2	BO-82Tapyta/BO-82TAPYTA_20250414_221502.wav
16554	1	1			0.0	8000.0		
16555	1	1			0.0	8000.0		
16556	1	1			0.0	8000.0		
16557	1	1			0.0	8000.0		
16558	1	1	8.0	12.0	0.0	8000.0	cluster_2	BO-82Tapyta/BO-82TAPYTA_20250502_223102.wav
16559	1	1	14.0	18.0	0.0	8000.0	cluster_2	BO-82Tapyta/BO-82TAPYTA_20250417_215302.wav
16560	1	1			0.0	8000.0		
16561	1	1			0.0	8000.0		
16562	1	1			0.0	8000.0		
16563	1	1			0.0	8000.0		
16564	1	1			0.0	8000.0		
16565	1	1			0.0	8000.0		
16566	1	1			0.0	8000.0		
16567	1	1			0.0	8000.0		
16568	1	1	52.0	56.0	0.0	8000.0	cluster_2	BO-81Tapyta/BO-81TAPYTA_20250413_210802.wav
16569	1	1			0.0	8000.0		
16570	1	1			0.0	8000.0		
16571	1	1			0.0	8000.0		
16572	1	1	10.0	14.0	0.0	8000.0	cluster_2	BO-82Tapyta/BO-82TAPYTA_20250417_022202.wav
16573	1	1			0.0	8000.0		
16574	1	1	44.0	48.0	0.0	8000.0	cluster_2	BO-82Tapyta/BO-82TAPYTA_20250426_022902.wav
16575	1	1			0.0	8000.0		
16576	1	1			0.0	8000.0		
16577	1	1			0.0	8000.0		
16578	1	1			0.0	8000.0		
16579	1	1			0.0	8000.0		
16580	1	1	18.0	22.0	0.0	8000.0	cluster_2	BO-82Tapyta/BO-82TAPYTA_20250426_191702.wav
16581	1	1	28.0	32.0	0.0	8000.0	cluster_2	BO-82Tapyta/BO-82TAPYTA_20250411_221102.wav
16582	1	1			0.0	8000.0		
16583	1	1	42.0	46.0	0.0	8000.0	cluster_2	BO-82Tapyta/BO-82TAPYTA_20250417_221002.wav
16584	1	1	28.0	32.0	0.0	8000.0	cluster_2	BO-82Tapyta/BO-82TAPYTA_20250412_041502.wav
16585	1	1			0.0	8000.0		
16586	1	1	14.0	18.0	0.0	8000.0	cluster_2	BO-82Tapyta/BO-82TAPYTA_20250415_193002.wav
16587	1	1			0.0	8000.0		
16588	1	1			0.0	8000.0		
16589	1	1			0.0	8000.0		
16590	1	1			0.0	8000.0		
16591	1	1	26.0	30.0	0.0	8000.0	cluster_2	BO-82Tapyta/BO-82TAPYTA_20250425_212202.wav
16592	1	1			0.0	8000.0		
16593	1	1			0.0	8000.0		
16594	1	1			0.0	8000.0		
16595	1	1			0.0	8000.0		
16596	1	1	26.0	30.0	0.0	8000.0	cluster_2	BO-82Tapyta/BO-82TAPYTA_20250425_200002.wav
16597	1	1			0.0	8000.0		
16598	1	1			0.0	8000.0		
16599	1	1			0.0	8000.0		
16600	1	1			0.0	8000.0		
16601	1	1			0.0	8000.0		
16602	1	1			0.0	8000.0		
16603	1	1			0.0	8000.0		
16604	1	1			0.0	8000.0		
16605	1	1			0.0	8000.0		
16606	1	1			0.0	8000.0		
16607	1	1			0.0	8000.0		
16608	1	1			0.0	8000.0		
16609	1	1			0.0	8000.0		
16610	1	1	16.0	20.0	0.0	8000.0	cluster_2	BO-82Tapyta/BO-82TAPYTA_20250418_054902.wav
16611	1	1	42.0	46.0	0.0	8000.0	cluster_2	BO-82Tapyta/BO-82TAPYTA_20250417_212902.wav
16612	1	1	40.0	44.0	0.0	8000.0	cluster_2	BO-82Tapyta/BO-82TAPYTA_20250411_220702.wav
16613	1	1	22.0	26.0	0.0	8000.0	cluster_2	BO-82Tapyta/BO-82TAPYTA_20250426_004502.wav
16614	1	1	4.0	8.0	0.0	8000.0	cluster_2	BO-82Tapyta/BO-82TAPYTA_20250425_223502.wav
16615	1	1			0.0	8000.0		
16616	1	1			0.0	8000.0		
16617	1	1	36.0	40.0	0.0	8000.0	cluster_2	BO-82Tapyta/BO-82TAPYTA_20250427_034802.wav
16618	1	1			0.0	8000.0		
16619	1	1			0.0	8000.0		
16620	1	1	10.0	14.0	0.0	8000.0	cluster_2	BO-82Tapyta/BO-82TAPYTA_20250425_010302.wav
16621	1	1			0.0	8000.0		
16622	1	1	38.0	42.0	0.0	8000.0	cluster_2	BO-82Tapyta/BO-82TAPYTA_20250412_043202.wav
16623	1	1			0.0	8000.0		
16624	1	1			0.0	8000.0		
16625	1	1			0.0	8000.0		
16626	1	1			0.0	8000.0		
16627	1	1			0.0	8000.0		
16628	1	1	22.0	26.0	0.0	8000.0	cluster_2	BO-82Tapyta/BO-82TAPYTA_20250415_233202.wav
16629	1	1			0.0	8000.0		
16630	1	1			0.0	8000.0		
16631	1	1			0.0	8000.0		
16632	1	1			0.0	8000.0		
16633	1	1	44.0	48.0	0.0	8000.0	cluster_2	BO-82Tapyta/BO-82TAPYTA_20250417_224802.wav
16634	1	1	34.0	38.0	0.0	8000.0	cluster_2	BO-82Tapyta/BO-82TAPYTA_20250416_004302.wav
16635	1	1			0.0	8000.0		
16636	1	1	48.0	52.0	0.0	8000.0	cluster_2	BO-82Tapyta/BO-82TAPYTA_20250416_000302.wav
16637	1	1			0.0	8000.0		
16638	1	1			0.0	8000.0		
16639	1	1			0.0	8000.0		
16640	1	1			0.0	8000.0		
16641	1	1	34.0	38.0	0.0	8000.0	cluster_2	BO-82Tapyta/BO-82TAPYTA_20250412_004402.wav
16642	1	1			0.0	8000.0		
16643	1	1			0.0	8000.0		
16644	1	1			0.0	8000.0		
16645	1	1			0.0	8000.0		
16646	1	1	14.0	18.0	0.0	8000.0	cluster_2	BO-82Tapyta/BO-82TAPYTA_20250427_223202.wav
16647	1	1			0.0	8000.0		
16648	1	1			0.0	8000.0		
16649	1	1			0.0	8000.0		
16650	1	1	28.0	32.0	0.0	8000.0	cluster_2	BO-81Tapyta/BO-81TAPYTA_20250415_205802.wav
16651	1	1			0.0	8000.0		
16652	1	1			0.0	8000.0		
16653	1	1			0.0	8000.0		
16654	1	1			0.0	8000.0		
16655	1	1	46.0	50.0	0.0	8000.0	cluster_2	BO-82Tapyta/BO-82TAPYTA_20250502_210502.wav
16656	1	1	8.0	12.0	0.0	8000.0	cluster_2	BO-82Tapyta/BO-82TAPYTA_20250411_221802.wav
16657	1	1			0.0	8000.0		
16658	1	1			0.0	8000.0		
16659	1	1			0.0	8000.0		
16660	1	1			0.0	8000.0		
16661	1	1			0.0	8000.0		
16662	1	1	32.0	36.0	0.0	8000.0	cluster_2	BO-82Tapyta/BO-82TAPYTA_20250418_031602.wav
16663	1	1			0.0	8000.0		
16664	1	1	4.0	8.0	0.0	8000.0	cluster_2	BO-82Tapyta/BO-82TAPYTA_20250425_210702.wav
16665	1	1			0.0	8000.0		
16666	1	1			0.0	8000.0		
16667	1	1			0.0	8000.0		
16668	1	1			0.0	8000.0		
16669	1	1			0.0	8000.0		
16670	1	1			0.0	8000.0		
16671	1	1			0.0	8000.0		
16672	1	1			0.0	8000.0		
16673	1	1	50.0	54.0	0.0	8000.0	cluster_2	BO-82Tapyta/BO-82TAPYTA_20250427_054302.wav
16674	1	1			0.0	8000.0		
16675	1	1			0.0	8000.0		
16676	1	1	46.0	50.0	0.0	8000.0	cluster_2	BO-82Tapyta/BO-82TAPYTA_20250411_210102.wav
16677	1	1	10.0	14.0	0.0	8000.0	cluster_2	BO-81Tapyta/BO-81TAPYTA_20250415_212702.wav
16678	1	1			0.0	8000.0		
16679	1	1			0.0	8000.0		
16680	1	1			0.0	8000.0		
16681	1	1			0.0	8000.0		
16682	1	1			0.0	8000.0		
16683	1	1			0.0	8000.0		
16684	1	1			0.0	8000.0		
16685	1	1			0.0	8000.0		
16686	1	1			0.0	8000.0		
16687	1	1			0.0	8000.0		
16688	1	1			0.0	8000.0		
16689	1	1	36.0	40.0	0.0	8000.0	cluster_2	BO-82Tapyta/BO-82TAPYTA_20250502_190202.wav
16690	1	1			0.0	8000.0		
16691	1	1			0.0	8000.0		
16692	1	1			0.0	8000.0		
16693	1	1			0.0	8000.0		
16694	1	1			0.0	8000.0		
16695	1	1			0.0	8000.0		
16696	1	1			0.0	8000.0		
16697	1	1			0.0	8000.0		
16698	1	1			0.0	8000.0		
16699	1	1	4.0	8.0	0.0	8000.0	cluster_2	BO-82Tapyta/BO-82TAPYTA_20250411_205302.wav
16700	1	1			0.0	8000.0		
16701	1	1			0.0	8000.0		
16702	1	1	12.0	16.0	0.0	8000.0	cluster_2	BO-82Tapyta/BO-82TAPYTA_20250410_193402.wav
16703	1	1			0.0	8000.0		
16704	1	1			0.0	8000.0		
16705	1	1			0.0	8000.0		
16706	1	1			0.0	8000.0		
16707	1	1	32.0	36.0	0.0	8000.0	cluster_2	BO-81Tapyta/BO-81TAPYTA_20250416_041702.wav
16708	1	1	48.0	52.0	0.0	8000.0	cluster_2	BO-82Tapyta/BO-82TAPYTA_20250426_215702.wav
16709	1	1			0.0	8000.0		
16710	1	1			0.0	8000.0		
16711	1	1			0.0	8000.0		
16712	1	1			0.0	8000.0		
16713	1	1	2.0	6.0	0.0	8000.0	cluster_2	BO-82Tapyta/BO-82TAPYTA_20250426_224902.wav
16714	1	1			0.0	8000.0		
16715	1	1			0.0	8000.0		
16716	1	1			0.0	8000.0		
16717	1	1			0.0	8000.0		
16718	1	1	48.0	52.0	0.0	8000.0	cluster_2	BO-82Tapyta/BO-82TAPYTA_20250416_030302.wav
16719	1	1	22.0	26.0	0.0	8000.0	cluster_2	BO-81Tapyta/BO-81TAPYTA_20250415_233602.wav
16720	1	1			0.0	8000.0		
16721	1	1			0.0	8000.0		
16722	1	1			0.0	8000.0		
16723	1	1			0.0	8000.0		
16724	1	1			0.0	8000.0		
16725	1	1	48.0	52.0	0.0	8000.0	cluster_2	BO-82Tapyta/BO-82TAPYTA_20250424_211002.wav
16726	1	1	32.0	36.0	0.0	8000.0	cluster_2	BO-82Tapyta/BO-82TAPYTA_20250411_192302.wav
16727	1	1			0.0	8000.0		
16728	1	1			0.0	8000.0		
16729	1	1			0.0	8000.0		
16730	1	1			0.0	8000.0		
16731	1	1			0.0	8000.0		
16732	1	1			0.0	8000.0		
16733	1	1			0.0	8000.0		
16734	1	1			0.0	8000.0		
16735	1	1	44.0	48.0	0.0	8000.0	cluster_2	BO-82Tapyta/BO-82TAPYTA_20250425_200502.wav
16736	1	1			0.0	8000.0		
16737	1	1	40.0	44.0	0.0	8000.0	cluster_2	BO-82Tapyta/BO-82TAPYTA_20250425_004002.wav
16738	1	1			0.0	8000.0		
16739	1	1			0.0	8000.0		
16740	1	1	24.0	28.0	0.0	8000.0	cluster_2	BO-82Tapyta/BO-82TAPYTA_20250501_200402.wav
16741	1	1			0.0	8000.0		
16742	1	1			0.0	8000.0		
16743	1	1	24.0	28.0	0.0	8000.0	cluster_2	BO-81Tapyta/BO-81TAPYTA_20250412_001502.wav
16744	1	1			0.0	8000.0		
16745	1	1			0.0	8000.0		
16746	1	1			0.0	8000.0		
16747	1	1			0.0	8000.0		
16748	1	1	28.0	32.0	0.0	8000.0	cluster_2	BO-82Tapyta/BO-82TAPYTA_20250416_022502.wav
16749	1	1			0.0	8000.0		
16750	1	1			0.0	8000.0		
16751	1	1			0.0	8000.0		
16752	1	1			0.0	8000.0		
16753	1	1	50.0	54.0	0.0	8000.0	cluster_2	BO-82Tapyta/BO-82TAPYTA_20250417_024902.wav
16754	1	1			0.0	8000.0		
16755	1	1			0.0	8000.0		
16756	1	1			0.0	8000.0		
16757	1	1			0.0	8000.0		
16758	1	1	34.0	38.0	0.0	8000.0	cluster_2	BO-82Tapyta/BO-82TAPYTA_20250412_043502.wav
16759	1	1	12.0	16.0	0.0	8000.0	cluster_2	BO-81Tapyta/BO-81TAPYTA_20250416_045402.wav
16760	1	1	48.0	52.0	0.0	8000.0	cluster_2	BO-81Tapyta/BO-81TAPYTA_20250416_025302.wav
16761	1	1			0.0	8000.0		
16762	1	1			0.0	8000.0		
16763	1	1			0.0	8000.0		
16764	1	1	46.0	50.0	0.0	8000.0	cluster_2	BO-82Tapyta/BO-82TAPYTA_20250416_000202.wav
16765	1	1			0.0	8000.0		
16766	1	1			0.0	8000.0		
16767	1	1			0.0	8000.0		
16768	1	1	46.0	50.0	0.0	8000.0	cluster_2	BO-81Tapyta/BO-81TAPYTA_20250413_205102.wav
16769	1	1			0.0	8000.0		
16770	1	1	4.0	8.0	0.0	8000.0	cluster_2	BO-81Tapyta/BO-81TAPYTA_20250412_000902.wav
16771	1	1			0.0	8000.0		
16772	1	1	52.0	56.0	0.0	8000.0	cluster_2	BO-82Tapyta/BO-82TAPYTA_20250426_003802.wav
16773	1	1			0.0	8000.0		
16774	1	1			0.0	8000.0		
16775	1	1	34.0	38.0	0.0	8000.0	cluster_2	BO-81Tapyta/BO-81TAPYTA_20250415_234402.wav
16776	1	1			0.0	8000.0		
16777	1	1	20.0	24.0	0.0	8000.0	cluster_2	BO-82Tapyta/BO-82TAPYTA_20250426_200102.wav
16778	1	1			0.0	8000.0		
16779	1	1			0.0	8000.0		
16780	1	1			0.0	8000.0		
16781	1	1	4.0	8.0	0.0	8000.0	cluster_2	BO-82Tapyta/BO-82TAPYTA_20250416_055802.wav
16782	1	1			0.0	8000.0		
16783	1	1	44.0	48.0	0.0	8000.0	cluster_2	BO-82Tapyta/BO-82TAPYTA_20250411_202302.wav
16784	1	1			0.0	8000.0		
16785	1	1			0.0	8000.0		
16786	1	1			0.0	8000.0		
16787	1	1	2.0	6.0	0.0	8000.0	cluster_2	BO-82Tapyta/BO-82TAPYTA_20250415_204902.wav
16788	1	1			0.0	8000.0		
16789	1	1	48.0	52.0	0.0	8000.0	cluster_2	BO-82Tapyta/BO-82TAPYTA_20250425_013602.wav
16790	1	1			0.0	8000.0		
16791	1	1			0.0	8000.0		
16792	1	1			0.0	8000.0		
16793	1	1			0.0	8000.0		
16794	1	1	6.0	10.0	0.0	8000.0	cluster_2	BO-81Tapyta/BO-81TAPYTA_20250416_043202.wav
16795	1	1			0.0	8000.0		
16796	1	1			0.0	8000.0		
16797	1	1			0.0	8000.0		
16798	1	1			0.0	8000.0		
16799	1	1			0.0	8000.0		
16800	1	1			0.0	8000.0		
16801	1	1			0.0	8000.0		
16802	1	1			0.0	8000.0		
16803	1	1			0.0	8000.0		
16804	1	1			0.0	8000.0		
16805	1	1			0.0	8000.0		
16806	1	1	16.0	20.0	0.0	8000.0	cluster_2	BO-82Tapyta/BO-82TAPYTA_20250425_023202.wav
16807	1	1			0.0	8000.0		
16808	1	1			0.0	8000.0		
16809	1	1			0.0	8000.0		
16810	1	1			0.0	8000.0		
16811	1	1			0.0	8000.0		
16812	1	1			0.0	8000.0		
16813	1	1	14.0	18.0	0.0	8000.0	cluster_2	BO-82Tapyta/BO-82TAPYTA_20250424_211802.wav
16814	1	1	48.0	52.0	0.0	8000.0	cluster_2	BO-82Tapyta/BO-82TAPYTA_20250426_223802.wav
16815	1	1			0.0	8000.0		
16816	1	1	12.0	16.0	0.0	8000.0	cluster_2	BO-82Tapyta/BO-82TAPYTA_20250410_192402.wav
16817	1	1	44.0	48.0	0.0	8000.0	cluster_2	BO-82Tapyta/BO-82TAPYTA_20250415_200002.wav
16818	1	1			0.0	8000.0		
16819	1	1			0.0	8000.0		
16820	1	1			0.0	8000.0		
16821	1	1			0.0	8000.0		
16822	1	1			0.0	8000.0		
16823	1	1			0.0	8000.0		
16824	1	1			0.0	8000.0		
16825	1	1			0.0	8000.0		
16826	1	1	18.0	22.0	0.0	8000.0	cluster_2	BO-82Tapyta/BO-82TAPYTA_20250425_204902.wav
16827	1	1			0.0	8000.0		
16828	1	1	48.0	52.0	0.0	8000.0	cluster_2	BO-82Tapyta/BO-82TAPYTA_20250415_205502.wav
16829	1	1	22.0	26.0	0.0	8000.0	cluster_2	BO-82Tapyta/BO-82TAPYTA_20250412_001402.wav
16830	1	1			0.0	8000.0		
16831	1	1			0.0	8000.0		
16832	1	1			0.0	8000.0		
16833	1	1			0.0	8000.0		
16834	1	1	24.0	28.0	0.0	8000.0	cluster_2	BO-82Tapyta/BO-82TAPYTA_20250426_040702.wav
16835	1	1	50.0	54.0	0.0	8000.0	cluster_2	BO-82Tapyta/BO-82TAPYTA_20250425_010702.wav
16836	1	1			0.0	8000.0		
16837	1	1			0.0	8000.0		
16838	1	1			0.0	8000.0		
16839	1	1			0.0	8000.0		
16840	1	1	52.0	56.0	0.0	8000.0	cluster_2	BO-81Tapyta/BO-81TAPYTA_20250416_034702.wav
16841	1	1			0.0	8000.0		
16842	1	1	32.0	36.0	0.0	8000.0	cluster_2	BO-82Tapyta/BO-82TAPYTA_20250501_191102.wav
16843	1	1			0.0	8000.0		
16844	1	1			0.0	8000.0		
16845	1	1	36.0	40.0	0.0	8000.0	cluster_2	BO-82Tapyta/BO-82TAPYTA_20250418_043202.wav
16846	1	1			0.0	8000.0		
16847	1	1			0.0	8000.0		
16848	1	1			0.0	8000.0		
16849	1	1	22.0	26.0	0.0	8000.0	cluster_2	BO-82Tapyta/BO-82TAPYTA_20250427_204602.wav
16850	1	1			0.0	8000.0		
16851	1	1			0.0	8000.0		
16852	1	1	38.0	42.0	0.0	8000.0	cluster_2	BO-82Tapyta/BO-82TAPYTA_20250426_200402.wav
16853	1	1			0.0	8000.0		
16854	1	1	6.0	10.0	0.0	8000.0	cluster_2	BO-82Tapyta/BO-82TAPYTA_20250424_220102.wav
16855	1	1			0.0	8000.0		
16856	1	1			0.0	8000.0		
16857	1	1			0.0	8000.0		
16858	1	1			0.0	8000.0		
16859	1	1			0.0	8000.0		
16860	1	1			0.0	8000.0		
16861	1	1			0.0	8000.0		
16862	1	1			0.0	8000.0		
16863	1	1			0.0	8000.0		
16864	1	1			0.0	8000.0		
16865	1	1			0.0	8000.0		
16866	1	1	50.0	54.0	0.0	8000.0	cluster_2	BO-81Tapyta/BO-81TAPYTA_20250416_034302.wav
16867	1	1			0.0	8000.0		
16868	1	1	12.0	16.0	0.0	8000.0	cluster_2	BO-82Tapyta/BO-82TAPYTA_20250417_040902.wav
16869	1	1	50.0	54.0	0.0	8000.0	cluster_2	BO-81Tapyta/BO-81TAPYTA_20250411_234702.wav
16870	1	1			0.0	8000.0		
16871	1	1	44.0	48.0	0.0	8000.0	cluster_2	BO-82Tapyta/BO-82TAPYTA_20250417_203702.wav
16872	1	1			0.0	8000.0		
16873	1	1			0.0	8000.0		
16874	1	1			0.0	8000.0		
16875	1	1			0.0	8000.0		
16876	1	1			0.0	8000.0		
16877	1	1			0.0	8000.0		
16878	1	1			0.0	8000.0		
16879	1	1			0.0	8000.0		
16880	1	1	0.0	4.0	0.0	8000.0	cluster_2	BO-82Tapyta/BO-82TAPYTA_20250412_012502.wav
16881	1	1	2.0	6.0	0.0	8000.0	cluster_2	BO-82Tapyta/BO-82TAPYTA_20250425_233602.wav
16882	1	1			0.0	8000.0		
16883	1	1			0.0	8000.0		
16884	1	1	44.0	48.0	0.0	8000.0	cluster_2	BO-82Tapyta/BO-82TAPYTA_20250414_200602.wav
16885	1	1	22.0	26.0	0.0	8000.0	cluster_2	BO-81Tapyta/BO-81TAPYTA_20250413_222102.wav
16886	1	1			0.0	8000.0		
16887	1	1			0.0	8000.0		
16888	1	1			0.0	8000.0		
16889	1	1			0.0	8000.0		
16890	1	1			0.0	8000.0		
16891	1	1			0.0	8000.0		
16892	1	1	4.0	8.0	0.0	8000.0	cluster_2	BO-82Tapyta/BO-82TAPYTA_20250415_232602.wav
16893	1	1			0.0	8000.0		
16894	1	1			0.0	8000.0		
16895	1	1			0.0	8000.0		
16896	1	1			0.0	8000.0		
16897	1	1			0.0	8000.0		
16898	1	1			0.0	8000.0		
16899	1	1			0.0	8000.0		
16900	1	1			0.0	8000.0		
16901	1	1			0.0	8000.0		
16902	1	1	28.0	32.0	0.0	8000.0	cluster_2	BO-81Tapyta/BO-81TAPYTA_20250411_232702.wav
16903	1	1			0.0	8000.0		
16904	1	1			0.0	8000.0		
16905	1	1	2.0	6.0	0.0	8000.0	cluster_2	BO-82Tapyta/BO-82TAPYTA_20250415_233402.wav
16906	1	1			0.0	8000.0		
16907	1	1			0.0	8000.0		
16908	1	1			0.0	8000.0		
16909	1	1			0.0	8000.0		
16910	1	1			0.0	8000.0		
16911	1	1			0.0	8000.0		
16912	1	1			0.0	8000.0		
16913	1	1	2.0	6.0	0.0	8000.0	cluster_2	BO-82Tapyta/BO-82TAPYTA_20250411_211402.wav
16914	1	1			0.0	8000.0		
16915	1	1			0.0	8000.0		
16916	1	1			0.0	8000.0		
16917	1	1			0.0	8000.0		
16918	1	1			0.0	8000.0		
16919	1	1			0.0	8000.0		
16920	1	1	34.0	38.0	0.0	8000.0	cluster_2	BO-82Tapyta/BO-82TAPYTA_20250417_223402.wav
16921	1	1			0.0	8000.0		
16922	1	1			0.0	8000.0		
16923	1	1			0.0	8000.0		
16924	1	1			0.0	8000.0		
16925	1	1			0.0	8000.0		
16926	1	1	30.0	34.0	0.0	8000.0	cluster_2	BO-82Tapyta/BO-82TAPYTA_20250426_234102.wav
16927	1	1			0.0	8000.0		
16928	1	1			0.0	8000.0		
16929	1	1	40.0	44.0	0.0	8000.0	cluster_2	BO-82Tapyta/BO-82TAPYTA_20250417_044402.wav
16930	1	1			0.0	8000.0		
16931	1	1			0.0	8000.0		
16932	1	1			0.0	8000.0		
16933	1	1			0.0	8000.0		
16934	1	1			0.0	8000.0		
16935	1	1			0.0	8000.0		
16936	1	1	34.0	38.0	0.0	8000.0	cluster_2	BO-82Tapyta/BO-82TAPYTA_20250412_005902.wav
16937	1	1	50.0	54.0	0.0	8000.0	cluster_2	BO-82Tapyta/BO-82TAPYTA_20250411_190302.wav
16938	1	1	50.0	54.0	0.0	8000.0	cluster_2	BO-82Tapyta/BO-82TAPYTA_20250427_051102.wav
16939	1	1			0.0	8000.0		
16940	1	1			0.0	8000.0		
16941	1	1			0.0	8000.0		
16942	1	1	8.0	12.0	0.0	8000.0	cluster_2	BO-82Tapyta/BO-82TAPYTA_20250426_191902.wav
16943	1	1	24.0	28.0	0.0	8000.0	cluster_2	BO-82Tapyta/BO-82TAPYTA_20250417_054902.wav
16944	1	1			0.0	8000.0		
16945	1	1			0.0	8000.0		
16946	1	1			0.0	8000.0		
16947	1	1			0.0	8000.0		
16948	1	1			0.0	8000.0		
16949	1	1			0.0	8000.0		
16950	1	1			0.0	8000.0		
16951	1	1			0.0	8000.0		
16952	1	1			0.0	8000.0		
16953	1	1			0.0	8000.0		
16954	1	1			0.0	8000.0		
16955	1	1			0.0	8000.0		
16956	1	1			0.0	8000.0		
16957	1	1			0.0	8000.0		
16958	1	1			0.0	8000.0		
16959	1	1			0.0	8000.0		
16960	1	1			0.0	8000.0		
16961	1	1			0.0	8000.0		
16962	1	1			0.0	8000.0		
16963	1	1	40.0	44.0	0.0	8000.0	cluster_2	BO-81Tapyta/BO-81TAPYTA_20250412_020202.wav
16964	1	1	42.0	46.0	0.0	8000.0	cluster_2	BO-81Tapyta/BO-81TAPYTA_20250414_210202.wav
16965	1	1			0.0	8000.0		
16966	1	1			0.0	8000.0		
16967	1	1			0.0	8000.0		
16968	1	1			0.0	8000.0		
16969	1	1			0.0	8000.0		
16970	1	1			0.0	8000.0		
16971	1	1			0.0	8000.0		
16972	1	1			0.0	8000.0		
16973	1	1			0.0	8000.0		
16974	1	1			0.0	8000.0		
16975	1	1			0.0	8000.0		
16976	1	1			0.0	8000.0		
16977	1	1			0.0	8000.0		
16978	1	1			0.0	8000.0		
16979	1	1			0.0	8000.0		
16980	1	1	16.0	20.0	0.0	8000.0	cluster_2	BO-82Tapyta/BO-82TAPYTA_20250416_205602.wav
16981	1	1			0.0	8000.0		
16982	1	1	38.0	42.0	0.0	8000.0	cluster_2	BO-82Tapyta/BO-82TAPYTA_20250417_003702.wav
16983	1	1			0.0	8000.0		
16984	1	1			0.0	8000.0		
16985	1	1	24.0	28.0	0.0	8000.0	cluster_2	BO-81Tapyta/BO-81TAPYTA_20250416_004002.wav
16986	1	1			0.0	8000.0		
16987	1	1			0.0	8000.0		
16988	1	1	26.0	30.0	0.0	8000.0	cluster_2	BO-82Tapyta/BO-82TAPYTA_20250425_202902.wav
16989	1	1	14.0	18.0	0.0	8000.0	cluster_2	BO-82Tapyta/BO-82TAPYTA_20250416_195402.wav
16990	1	1			0.0	8000.0		
16991	1	1			0.0	8000.0		
16992	1	1			0.0	8000.0		
16993	1	1			0.0	8000.0		
16994	1	1	26.0	30.0	0.0	8000.0	cluster_2	BO-82Tapyta/BO-82TAPYTA_20250426_000902.wav
16995	1	1			0.0	8000.0		
16996	1	1			0.0	8000.0		
16997	1	1			0.0	8000.0		
16998	1	1			0.0	8000.0		
16999	1	1			0.0	8000.0		
17000	1	1			0.0	8000.0		
17001	1	1			0.0	8000.0		
17002	1	1	6.0	10.0	0.0	8000.0	cluster_2	BO-82Tapyta/BO-82TAPYTA_20250427_215802.wav
17003	1	1			0.0	8000.0		
17004	1	1			0.0	8000.0		
17005	1	1			0.0	8000.0		
17006	1	1			0.0	8000.0		
17007	1	1			0.0	8000.0		
17008	1	1			0.0	8000.0		
17009	1	1			0.0	8000.0		
17010	1	1			0.0	8000.0		
17011	1	1			0.0	8000.0		
17012	1	1			0.0	8000.0		
17013	1	1			0.0	8000.0		
17014	1	1			0.0	8000.0		
17015	1	1			0.0	8000.0		
17016	1	1			0.0	8000.0		
17017	1	1			0.0	8000.0		
17018	1	1			0.0	8000.0		
17019	1	1			0.0	8000.0		
17020	1	1			0.0	8000.0		
17021	1	1	38.0	42.0	0.0	8000.0	cluster_2	BO-82Tapyta/BO-82TAPYTA_20250427_005402.wav
17022	1	1	28.0	32.0	0.0	8000.0	cluster_2	BO-81Tapyta/BO-81TAPYTA_20250412_013902.wav
17023	1	1			0.0	8000.0		
17024	1	1			0.0	8000.0		
17025	1	1	32.0	36.0	0.0	8000.0	cluster_2	BO-82Tapyta/BO-82TAPYTA_20250427_042802.wav
17026	1	1	18.0	22.0	0.0	8000.0	cluster_2	BO-81Tapyta/BO-81TAPYTA_20250413_205402.wav
17027	1	1	28.0	32.0	0.0	8000.0	cluster_2	BO-82Tapyta/BO-82TAPYTA_20250425_192902.wav
17028	1	1			0.0	8000.0		
17029	1	1			0.0	8000.0		
17030	1	1	4.0	8.0	0.0	8000.0	cluster_2	BO-82Tapyta/BO-82TAPYTA_20250415_234602.wav
17031	1	1			0.0	8000.0		
17032	1	1			0.0	8000.0		
17033	1	1			0.0	8000.0		
17034	1	1			0.0	8000.0		
17035	1	1			0.0	8000.0		
17036	1	1	12.0	16.0	0.0	8000.0	cluster_2	BO-82Tapyta/BO-82TAPYTA_20250415_222802.wav
17037	1	1			0.0	8000.0		
17038	1	1			0.0	8000.0		
17039	1	1			0.0	8000.0		
17040	1	1	28.0	32.0	0.0	8000.0	cluster_2	BO-82Tapyta/BO-82TAPYTA_20250416_010302.wav
17041	1	1	18.0	22.0	0.0	8000.0	cluster_2	BO-82Tapyta/BO-82TAPYTA_20250417_002202.wav
17042	1	1			0.0	8000.0		
17043	1	1			0.0	8000.0		
17044	1	1			0.0	8000.0		
17045	1	1			0.0	8000.0		
17046	1	1			0.0	8000.0		
17047	1	1			0.0	8000.0		
17048	1	1			0.0	8000.0		
17049	1	1	50.0	54.0	0.0	8000.0	cluster_2	BO-81Tapyta/BO-81TAPYTA_20250416_035802.wav
17050	1	1			0.0	8000.0		
17051	1	1			0.0	8000.0		
17052	1	1			0.0	8000.0		
17053	1	1			0.0	8000.0		
17054	1	1			0.0	8000.0		
17055	1	1			0.0	8000.0		
17056	1	1			0.0	8000.0		
17057	1	1			0.0	8000.0		
17058	1	1			0.0	8000.0		
17059	1	1			0.0	8000.0		
17060	1	1			0.0	8000.0		
17061	1	1			0.0	8000.0		
17062	1	1	4.0	8.0	0.0	8000.0	cluster_2	BO-81Tapyta/BO-81TAPYTA_20250416_010102.wav
17063	1	1			0.0	8000.0		
17064	1	1			0.0	8000.0		
17065	1	1			0.0	8000.0		
17066	1	1			0.0	8000.0		
17067	1	1	42.0	46.0	0.0	8000.0	cluster_2	BO-81Tapyta/BO-81TAPYTA_20250416_021702.wav
17068	1	1			0.0	8000.0		
17069	1	1	44.0	48.0	0.0	8000.0	cluster_2	BO-82Tapyta/BO-82TAPYTA_20250412_003002.wav
17070	1	1			0.0	8000.0		
17071	1	1			0.0	8000.0		
17072	1	1			0.0	8000.0		
17073	1	1			0.0	8000.0		
17074	1	1			0.0	8000.0		
17075	1	1			0.0	8000.0		
17076	1	1			0.0	8000.0		
17077	1	1	34.0	38.0	0.0	8000.0	cluster_2	BO-82Tapyta/BO-82TAPYTA_20250426_000502.wav
17078	1	1			0.0	8000.0		
17079	1	1			0.0	8000.0		
17080	1	1			0.0	8000.0		
17081	1	1	32.0	36.0	0.0	8000.0	cluster_2	BO-82Tapyta/BO-82TAPYTA_20250414_211202.wav
17082	1	1			0.0	8000.0		
17083	1	1			0.0	8000.0		
17084	1	1	42.0	46.0	0.0	8000.0	cluster_2	BO-82Tapyta/BO-82TAPYTA_20250425_023102.wav
17085	1	1			0.0	8000.0		
17086	1	1			0.0	8000.0		
17087	1	1	28.0	32.0	0.0	8000.0	cluster_2	BO-81Tapyta/BO-81TAPYTA_20250413_204402.wav
17088	1	1			0.0	8000.0		
17089	1	1			0.0	8000.0		
17090	1	1			0.0	8000.0		
17091	1	1			0.0	8000.0		
17092	1	1			0.0	8000.0		
17093	1	1	28.0	32.0	0.0	8000.0	cluster_2	BO-82Tapyta/BO-82TAPYTA_20250502_222302.wav
17094	1	1			0.0	8000.0		
17095	1	1			0.0	8000.0		
17096	1	1	42.0	46.0	0.0	8000.0	cluster_2	BO-82Tapyta/BO-82TAPYTA_20250426_200702.wav
17097	1	1			0.0	8000.0		
17098	1	1			0.0	8000.0		
17099	1	1			0.0	8000.0		
17100	1	1			0.0	8000.0		
17101	1	1	34.0	38.0	0.0	8000.0	cluster_2	BO-82Tapyta/BO-82TAPYTA_20250418_010302.wav
17102	1	1	34.0	38.0	0.0	8000.0	cluster_2	BO-82Tapyta/BO-82TAPYTA_20250426_004102.wav
17103	1	1			0.0	8000.0		
17104	1	1			0.0	8000.0		
17105	1	1			0.0	8000.0		
17106	1	1			0.0	8000.0		
17107	1	1			0.0	8000.0		
17108	1	1			0.0	8000.0		
17109	1	1	14.0	18.0	0.0	8000.0	cluster_2	BO-82Tapyta/BO-82TAPYTA_20250426_053402.wav
17110	1	1			0.0	8000.0		
17111	1	1			0.0	8000.0		
17112	1	1			0.0	8000.0		
17113	1	1			0.0	8000.0		
17114	1	1	2.0	6.0	0.0	8000.0	cluster_2	BO-82Tapyta/BO-82TAPYTA_20250412_045402.wav
17115	1	1	34.0	38.0	0.0	8000.0	cluster_2	BO-81Tapyta/BO-81TAPYTA_20250416_043902.wav
17116	1	1			0.0	8000.0		
17117	1	1			0.0	8000.0		
17118	1	1			0.0	8000.0		
17119	1	1	12.0	16.0	0.0	8000.0	cluster_2	BO-82Tapyta/BO-82TAPYTA_20250416_223002.wav
17120	1	1			0.0	8000.0		
17121	1	1			0.0	8000.0		
17122	1	1			0.0	8000.0		
17123	1	1			0.0	8000.0		
17124	1	1			0.0	8000.0		
17125	1	1			0.0	8000.0		
17126	1	1			0.0	8000.0		
17127	1	1			0.0	8000.0		
17128	1	1			0.0	8000.0		
17129	1	1			0.0	8000.0		
17130	1	1			0.0	8000.0		
17131	1	1	26.0	30.0	0.0	8000.0	cluster_2	BO-82Tapyta/BO-82TAPYTA_20250417_214602.wav
17132	1	1			0.0	8000.0		
17133	1	1			0.0	8000.0		
17134	1	1			0.0	8000.0		
17135	1	1	6.0	10.0	0.0	8000.0	cluster_2	BO-82Tapyta/BO-82TAPYTA_20250502_202002.wav
17136	1	1			0.0	8000.0		
17137	1	1			0.0	8000.0		
17138	1	1			0.0	8000.0		
17139	1	1			0.0	8000.0		
17140	1	1			0.0	8000.0		
17141	1	1			0.0	8000.0		
17142	1	1			0.0	8000.0		
17143	1	1	52.0	56.0	0.0	8000.0	cluster_2	BO-82Tapyta/BO-82TAPYTA_20250501_191702.wav
17144	1	1			0.0	8000.0		
17145	1	1			0.0	8000.0		
17146	1	1			0.0	8000.0		
17147	1	1			0.0	8000.0		
17148	1	1			0.0	8000.0		
17149	1	1	8.0	12.0	0.0	8000.0	cluster_2	BO-82Tapyta/BO-82TAPYTA_20250502_204502.wav
17150	1	1			0.0	8000.0		
17151	1	1	14.0	18.0	0.0	8000.0	cluster_2	BO-82Tapyta/BO-82TAPYTA_20250418_042402.wav
17152	1	1			0.0	8000.0		
17153	1	1			0.0	8000.0		
17154	1	1			0.0	8000.0		
17155	1	1			0.0	8000.0		
17156	1	1			0.0	8000.0		
17157	1	1			0.0	8000.0		
17158	1	1			0.0	8000.0		
17159	1	1			0.0	8000.0		
17160	1	1			0.0	8000.0		
17161	1	1			0.0	8000.0		
17162	1	1			0.0	8000.0		
17163	1	1			0.0	8000.0		
17164	1	1			0.0	8000.0		
17165	1	1			0.0	8000.0		
17166	1	1	24.0	28.0	0.0	8000.0	cluster_2	BO-82Tapyta/BO-82TAPYTA_20250426_031202.wav
17167	1	1			0.0	8000.0		
17168	1	1			0.0	8000.0		
17169	1	1			0.0	8000.0		
17170	1	1			0.0	8000.0		
17171	1	1			0.0	8000.0		
17172	1	1			0.0	8000.0		
17173	1	1			0.0	8000.0		
17174	1	1	26.0	30.0	0.0	8000.0	cluster_2	BO-82Tapyta/BO-82TAPYTA_20250427_015302.wav
17175	1	1			0.0	8000.0		
17176	1	1			0.0	8000.0		
17177	1	1			0.0	8000.0		
17178	1	1			0.0	8000.0		
17179	1	1			0.0	8000.0		
17180	1	1			0.0	8000.0		
17181	1	1			0.0	8000.0		
17182	1	1			0.0	8000.0		
17183	1	1			0.0	8000.0		
17184	1	1	14.0	18.0	0.0	8000.0	cluster_2	BO-82Tapyta/BO-82TAPYTA_20250424_231902.wav
17185	1	1			0.0	8000.0		
17186	1	1			0.0	8000.0		
17187	1	1			0.0	8000.0		
17188	1	1			0.0	8000.0		
17189	1	1			0.0	8000.0		
17190	1	1			0.0	8000.0		
17191	1	1			0.0	8000.0		
17192	1	1			0.0	8000.0		
17193	1	1	34.0	38.0	0.0	8000.0	cluster_2	BO-82Tapyta/BO-82TAPYTA_20250418_014802.wav
17194	1	1			0.0	8000.0		
17195	1	1			0.0	8000.0		
17196	1	1			0.0	8000.0		
17197	1	1			0.0	8000.0		
17198	1	1	36.0	40.0	0.0	8000.0	cluster_2	BO-82Tapyta/BO-82TAPYTA_20250417_005702.wav
17199	1	1			0.0	8000.0		
17200	1	1	16.0	20.0	0.0	8000.0	cluster_2	BO-82Tapyta/BO-82TAPYTA_20250414_224702.wav
17201	1	1			0.0	8000.0		
17202	1	1			0.0	8000.0		
17203	1	1			0.0	8000.0		
17204	1	1			0.0	8000.0		
17205	1	1			0.0	8000.0		
17206	1	1			0.0	8000.0		
17207	1	1	0.0	4.0	0.0	8000.0	cluster_2	BO-82Tapyta/BO-82TAPYTA_20250424_194502.wav
17208	1	1			0.0	8000.0		
17209	1	1			0.0	8000.0		
17210	1	1	10.0	14.0	0.0	8000.0	cluster_2	BO-82Tapyta/BO-82TAPYTA_20250427_232802.wav
17211	1	1			0.0	8000.0		
17212	1	1			0.0	8000.0		
17213	1	1			0.0	8000.0		
17214	1	1			0.0	8000.0		
17215	1	1	0.0	4.0	0.0	8000.0	cluster_2	BO-82Tapyta/BO-82TAPYTA_20250424_210702.wav
17216	1	1			0.0	8000.0		
17217	1	1			0.0	8000.0		
17218	1	1			0.0	8000.0		
17219	1	1	34.0	38.0	0.0	8000.0	cluster_2	BO-82Tapyta/BO-82TAPYTA_20250417_045502.wav
17220	1	1			0.0	8000.0		
17221	1	1			0.0	8000.0		
17222	1	1	10.0	14.0	0.0	8000.0	cluster_2	BO-81Tapyta/BO-81TAPYTA_20250412_004402.wav
17223	1	1			0.0	8000.0		
17224	1	1			0.0	8000.0		
17225	1	1			0.0	8000.0		
17226	1	1	4.0	8.0	0.0	8000.0	cluster_2	BO-82Tapyta/BO-82TAPYTA_20250427_194302.wav
17227	1	1			0.0	8000.0		
17228	1	1			0.0	8000.0		
17229	1	1	18.0	22.0	0.0	8000.0	cluster_2	BO-82Tapyta/BO-82TAPYTA_20250425_204202.wav
17230	1	1			0.0	8000.0		
17231	1	1			0.0	8000.0		
17232	1	1			0.0	8000.0		
17233	1	1			0.0	8000.0		
17234	1	1			0.0	8000.0		
17235	1	1	18.0	22.0	0.0	8000.0	cluster_2	BO-82Tapyta/BO-82TAPYTA_20250426_215102.wav
17236	1	1			0.0	8000.0		
17237	1	1			0.0	8000.0		
17238	1	1			0.0	8000.0		
17239	1	1			0.0	8000.0		
17240	1	1	52.0	56.0	0.0	8000.0	cluster_2	BO-82Tapyta/BO-82TAPYTA_20250416_024802.wav
17241	1	1			0.0	8000.0		
17242	1	1			0.0	8000.0		
17243	1	1			0.0	8000.0		
17244	1	1			0.0	8000.0		
17245	1	1			0.0	8000.0		
17246	1	1			0.0	8000.0		
17247	1	1			0.0	8000.0		
17248	1	1	30.0	34.0	0.0	8000.0	cluster_2	BO-82Tapyta/BO-82TAPYTA_20250427_211002.wav
17249	1	1			0.0	8000.0		
17250	1	1			0.0	8000.0		
17251	1	1	44.0	48.0	0.0	8000.0	cluster_2	BO-82Tapyta/BO-82TAPYTA_20250425_023302.wav
17252	1	1	34.0	38.0	0.0	8000.0	cluster_2	BO-82Tapyta/BO-82TAPYTA_20250416_205802.wav
17253	1	1			0.0	8000.0		
17254	1	1			0.0	8000.0		
17255	1	1			0.0	8000.0		
17256	1	1			0.0	8000.0		
17257	1	1			0.0	8000.0		
17258	1	1	34.0	38.0	0.0	8000.0	cluster_2	BO-82Tapyta/BO-82TAPYTA_20250424_221302.wav
17259	1	1			0.0	8000.0		
17260	1	1			0.0	8000.0		
17261	1	1			0.0	8000.0		
17262	1	1			0.0	8000.0		
17263	1	1			0.0	8000.0		
17264	1	1			0.0	8000.0		
17265	1	1	40.0	44.0	0.0	8000.0	cluster_2	BO-81Tapyta/BO-81TAPYTA_20250415_235002.wav
17266	1	1			0.0	8000.0		
17267	1	1			0.0	8000.0		
17268	1	1			0.0	8000.0		
17269	1	1			0.0	8000.0		
17270	1	1			0.0	8000.0		
17271	1	1	20.0	24.0	0.0	8000.0	cluster_2	BO-82Tapyta/BO-82TAPYTA_20250425_210002.wav
17272	1	1			0.0	8000.0		
17273	1	1			0.0	8000.0		
17274	1	1			0.0	8000.0		
17275	1	1			0.0	8000.0		
17276	1	1			0.0	8000.0		
17277	1	1			0.0	8000.0		
17278	1	1			0.0	8000.0		
17279	1	1			0.0	8000.0		
17280	1	1			0.0	8000.0		
17281	1	1			0.0	8000.0		
17282	1	1			0.0	8000.0		
17283	1	1	18.0	22.0	0.0	8000.0	cluster_2	BO-82Tapyta/BO-82TAPYTA_20250424_210702.wav
17284	1	1			0.0	8000.0		
17285	1	1	48.0	52.0	0.0	8000.0	cluster_2	BO-82Tapyta/BO-82TAPYTA_20250416_024402.wav
17286	1	1	48.0	52.0	0.0	8000.0	cluster_2	BO-82Tapyta/BO-82TAPYTA_20250415_223402.wav
17287	1	1			0.0	8000.0		
17288	1	1			0.0	8000.0		
17289	1	1			0.0	8000.0		
17290	1	1			0.0	8000.0		
17291	1	1	0.0	4.0	0.0	8000.0	cluster_2	BO-82Tapyta/BO-82TAPYTA_20250425_025502.wav
17292	1	1			0.0	8000.0		
17293	1	1			0.0	8000.0		
17294	1	1	0.0	4.0	0.0	8000.0	cluster_2	BO-82Tapyta/BO-82TAPYTA_20250416_004402.wav
17295	1	1	36.0	40.0	0.0	8000.0	cluster_2	BO-82Tapyta/BO-82TAPYTA_20250417_005802.wav
17296	1	1			0.0	8000.0		
17297	1	1	46.0	50.0	0.0	8000.0	cluster_2	BO-82Tapyta/BO-82TAPYTA_20250427_231102.wav
17298	1	1	26.0	30.0	0.0	8000.0	cluster_2	BO-82Tapyta/BO-82TAPYTA_20250413_223102.wav
17299	1	1	32.0	36.0	0.0	8000.0	cluster_2	BO-82Tapyta/BO-82TAPYTA_20250424_211802.wav
17300	1	1			0.0	8000.0		
17301	1	1	30.0	34.0	0.0	8000.0	cluster_2	BO-82Tapyta/BO-82TAPYTA_20250411_225402.wav
17302	1	1			0.0	8000.0		
17303	1	1			0.0	8000.0		
17304	1	1			0.0	8000.0		
17305	1	1			0.0	8000.0		
17306	1	1			0.0	8000.0		
17307	1	1			0.0	8000.0		
17308	1	1	12.0	16.0	0.0	8000.0	cluster_2	BO-82Tapyta/BO-82TAPYTA_20250425_031302.wav
17309	1	1			0.0	8000.0		
17310	1	1			0.0	8000.0		
17311	1	1			0.0	8000.0		
17312	1	1			0.0	8000.0		
17313	1	1			0.0	8000.0		
17314	1	1			0.0	8000.0		
17315	1	1			0.0	8000.0		
17316	1	1			0.0	8000.0		
17317	1	1			0.0	8000.0		
17318	1	1	44.0	48.0	0.0	8000.0	cluster_2	BO-82Tapyta/BO-82TAPYTA_20250425_194402.wav
17319	1	1			0.0	8000.0		
17320	1	1	6.0	10.0	0.0	8000.0	cluster_2	BO-81Tapyta/BO-81TAPYTA_20250411_235702.wav
17321	1	1	36.0	40.0	0.0	8000.0	cluster_2	BO-81Tapyta/BO-81TAPYTA_20250412_012202.wav
17322	1	1	52.0	56.0	0.0	8000.0	cluster_2	BO-82Tapyta/BO-82TAPYTA_20250412_003302.wav
17323	1	1			0.0	8000.0		
17324	1	1	4.0	8.0	0.0	8000.0	cluster_2	BO-82Tapyta/BO-82TAPYTA_20250414_220102.wav
17325	1	1			0.0	8000.0		
17326	1	1			0.0	8000.0		
17327	1	1			0.0	8000.0		
17328	1	1			0.0	8000.0		
17329	1	1			0.0	8000.0		
17330	1	1			0.0	8000.0		
17331	1	1	42.0	46.0	0.0	8000.0	cluster_2	BO-82Tapyta/BO-82TAPYTA_20250418_023302.wav
17332	1	1	40.0	44.0	0.0	8000.0	cluster_2	BO-81Tapyta/BO-81TAPYTA_20250415_200802.wav
17333	1	1			0.0	8000.0		
17334	1	1			0.0	8000.0		
17335	1	1			0.0	8000.0		
17336	1	1			0.0	8000.0		
17337	1	1			0.0	8000.0		
17338	1	1			0.0	8000.0		
17339	1	1			0.0	8000.0		
17340	1	1			0.0	8000.0		
17341	1	1			0.0	8000.0		
17342	1	1	6.0	10.0	0.0	8000.0	cluster_2	BO-82Tapyta/BO-82TAPYTA_20250501_193902.wav
17343	1	1			0.0	8000.0		
17344	1	1	6.0	10.0	0.0	8000.0	cluster_2	BO-81Tapyta/BO-81TAPYTA_20250416_035502.wav
17345	1	1			0.0	8000.0		
17346	1	1	40.0	44.0	0.0	8000.0	cluster_2	BO-82Tapyta/BO-82TAPYTA_20250416_012602.wav
17347	1	1			0.0	8000.0		
17348	1	1			0.0	8000.0		
17349	1	1			0.0	8000.0		
17350	1	1	12.0	16.0	0.0	8000.0	cluster_2	BO-82Tapyta/BO-82TAPYTA_20250426_034902.wav
17351	1	1	30.0	34.0	0.0	8000.0	cluster_2	BO-82Tapyta/BO-82TAPYTA_20250417_215202.wav
17352	1	1			0.0	8000.0		
17353	1	1			0.0	8000.0		
17354	1	1			0.0	8000.0		
17355	1	1	12.0	16.0	0.0	8000.0	cluster_2	BO-82Tapyta/BO-82TAPYTA_20250425_004602.wav
17356	1	1			0.0	8000.0		
17357	1	1			0.0	8000.0		
17358	1	1			0.0	8000.0		
17359	1	1	32.0	36.0	0.0	8000.0	cluster_2	BO-82Tapyta/BO-82TAPYTA_20250416_031602.wav
17360	1	1			0.0	8000.0		
17361	1	1			0.0	8000.0		
17362	1	1			0.0	8000.0		
17363	1	1	0.0	4.0	0.0	8000.0	cluster_2	BO-82Tapyta/BO-82TAPYTA_20250425_013702.wav
17364	1	1			0.0	8000.0		
17365	1	1	36.0	40.0	0.0	8000.0	cluster_2	BO-82Tapyta/BO-82TAPYTA_20250424_194402.wav
17366	1	1			0.0	8000.0		
17367	1	1			0.0	8000.0		
17368	1	1			0.0	8000.0		
17369	1	1			0.0	8000.0		
17370	1	1			0.0	8000.0		
17371	1	1	50.0	54.0	0.0	8000.0	cluster_2	BO-82Tapyta/BO-82TAPYTA_20250411_203802.wav
17372	1	1			0.0	8000.0		
17373	1	1			0.0	8000.0		
17374	1	1			0.0	8000.0		
17375	1	1	32.0	36.0	0.0	8000.0	cluster_2	BO-82Tapyta/BO-82TAPYTA_20250427_003602.wav
17376	1	1			0.0	8000.0		
17377	1	1	12.0	16.0	0.0	8000.0	cluster_2	BO-82Tapyta/BO-82TAPYTA_20250424_205102.wav
17378	1	1			0.0	8000.0		
17379	1	1			0.0	8000.0		
17380	1	1	16.0	20.0	0.0	8000.0	cluster_2	BO-82Tapyta/BO-82TAPYTA_20250425_013902.wav
17381	1	1			0.0	8000.0		
17382	1	1			0.0	8000.0		
17383	1	1			0.0	8000.0		
17384	1	1	50.0	54.0	0.0	8000.0	cluster_2	BO-82Tapyta/BO-82TAPYTA_20250424_000402.wav
17385	1	1	0.0	4.0	0.0	8000.0	cluster_2	BO-82Tapyta/BO-82TAPYTA_20250415_234102.wav
17386	1	1			0.0	8000.0		
17387	1	1			0.0	8000.0		
17388	1	1			0.0	8000.0		
17389	1	1			0.0	8000.0		
17390	1	1			0.0	8000.0		
17391	1	1			0.0	8000.0		
17392	1	1			0.0	8000.0		
17393	1	1	18.0	22.0	0.0	8000.0	cluster_2	BO-82Tapyta/BO-82TAPYTA_20250502_210202.wav
17394	1	1			0.0	8000.0		
17395	1	1			0.0	8000.0		
17396	1	1			0.0	8000.0		
17397	1	1			0.0	8000.0		
17398	1	1			0.0	8000.0		
17399	1	1			0.0	8000.0		
17400	1	1	18.0	22.0	0.0	8000.0	cluster_2	BO-82Tapyta/BO-82TAPYTA_20250426_051702.wav
17401	1	1			0.0	8000.0		
17402	1	1	42.0	46.0	0.0	8000.0	cluster_2	BO-82Tapyta/BO-82TAPYTA_20250417_013302.wav
17403	1	1			0.0	8000.0		
17404	1	1			0.0	8000.0		
17405	1	1			0.0	8000.0		
17406	1	1			0.0	8000.0		
17407	1	1			0.0	8000.0		
17408	1	1			0.0	8000.0		
17409	1	1	18.0	22.0	0.0	8000.0	cluster_2	BO-81Tapyta/BO-81TAPYTA_20250416_031102.wav
17410	1	1			0.0	8000.0		
17411	1	1			0.0	8000.0		
17412	1	1			0.0	8000.0		
17413	1	1			0.0	8000.0		
17414	1	1	26.0	30.0	0.0	8000.0	cluster_2	BO-82Tapyta/BO-82TAPYTA_20250414_203102.wav
17415	1	1	14.0	18.0	0.0	8000.0	cluster_2	BO-82Tapyta/BO-82TAPYTA_20250415_191402.wav
17416	1	1			0.0	8000.0		
17417	1	1	12.0	16.0	0.0	8000.0	cluster_2	BO-82Tapyta/BO-82TAPYTA_20250411_235602.wav
17418	1	1			0.0	8000.0		
17419	1	1			0.0	8000.0		
17420	1	1			0.0	8000.0		
17421	1	1			0.0	8000.0		
17422	1	1			0.0	8000.0		
17423	1	1			0.0	8000.0		
17424	1	1	18.0	22.0	0.0	8000.0	cluster_2	BO-82Tapyta/BO-82TAPYTA_20250413_010002.wav
17425	1	1			0.0	8000.0		
17426	1	1			0.0	8000.0		
17427	1	1			0.0	8000.0		
17428	1	1			0.0	8000.0		
17429	1	1	0.0	4.0	0.0	8000.0	cluster_2	BO-81Tapyta/BO-81TAPYTA_20250415_213202.wav
17430	1	1	2.0	6.0	0.0	8000.0	cluster_2	BO-81Tapyta/BO-81TAPYTA_20250413_214002.wav
17431	1	1			0.0	8000.0		
17432	1	1			0.0	8000.0		
17433	1	1			0.0	8000.0		
17434	1	1	4.0	8.0	0.0	8000.0	cluster_2	BO-82Tapyta/BO-82TAPYTA_20250417_192702.wav
17435	1	1			0.0	8000.0		
17436	1	1			0.0	8000.0		
17437	1	1			0.0	8000.0		
17438	1	1			0.0	8000.0		
17439	1	1			0.0	8000.0		
17440	1	1	20.0	24.0	0.0	8000.0	cluster_2	BO-82Tapyta/BO-82TAPYTA_20250502_221902.wav
17441	1	1			0.0	8000.0		
17442	1	1			0.0	8000.0		
17443	1	1			0.0	8000.0		
17444	1	1			0.0	8000.0		
17445	1	1			0.0	8000.0		
17446	1	1	14.0	18.0	0.0	8000.0	cluster_2	BO-82Tapyta/BO-82TAPYTA_20250414_210102.wav
17447	1	1	36.0	40.0	0.0	8000.0	cluster_2	BO-82Tapyta/BO-82TAPYTA_20250425_194302.wav
17448	1	1			0.0	8000.0		
17449	1	1	36.0	40.0	0.0	8000.0	cluster_2	BO-82Tapyta/BO-82TAPYTA_20250425_214502.wav
17450	1	1			0.0	8000.0		
17451	1	1			0.0	8000.0		
17452	1	1			0.0	8000.0		
17453	1	1			0.0	8000.0		
17454	1	1			0.0	8000.0		
17455	1	1	22.0	26.0	0.0	8000.0	cluster_2	BO-82Tapyta/BO-82TAPYTA_20250412_223302.wav
17456	1	1	52.0	56.0	0.0	8000.0	cluster_2	BO-82Tapyta/BO-82TAPYTA_20250425_013902.wav
17457	1	1	2.0	6.0	0.0	8000.0	cluster_2	BO-82Tapyta/BO-82TAPYTA_20250426_054802.wav
17458	1	1			0.0	8000.0		
17459	1	1			0.0	8000.0		
17460	1	1	10.0	14.0	0.0	8000.0	cluster_2	BO-81Tapyta/BO-81TAPYTA_20250416_014502.wav
17461	1	1	20.0	24.0	0.0	8000.0	cluster_2	BO-82Tapyta/BO-82TAPYTA_20250415_223202.wav
17462	1	1			0.0	8000.0		
17463	1	1	50.0	54.0	0.0	8000.0	cluster_2	BO-82Tapyta/BO-82TAPYTA_20250413_205302.wav
17464	1	1			0.0	8000.0		
17465	1	1			0.0	8000.0		
17466	1	1			0.0	8000.0		
17467	1	1	36.0	40.0	0.0	8000.0	cluster_2	BO-82Tapyta/BO-82TAPYTA_20250426_013502.wav
17468	1	1			0.0	8000.0		
17469	1	1			0.0	8000.0		
17470	1	1			0.0	8000.0		
17471	1	1	30.0	34.0	0.0	8000.0	cluster_2	BO-82Tapyta/BO-82TAPYTA_20250425_195902.wav
17472	1	1			0.0	8000.0		
17473	1	1	14.0	18.0	0.0	8000.0	cluster_2	BO-82Tapyta/BO-82TAPYTA_20250417_010402.wav
17474	1	1			0.0	8000.0		
17475	1	1			0.0	8000.0		
17476	1	1			0.0	8000.0		
17477	1	1			0.0	8000.0		
17478	1	1			0.0	8000.0		
17479	1	1			0.0	8000.0		
17480	1	1			0.0	8000.0		
17481	1	1			0.0	8000.0		
17482	1	1			0.0	8000.0		
17483	1	1			0.0	8000.0		
17484	1	1			0.0	8000.0		
17485	1	1			0.0	8000.0		
17486	1	1			0.0	8000.0		
17487	1	1	30.0	34.0	0.0	8000.0	cluster_2	BO-82Tapyta/BO-82TAPYTA_20250414_203802.wav
17488	1	1	4.0	8.0	0.0	8000.0	cluster_2	BO-81Tapyta/BO-81TAPYTA_20250414_212502.wav
17489	1	1			0.0	8000.0		
17490	1	1	2.0	6.0	0.0	8000.0	cluster_2	BO-81Tapyta/BO-81TAPYTA_20250413_213802.wav
17491	1	1	46.0	50.0	0.0	8000.0	cluster_2	BO-81Tapyta/BO-81TAPYTA_20250409_184902.wav
17492	1	1			0.0	8000.0		
17493	1	1			0.0	8000.0		
17494	1	1			0.0	8000.0		
17495	1	1			0.0	8000.0		
17496	1	1			0.0	8000.0		
17497	1	1			0.0	8000.0		
17498	1	1			0.0	8000.0		
17499	1	1			0.0	8000.0		
17500	1	1			0.0	8000.0		
17501	1	1	34.0	38.0	0.0	8000.0	cluster_2	BO-82Tapyta/BO-82TAPYTA_20250415_201802.wav
17502	1	1			0.0	8000.0		
17503	1	1			0.0	8000.0		
17504	1	1			0.0	8000.0		
17505	1	1			0.0	8000.0		
17506	1	1			0.0	8000.0		
17507	1	1			0.0	8000.0		
17508	1	1			0.0	8000.0		
17509	1	1			0.0	8000.0		
17510	1	1			0.0	8000.0		
17511	1	1			0.0	8000.0		
17512	1	1			0.0	8000.0		
17513	1	1			0.0	8000.0		
17514	1	1			0.0	8000.0		
17515	1	1			0.0	8000.0		
17516	1	1			0.0	8000.0		
17517	1	1	34.0	38.0	0.0	8000.0	cluster_2	BO-82Tapyta/BO-82TAPYTA_20250411_200702.wav
17518	1	1			0.0	8000.0		
17519	1	1			0.0	8000.0		
17520	1	1			0.0	8000.0		
17521	1	1			0.0	8000.0		
17522	1	1	50.0	54.0	0.0	8000.0	cluster_2	BO-81Tapyta/BO-81TAPYTA_20250415_235202.wav
17523	1	1			0.0	8000.0		
17524	1	1	4.0	8.0	0.0	8000.0	cluster_2	BO-82Tapyta/BO-82TAPYTA_20250502_200302.wav
17525	1	1			0.0	8000.0		
17526	1	1			0.0	8000.0		
17527	1	1			0.0	8000.0		
17528	1	1	22.0	26.0	0.0	8000.0	cluster_2	BO-82Tapyta/BO-82TAPYTA_20250416_215502.wav
17529	1	1			0.0	8000.0		
17530	1	1			0.0	8000.0		
17531	1	1			0.0	8000.0		
17532	1	1			0.0	8000.0		
17533	1	1			0.0	8000.0		
17534	1	1			0.0	8000.0		
17535	1	1			0.0	8000.0		
17536	1	1			0.0	8000.0		
17537	1	1			0.0	8000.0		
17538	1	1	6.0	10.0	0.0	8000.0	cluster_2	BO-82Tapyta/BO-82TAPYTA_20250411_222802.wav
17539	1	1			0.0	8000.0		
17540	1	1			0.0	8000.0		
17541	1	1			0.0	8000.0		
17542	1	1			0.0	8000.0		
17543	1	1			0.0	8000.0		
17544	1	1			0.0	8000.0		
17545	1	1			0.0	8000.0		
17546	1	1			0.0	8000.0		
17547	1	1			0.0	8000.0		
17548	1	1			0.0	8000.0		
17549	1	1			0.0	8000.0		
17550	1	1			0.0	8000.0		
17551	1	1			0.0	8000.0		
17552	1	1			0.0	8000.0		
17553	1	1			0.0	8000.0		
17554	1	1			0.0	8000.0		
17555	1	1			0.0	8000.0		
17556	1	1			0.0	8000.0		
17557	1	1			0.0	8000.0		
17558	1	1			0.0	8000.0		
17559	1	1			0.0	8000.0		
17560	1	1			0.0	8000.0		
17561	1	1			0.0	8000.0		
17562	1	1	26.0	30.0	0.0	8000.0	cluster_2	BO-82Tapyta/BO-82TAPYTA_20250415_224102.wav
17563	1	1	44.0	48.0	0.0	8000.0	cluster_2	BO-82Tapyta/BO-82TAPYTA_20250425_214202.wav
17564	1	1	28.0	32.0	0.0	8000.0	cluster_2	BO-82Tapyta/BO-82TAPYTA_20250503_001002.wav
17565	1	1			0.0	8000.0		
17566	1	1			0.0	8000.0		
17567	1	1			0.0	8000.0		
17568	1	1			0.0	8000.0		
17569	1	1	4.0	8.0	0.0	8000.0	cluster_2	BO-82Tapyta/BO-82TAPYTA_20250425_030602.wav
17570	1	1			0.0	8000.0		
17571	1	1			0.0	8000.0		
17572	1	1	2.0	6.0	0.0	8000.0	cluster_2	BO-82Tapyta/BO-82TAPYTA_20250425_202402.wav
17573	1	1			0.0	8000.0		
17574	1	1			0.0	8000.0		
17575	1	1			0.0	8000.0		
17576	1	1			0.0	8000.0		
17577	1	1	4.0	8.0	0.0	8000.0	cluster_2	BO-82Tapyta/BO-82TAPYTA_20250418_014602.wav
17578	1	1			0.0	8000.0		
17579	1	1	24.0	28.0	0.0	8000.0	cluster_2	BO-82Tapyta/BO-82TAPYTA_20250412_034002.wav
17580	1	1			0.0	8000.0		
17581	1	1			0.0	8000.0		
17582	1	1			0.0	8000.0		
17583	1	1	30.0	34.0	0.0	8000.0	cluster_2	BO-82Tapyta/BO-82TAPYTA_20250417_011202.wav
17584	1	1			0.0	8000.0		
17585	1	1			0.0	8000.0		
17586	1	1	32.0	36.0	0.0	8000.0	cluster_2	BO-82Tapyta/BO-82TAPYTA_20250415_212602.wav
17587	1	1	24.0	28.0	0.0	8000.0	cluster_2	BO-82Tapyta/BO-82TAPYTA_20250424_212802.wav
17588	1	1			0.0	8000.0		
17589	1	1			0.0	8000.0		
17590	1	1			0.0	8000.0		
17591	1	1	2.0	6.0	0.0	8000.0	cluster_2	BO-82Tapyta/BO-82TAPYTA_20250416_043902.wav
17592	1	1			0.0	8000.0		
17593	1	1			0.0	8000.0		
17594	1	1			0.0	8000.0		
17595	1	1			0.0	8000.0		
17596	1	1			0.0	8000.0		
17597	1	1	30.0	34.0	0.0	8000.0	cluster_2	BO-82Tapyta/BO-82TAPYTA_20250415_202302.wav
17598	1	1			0.0	8000.0		
17599	1	1			0.0	8000.0		
17600	1	1	34.0	38.0	0.0	8000.0	cluster_2	BO-82Tapyta/BO-82TAPYTA_20250418_013002.wav
17601	1	1	30.0	34.0	0.0	8000.0	cluster_2	BO-81Tapyta/BO-81TAPYTA_20250415_214402.wav
17602	1	1			0.0	8000.0		
17603	1	1			0.0	8000.0		
17604	1	1			0.0	8000.0		
17605	1	1			0.0	8000.0		
17606	1	1			0.0	8000.0		
17607	1	1			0.0	8000.0		
17608	1	1	18.0	22.0	0.0	8000.0	cluster_2	BO-81Tapyta/BO-81TAPYTA_20250412_045202.wav
17609	1	1	0.0	4.0	0.0	8000.0	cluster_2	BO-82Tapyta/BO-82TAPYTA_20250416_193902.wav
17610	1	1			0.0	8000.0		
17611	1	1			0.0	8000.0		
17612	1	1			0.0	8000.0		
17613	1	1			0.0	8000.0		
17614	1	1			0.0	8000.0		
17615	1	1			0.0	8000.0		
17616	1	1	42.0	46.0	0.0	8000.0	cluster_2	BO-82Tapyta/BO-82TAPYTA_20250427_231002.wav
17617	1	1			0.0	8000.0		
17618	1	1			0.0	8000.0		
17619	1	1			0.0	8000.0		
17620	1	1			0.0	8000.0		
17621	1	1			0.0	8000.0		
17622	1	1			0.0	8000.0		
17623	1	1			0.0	8000.0		
17624	1	1	32.0	36.0	0.0	8000.0	cluster_2	BO-82Tapyta/BO-82TAPYTA_20250412_034102.wav
17625	1	1			0.0	8000.0		
17626	1	1	14.0	18.0	0.0	8000.0	cluster_2	BO-82Tapyta/BO-82TAPYTA_20250427_232402.wav
17627	1	1	8.0	12.0	0.0	8000.0	cluster_2	BO-81Tapyta/BO-81TAPYTA_20250411_232502.wav
17628	1	1	12.0	16.0	0.0	8000.0	cluster_2	BO-82Tapyta/BO-82TAPYTA_20250426_221602.wav
17629	1	1			0.0	8000.0		
17630	1	1			0.0	8000.0		
17631	1	1			0.0	8000.0		
17632	1	1	8.0	12.0	0.0	8000.0	cluster_2	BO-82Tapyta/BO-82TAPYTA_20250427_022602.wav
17633	1	1	14.0	18.0	0.0	8000.0	cluster_2	BO-82Tapyta/BO-82TAPYTA_20250424_225602.wav
17634	1	1			0.0	8000.0		
17635	1	1			0.0	8000.0		
17636	1	1	4.0	8.0	0.0	8000.0	cluster_2	BO-82Tapyta/BO-82TAPYTA_20250427_053402.wav
17637	1	1			0.0	8000.0		
17638	1	1			0.0	8000.0		
17639	1	1			0.0	8000.0		
17640	1	1			0.0	8000.0		
17641	1	1			0.0	8000.0		
17642	1	1			0.0	8000.0		
17643	1	1			0.0	8000.0		
17644	1	1			0.0	8000.0		
17645	1	1	50.0	54.0	0.0	8000.0	cluster_2	BO-82Tapyta/BO-82TAPYTA_20250416_041902.wav
17646	1	1			0.0	8000.0		
17647	1	1			0.0	8000.0		
17648	1	1			0.0	8000.0		
17649	1	1	0.0	4.0	0.0	8000.0	cluster_2	BO-82Tapyta/BO-82TAPYTA_20250416_231902.wav
17650	1	1	24.0	28.0	0.0	8000.0	cluster_2	BO-82Tapyta/BO-82TAPYTA_20250417_020502.wav
17651	1	1			0.0	8000.0		
17652	1	1			0.0	8000.0		
17653	1	1			0.0	8000.0		
17654	1	1			0.0	8000.0		
17655	1	1			0.0	8000.0		
17656	1	1			0.0	8000.0		
17657	1	1			0.0	8000.0		
17658	1	1			0.0	8000.0		
17659	1	1			0.0	8000.0		
17660	1	1			0.0	8000.0		
17661	1	1			0.0	8000.0		
17662	1	1			0.0	8000.0		
17663	1	1			0.0	8000.0		
17664	1	1			0.0	8000.0		
17665	1	1			0.0	8000.0		
17666	1	1			0.0	8000.0		
17667	1	1			0.0	8000.0		
17668	1	1			0.0	8000.0		
17669	1	1			0.0	8000.0		
17670	1	1			0.0	8000.0		
17671	1	1	12.0	16.0	0.0	8000.0	cluster_2	BO-82Tapyta/BO-82TAPYTA_20250417_220902.wav
17672	1	1	42.0	46.0	0.0	8000.0	cluster_2	BO-82Tapyta/BO-82TAPYTA_20250412_033702.wav
17673	1	1			0.0	8000.0		
17674	1	1			0.0	8000.0		
17675	1	1	6.0	10.0	0.0	8000.0	cluster_2	BO-82Tapyta/BO-82TAPYTA_20250411_224402.wav
17676	1	1			0.0	8000.0		
17677	1	1			0.0	8000.0		
17678	1	1	4.0	8.0	0.0	8000.0	cluster_2	BO-82Tapyta/BO-82TAPYTA_20250426_004002.wav
17679	1	1			0.0	8000.0		
17680	1	1	50.0	54.0	0.0	8000.0	cluster_2	BO-82Tapyta/BO-82TAPYTA_20250426_222702.wav
17681	1	1			0.0	8000.0		
17682	1	1			0.0	8000.0		
17683	1	1			0.0	8000.0		
17684	1	1			0.0	8000.0		
17685	1	1			0.0	8000.0		
17686	1	1	22.0	26.0	0.0	8000.0	cluster_2	BO-82Tapyta/BO-82TAPYTA_20250418_050802.wav
17687	1	1			0.0	8000.0		
17688	1	1			0.0	8000.0		
17689	1	1			0.0	8000.0		
17690	1	1			0.0	8000.0		
17691	1	1			0.0	8000.0		
17692	1	1			0.0	8000.0		
17693	1	1	14.0	18.0	0.0	8000.0	cluster_2	BO-82Tapyta/BO-82TAPYTA_20250424_222502.wav
17694	1	1	2.0	6.0	0.0	8000.0	cluster_2	BO-82Tapyta/BO-82TAPYTA_20250417_203702.wav
17695	1	1			0.0	8000.0		
17696	1	1			0.0	8000.0		
17697	1	1			0.0	8000.0		
17698	1	1			0.0	8000.0		
17699	1	1			0.0	8000.0		
17700	1	1	36.0	40.0	0.0	8000.0	cluster_2	BO-82Tapyta/BO-82TAPYTA_20250502_190702.wav
17701	1	1			0.0	8000.0		
17702	1	1			0.0	8000.0		
17703	1	1			0.0	8000.0		
17704	1	1			0.0	8000.0		
17705	1	1			0.0	8000.0		
17706	1	1	20.0	24.0	0.0	8000.0	cluster_2	BO-82Tapyta/BO-82TAPYTA_20250417_044102.wav
17707	1	1			0.0	8000.0		
17708	1	1			0.0	8000.0		
17709	1	1			0.0	8000.0		
17710	1	1			0.0	8000.0		
17711	1	1			0.0	8000.0		
17712	1	1			0.0	8000.0		
17713	1	1	0.0	4.0	0.0	8000.0	cluster_2	BO-82Tapyta/BO-82TAPYTA_20250427_055702.wav
17714	1	1	12.0	16.0	0.0	8000.0	cluster_2	BO-82Tapyta/BO-82TAPYTA_20250415_214802.wav
17715	1	1			0.0	8000.0		
17716	1	1			0.0	8000.0		
17717	1	1			0.0	8000.0		
17718	1	1			0.0	8000.0		
17719	1	1	16.0	20.0	0.0	8000.0	cluster_2	BO-81Tapyta/BO-81TAPYTA_20250416_003502.wav
17720	1	1			0.0	8000.0		
17721	1	1			0.0	8000.0		
17722	1	1			0.0	8000.0		
17723	1	1			0.0	8000.0		
17724	1	1			0.0	8000.0		
17725	1	1			0.0	8000.0		
17726	1	1	30.0	34.0	0.0	8000.0	cluster_2	BO-81Tapyta/BO-81TAPYTA_20250415_211902.wav
17727	1	1			0.0	8000.0		
17728	1	1			0.0	8000.0		
17729	1	1			0.0	8000.0		
17730	1	1			0.0	8000.0		
17731	1	1			0.0	8000.0		
17732	1	1	0.0	4.0	0.0	8000.0	cluster_2	BO-81Tapyta/BO-81TAPYTA_20250416_023702.wav
17733	1	1	30.0	34.0	0.0	8000.0	cluster_2	BO-82Tapyta/BO-82TAPYTA_20250426_013402.wav
17734	1	1			0.0	8000.0		
17735	1	1			0.0	8000.0		
17736	1	1			0.0	8000.0		
17737	1	1			0.0	8000.0		
17738	1	1			0.0	8000.0		
17739	1	1	34.0	38.0	0.0	8000.0	cluster_2	BO-82Tapyta/BO-82TAPYTA_20250413_223302.wav
17740	1	1			0.0	8000.0		
17741	1	1			0.0	8000.0		
17742	1	1			0.0	8000.0		
17743	1	1			0.0	8000.0		
17744	1	1	4.0	8.0	0.0	8000.0	cluster_2	BO-82Tapyta/BO-82TAPYTA_20250425_200702.wav
17745	1	1	8.0	12.0	0.0	8000.0	cluster_2	BO-82Tapyta/BO-82TAPYTA_20250417_235002.wav
17746	1	1			0.0	8000.0		
17747	1	1			0.0	8000.0		
17748	1	1			0.0	8000.0		
17749	1	1			0.0	8000.0		
17750	1	1			0.0	8000.0		
17751	1	1			0.0	8000.0		
17752	1	1			0.0	8000.0		
17753	1	1			0.0	8000.0		
17754	1	1	0.0	4.0	0.0	8000.0	cluster_2	BO-82Tapyta/BO-82TAPYTA_20250414_225702.wav
17755	1	1			0.0	8000.0		
17756	1	1			0.0	8000.0		
17757	1	1	16.0	20.0	0.0	8000.0	cluster_2	BO-81Tapyta/BO-81TAPYTA_20250412_035202.wav
17758	1	1			0.0	8000.0		
17759	1	1			0.0	8000.0		
17760	1	1	14.0	18.0	0.0	8000.0	cluster_2	BO-82Tapyta/BO-82TAPYTA_20250414_195002.wav
17761	1	1			0.0	8000.0		
17762	1	1			0.0	8000.0		
17763	1	1			0.0	8000.0		
17764	1	1			0.0	8000.0		
17765	1	1			0.0	8000.0		
17766	1	1			0.0	8000.0		
17767	1	1			0.0	8000.0		
17768	1	1	20.0	24.0	0.0	8000.0	cluster_2	BO-82Tapyta/BO-82TAPYTA_20250426_234302.wav
17769	1	1			0.0	8000.0		
17770	1	1	8.0	12.0	0.0	8000.0	cluster_2	BO-82Tapyta/BO-82TAPYTA_20250413_202402.wav
17771	1	1			0.0	8000.0		
17772	1	1			0.0	8000.0		
17773	1	1	26.0	30.0	0.0	8000.0	cluster_2	BO-81Tapyta/BO-81TAPYTA_20250412_045302.wav
17774	1	1			0.0	8000.0		
17775	1	1			0.0	8000.0		
17776	1	1	10.0	14.0	0.0	8000.0	cluster_2	BO-82Tapyta/BO-82TAPYTA_20250416_040502.wav
17777	1	1			0.0	8000.0		
17778	1	1			0.0	8000.0		
17779	1	1			0.0	8000.0		
17780	1	1			0.0	8000.0		
17781	1	1			0.0	8000.0		
17782	1	1			0.0	8000.0		
17783	1	1			0.0	8000.0		
17784	1	1	16.0	20.0	0.0	8000.0	cluster_2	BO-82Tapyta/BO-82TAPYTA_20250424_220002.wav
17785	1	1	46.0	50.0	0.0	8000.0	cluster_2	BO-82Tapyta/BO-82TAPYTA_20250414_200302.wav
17786	1	1	8.0	12.0	0.0	8000.0	cluster_2	BO-82Tapyta/BO-82TAPYTA_20250417_223302.wav
17787	1	1	32.0	36.0	0.0	8000.0	cluster_2	BO-82Tapyta/BO-82TAPYTA_20250414_230002.wav
17788	1	1			0.0	8000.0		
17789	1	1			0.0	8000.0		
17790	1	1			0.0	8000.0		
17791	1	1			0.0	8000.0		
17792	1	1			0.0	8000.0		
17793	1	1			0.0	8000.0		
17794	1	1			0.0	8000.0		
17795	1	1	48.0	52.0	0.0	8000.0	cluster_2	BO-82Tapyta/BO-82TAPYTA_20250413_222702.wav
17796	1	1			0.0	8000.0		
17797	1	1	28.0	32.0	0.0	8000.0	cluster_2	BO-82Tapyta/BO-82TAPYTA_20250426_190902.wav
17798	1	1			0.0	8000.0		
17799	1	1	26.0	30.0	0.0	8000.0	cluster_2	BO-82Tapyta/BO-82TAPYTA_20250417_225402.wav
17800	1	1	24.0	28.0	0.0	8000.0	cluster_2	BO-82Tapyta/BO-82TAPYTA_20250426_202002.wav
17801	1	1			0.0	8000.0		
17802	1	1	26.0	30.0	0.0	8000.0	cluster_2	BO-82Tapyta/BO-82TAPYTA_20250425_214002.wav
17803	1	1			0.0	8000.0		
17804	1	1			0.0	8000.0		
17805	1	1			0.0	8000.0		
17806	1	1			0.0	8000.0		
17807	1	1	34.0	38.0	0.0	8000.0	cluster_2	BO-82Tapyta/BO-82TAPYTA_20250411_230302.wav
17808	1	1	28.0	32.0	0.0	8000.0	cluster_2	BO-82Tapyta/BO-82TAPYTA_20250416_022302.wav
17809	1	1			0.0	8000.0		
17810	1	1			0.0	8000.0		
17811	1	1			0.0	8000.0		
17812	1	1			0.0	8000.0		
17813	1	1			0.0	8000.0		
17814	1	1	16.0	20.0	0.0	8000.0	cluster_2	BO-82Tapyta/BO-82TAPYTA_20250425_210902.wav
17815	1	1			0.0	8000.0		
17816	1	1			0.0	8000.0		
17817	1	1			0.0	8000.0		
17818	1	1			0.0	8000.0		
17819	1	1			0.0	8000.0		
17820	1	1	20.0	24.0	0.0	8000.0	cluster_2	BO-82Tapyta/BO-82TAPYTA_20250417_012902.wav
17821	1	1			0.0	8000.0		
17822	1	1	28.0	32.0	0.0	8000.0	cluster_2	BO-82Tapyta/BO-82TAPYTA_20250425_030102.wav
17823	1	1			0.0	8000.0		
17824	1	1	12.0	16.0	0.0	8000.0	cluster_2	BO-82Tapyta/BO-82TAPYTA_20250417_035002.wav
17825	1	1	16.0	20.0	0.0	8000.0	cluster_2	BO-82Tapyta/BO-82TAPYTA_20250417_025002.wav
17826	1	1			0.0	8000.0		
17827	1	1	30.0	34.0	0.0	8000.0	cluster_2	BO-82Tapyta/BO-82TAPYTA_20250425_010002.wav
17828	1	1	12.0	16.0	0.0	8000.0	cluster_2	BO-82Tapyta/BO-82TAPYTA_20250411_215102.wav
17829	1	1			0.0	8000.0		
17830	1	1			0.0	8000.0		
17831	1	1	44.0	48.0	0.0	8000.0	cluster_2	BO-82Tapyta/BO-82TAPYTA_20250414_210002.wav
17832	1	1	26.0	30.0	0.0	8000.0	cluster_2	BO-82Tapyta/BO-82TAPYTA_20250427_024302.wav
17833	1	1	12.0	16.0	0.0	8000.0	cluster_2	BO-82Tapyta/BO-82TAPYTA_20250427_024002.wav
17834	1	1			0.0	8000.0		
17835	1	1			0.0	8000.0		
17836	1	1			0.0	8000.0		
17837	1	1			0.0	8000.0		
17838	1	1			0.0	8000.0		
17839	1	1			0.0	8000.0		
17840	1	1			0.0	8000.0		
17841	1	1			0.0	8000.0		
17842	1	1	24.0	28.0	0.0	8000.0	cluster_2	BO-82Tapyta/BO-82TAPYTA_20250412_012802.wav
17843	1	1			0.0	8000.0		
17844	1	1			0.0	8000.0		
17845	1	1			0.0	8000.0		
17846	1	1			0.0	8000.0		
17847	1	1	10.0	14.0	0.0	8000.0	cluster_2	BO-82Tapyta/BO-82TAPYTA_20250414_195802.wav
17848	1	1			0.0	8000.0		
17849	1	1	48.0	52.0	0.0	8000.0	cluster_2	BO-82Tapyta/BO-82TAPYTA_20250427_011402.wav
17850	1	1	20.0	24.0	0.0	8000.0	cluster_2	BO-82Tapyta/BO-82TAPYTA_20250418_004102.wav
17851	1	1			0.0	8000.0		
17852	1	1			0.0	8000.0		
17853	1	1			0.0	8000.0		
17854	1	1	10.0	14.0	0.0	8000.0	cluster_2	BO-82Tapyta/BO-82TAPYTA_20250412_010502.wav
17855	1	1			0.0	8000.0		
17856	1	1			0.0	8000.0		
17857	1	1			0.0	8000.0		
17858	1	1			0.0	8000.0		
17859	1	1	52.0	56.0	0.0	8000.0	cluster_2	BO-82Tapyta/BO-82TAPYTA_20250425_010302.wav
17860	1	1			0.0	8000.0		
17861	1	1			0.0	8000.0		
17862	1	1			0.0	8000.0		
17863	1	1			0.0	8000.0		
17864	1	1			0.0	8000.0		
17865	1	1			0.0	8000.0		
17866	1	1	6.0	10.0	0.0	8000.0	cluster_2	BO-82Tapyta/BO-82TAPYTA_20250412_015802.wav
17867	1	1	34.0	38.0	0.0	8000.0	cluster_2	BO-81Tapyta/BO-81TAPYTA_20250415_211402.wav
17868	1	1			0.0	8000.0		
17869	1	1	40.0	44.0	0.0	8000.0	cluster_2	BO-82Tapyta/BO-82TAPYTA_20250416_041702.wav
17870	1	1	16.0	20.0	0.0	8000.0	cluster_2	BO-81Tapyta/BO-81TAPYTA_20250416_043202.wav
17871	1	1			0.0	8000.0		
17872	1	1	48.0	52.0	0.0	8000.0	cluster_2	BO-82Tapyta/BO-82TAPYTA_20250427_054102.wav
17873	1	1			0.0	8000.0		
17874	1	1			0.0	8000.0		
17875	1	1			0.0	8000.0		
17876	1	1			0.0	8000.0		
17877	1	1			0.0	8000.0		
17878	1	1			0.0	8000.0		
17879	1	1			0.0	8000.0		
17880	1	1	50.0	54.0	0.0	8000.0	cluster_2	BO-82Tapyta/BO-82TAPYTA_20250414_191502.wav
17881	1	1	8.0	12.0	0.0	8000.0	cluster_2	BO-82Tapyta/BO-82TAPYTA_20250426_045902.wav
17882	1	1			0.0	8000.0		
17883	1	1			0.0	8000.0		
17884	1	1			0.0	8000.0		
17885	1	1			0.0	8000.0		
17886	1	1			0.0	8000.0		
17887	1	1	42.0	46.0	0.0	8000.0	cluster_2	BO-82Tapyta/BO-82TAPYTA_20250426_042302.wav
17888	1	1	32.0	36.0	0.0	8000.0	cluster_2	BO-82Tapyta/BO-82TAPYTA_20250418_030102.wav
17889	1	1			0.0	8000.0		
17890	1	1			0.0	8000.0		
17891	1	1			0.0	8000.0		
17892	1	1	12.0	16.0	0.0	8000.0	cluster_2	BO-82Tapyta/BO-82TAPYTA_20250414_220202.wav
17893	1	1	20.0	24.0	0.0	8000.0	cluster_2	BO-82Tapyta/BO-82TAPYTA_20250426_032002.wav
17894	1	1	20.0	24.0	0.0	8000.0	cluster_2	BO-82Tapyta/BO-82TAPYTA_20250415_231302.wav
17895	1	1			0.0	8000.0		
17896	1	1			0.0	8000.0		
17897	1	1	38.0	42.0	0.0	8000.0	cluster_2	BO-82Tapyta/BO-82TAPYTA_20250424_220002.wav
17898	1	1			0.0	8000.0		
17899	1	1			0.0	8000.0		
17900	1	1			0.0	8000.0		
17901	1	1			0.0	8000.0		
17902	1	1			0.0	8000.0		
17903	1	1	30.0	34.0	0.0	8000.0	cluster_2	BO-82Tapyta/BO-82TAPYTA_20250427_210402.wav
17904	1	1	10.0	14.0	0.0	8000.0	cluster_2	BO-82Tapyta/BO-82TAPYTA_20250417_203502.wav
17905	1	1	18.0	22.0	0.0	8000.0	cluster_2	BO-82Tapyta/BO-82TAPYTA_20250426_233802.wav
17906	1	1			0.0	8000.0		
17907	1	1			0.0	8000.0		
17908	1	1			0.0	8000.0		
17909	1	1			0.0	8000.0		
17910	1	1			0.0	8000.0		
17911	1	1			0.0	8000.0		
17912	1	1			0.0	8000.0		
17913	1	1			0.0	8000.0		
17914	1	1			0.0	8000.0		
17915	1	1	44.0	48.0	0.0	8000.0	cluster_2	BO-82Tapyta/BO-82TAPYTA_20250416_011802.wav
17916	1	1			0.0	8000.0		
17917	1	1			0.0	8000.0		
17918	1	1			0.0	8000.0		
17919	1	1			0.0	8000.0		
17920	1	1			0.0	8000.0		
17921	1	1	34.0	38.0	0.0	8000.0	cluster_2	BO-82Tapyta/BO-82TAPYTA_20250412_004202.wav
17922	1	1			0.0	8000.0		
17923	1	1			0.0	8000.0		
17924	1	1			0.0	8000.0		
17925	1	1			0.0	8000.0		
17926	1	1			0.0	8000.0		
17927	1	1			0.0	8000.0		
17928	1	1			0.0	8000.0		
17929	1	1			0.0	8000.0		
17930	1	1	40.0	44.0	0.0	8000.0	cluster_2	BO-82Tapyta/BO-82TAPYTA_20250427_040702.wav
17931	1	1			0.0	8000.0		
17932	1	1	48.0	52.0	0.0	8000.0	cluster_2	BO-82Tapyta/BO-82TAPYTA_20250414_221602.wav
17933	1	1			0.0	8000.0		
17934	1	1			0.0	8000.0		
17935	1	1	12.0	16.0	0.0	8000.0	cluster_2	BO-82Tapyta/BO-82TAPYTA_20250417_014002.wav
17936	1	1			0.0	8000.0		
17937	1	1			0.0	8000.0		
17938	1	1			0.0	8000.0		
17939	1	1			0.0	8000.0		
17940	1	1			0.0	8000.0		
17941	1	1			0.0	8000.0		
17942	1	1			0.0	8000.0		
17943	1	1			0.0	8000.0		
17944	1	1			0.0	8000.0		
17945	1	1			0.0	8000.0		
17946	1	1			0.0	8000.0		
17947	1	1			0.0	8000.0		
17948	1	1			0.0	8000.0		
17949	1	1			0.0	8000.0		
17950	1	1			0.0	8000.0		
17951	1	1			0.0	8000.0		
17952	1	1			0.0	8000.0		
17953	1	1			0.0	8000.0		
17954	1	1			0.0	8000.0		
17955	1	1			0.0	8000.0		
17956	1	1			0.0	8000.0		
17957	1	1			0.0	8000.0		
17958	1	1			0.0	8000.0		
17959	1	1			0.0	8000.0		
17960	1	1			0.0	8000.0		
17961	1	1			0.0	8000.0		
17962	1	1			0.0	8000.0		
17963	1	1			0.0	8000.0		
17964	1	1			0.0	8000.0		
17965	1	1			0.0	8000.0		
17966	1	1			0.0	8000.0		
17967	1	1			0.0	8000.0		
17968	1	1			0.0	8000.0		
17969	1	1			0.0	8000.0		
17970	1	1			0.0	8000.0		
17971	1	1			0.0	8000.0		
17972	1	1			0.0	8000.0		
17973	1	1			0.0	8000.0		
17974	1	1			0.0	8000.0		
17975	1	1	46.0	50.0	0.0	8000.0	cluster_2	BO-81Tapyta/BO-81TAPYTA_20250415_211002.wav
17976	1	1	12.0	16.0	0.0	8000.0	cluster_2	BO-82Tapyta/BO-82TAPYTA_20250415_232002.wav
17977	1	1			0.0	8000.0		
17978	1	1			0.0	8000.0		
17979	1	1			0.0	8000.0		
17980	1	1			0.0	8000.0		
17981	1	1	2.0	6.0	0.0	8000.0	cluster_2	BO-82Tapyta/BO-82TAPYTA_20250418_055502.wav
17982	1	1			0.0	8000.0		
17983	1	1	22.0	26.0	0.0	8000.0	cluster_2	BO-82Tapyta/BO-82TAPYTA_20250425_000502.wav
17984	1	1			0.0	8000.0		
17985	1	1			0.0	8000.0		
17986	1	1			0.0	8000.0		
17987	1	1			0.0	8000.0		
17988	1	1			0.0	8000.0		
17989	1	1			0.0	8000.0		
17990	1	1			0.0	8000.0		
17991	1	1	44.0	48.0	0.0	8000.0	cluster_2	BO-82Tapyta/BO-82TAPYTA_20250427_045902.wav
17992	1	1			0.0	8000.0		
17993	1	1			0.0	8000.0		
17994	1	1			0.0	8000.0		
17995	1	1	50.0	54.0	0.0	8000.0	cluster_2	BO-82Tapyta/BO-82TAPYTA_20250427_001102.wav
17996	1	1			0.0	8000.0		
17997	1	1			0.0	8000.0		
17998	1	1			0.0	8000.0		
17999	1	1			0.0	8000.0		
18000	1	1	8.0	12.0	0.0	8000.0	cluster_2	BO-82Tapyta/BO-82TAPYTA_20250502_222202.wav
18001	1	1			0.0	8000.0		
18002	1	1			0.0	8000.0		
18003	1	1	40.0	44.0	0.0	8000.0	cluster_2	BO-82Tapyta/BO-82TAPYTA_20250426_214702.wav
18004	1	1			0.0	8000.0		
18005	1	1	48.0	52.0	0.0	8000.0	cluster_2	BO-82Tapyta/BO-82TAPYTA_20250415_222602.wav
18006	1	1			0.0	8000.0		
18007	1	1			0.0	8000.0		
18008	1	1			0.0	8000.0		
18009	1	1			0.0	8000.0		
18010	1	1			0.0	8000.0		
18011	1	1	10.0	14.0	0.0	8000.0	cluster_2	BO-82Tapyta/BO-82TAPYTA_20250411_200602.wav
18012	1	1			0.0	8000.0		
18013	1	1			0.0	8000.0		
18014	1	1			0.0	8000.0		
18015	1	1			0.0	8000.0		
18016	1	1			0.0	8000.0		
18017	1	1			0.0	8000.0		
18018	1	1			0.0	8000.0		
18019	1	1			0.0	8000.0		
18020	1	1			0.0	8000.0		
18021	1	1			0.0	8000.0		
18022	1	1			0.0	8000.0		
18023	1	1			0.0	8000.0		
18024	1	1			0.0	8000.0		
18025	1	1	4.0	8.0	0.0	8000.0	cluster_2	BO-82Tapyta/BO-82TAPYTA_20250426_204602.wav
18026	1	1			0.0	8000.0		
18027	1	1			0.0	8000.0		
18028	1	1			0.0	8000.0		
18029	1	1			0.0	8000.0		
18030	1	1			0.0	8000.0		
18031	1	1	32.0	36.0	0.0	8000.0	cluster_2	BO-82Tapyta/BO-82TAPYTA_20250424_233502.wav
18032	1	1	4.0	8.0	0.0	8000.0	cluster_2	BO-82Tapyta/BO-82TAPYTA_20250419_231302.wav
18033	1	1			0.0	8000.0		
18034	1	1			0.0	8000.0		
18035	1	1			0.0	8000.0		
18036	1	1			0.0	8000.0		
18037	1	1	24.0	28.0	0.0	8000.0	cluster_2	BO-82Tapyta/BO-82TAPYTA_20250414_205502.wav
18038	1	1	20.0	24.0	0.0	8000.0	cluster_2	BO-82Tapyta/BO-82TAPYTA_20250417_001702.wav
18039	1	1			0.0	8000.0		
18040	1	1			0.0	8000.0		
18041	1	1	42.0	46.0	0.0	8000.0	cluster_2	BO-82Tapyta/BO-82TAPYTA_20250414_202102.wav
18042	1	1			0.0	8000.0		
18043	1	1	4.0	8.0	0.0	8000.0	cluster_2	BO-82Tapyta/BO-82TAPYTA_20250418_053402.wav
18044	1	1			0.0	8000.0		
18045	1	1			0.0	8000.0		
18046	1	1			0.0	8000.0		
18047	1	1			0.0	8000.0		
18048	1	1	6.0	10.0	0.0	8000.0	cluster_2	BO-82Tapyta/BO-82TAPYTA_20250415_230802.wav
18049	1	1			0.0	8000.0		
18050	1	1			0.0	8000.0		
18051	1	1			0.0	8000.0		
18052	1	1			0.0	8000.0		
18053	1	1			0.0	8000.0		
18054	1	1	20.0	24.0	0.0	8000.0	cluster_2	BO-82Tapyta/BO-82TAPYTA_20250426_223302.wav
18055	1	1	2.0	6.0	0.0	8000.0	cluster_2	BO-82Tapyta/BO-82TAPYTA_20250416_232802.wav
18056	1	1	22.0	26.0	0.0	8000.0	cluster_2	BO-82Tapyta/BO-82TAPYTA_20250412_032902.wav
18057	1	1			0.0	8000.0		
18058	1	1	20.0	24.0	0.0	8000.0	cluster_2	BO-82Tapyta/BO-82TAPYTA_20250415_233102.wav
18059	1	1			0.0	8000.0		
18060	1	1	50.0	54.0	0.0	8000.0	cluster_2	BO-82Tapyta/BO-82TAPYTA_20250412_035802.wav
18061	1	1			0.0	8000.0		
18062	1	1			0.0	8000.0		
18063	1	1	52.0	56.0	0.0	8000.0	cluster_2	BO-82Tapyta/BO-82TAPYTA_20250418_025902.wav
18064	1	1			0.0	8000.0		
18065	1	1	34.0	38.0	0.0	8000.0	cluster_2	BO-82Tapyta/BO-82TAPYTA_20250424_221802.wav
18066	1	1			0.0	8000.0		
18067	1	1			0.0	8000.0		
18068	1	1	36.0	40.0	0.0	8000.0	cluster_2	BO-82Tapyta/BO-82TAPYTA_20250416_022602.wav
18069	1	1	46.0	50.0	0.0	8000.0	cluster_2	BO-82Tapyta/BO-82TAPYTA_20250417_235102.wav
18070	1	1			0.0	8000.0		
18071	1	1	16.0	20.0	0.0	8000.0	cluster_2	BO-82Tapyta/BO-82TAPYTA_20250415_054902.wav
18072	1	1			0.0	8000.0		
18073	1	1			0.0	8000.0		
18074	1	1			0.0	8000.0		
18075	1	1	4.0	8.0	0.0	8000.0	cluster_2	BO-82Tapyta/BO-82TAPYTA_20250425_013702.wav
18076	1	1			0.0	8000.0		
18077	1	1			0.0	8000.0		
18078	1	1			0.0	8000.0		
18079	1	1			0.0	8000.0		
18080	1	1			0.0	8000.0		
18081	1	1			0.0	8000.0		
18082	1	1			0.0	8000.0		
18083	1	1			0.0	8000.0		
18084	1	1			0.0	8000.0		
18085	1	1	36.0	40.0	0.0	8000.0	cluster_2	BO-82Tapyta/BO-82TAPYTA_20250502_223602.wav
18086	1	1			0.0	8000.0		
18087	1	1			0.0	8000.0		
18088	1	1	6.0	10.0	0.0	8000.0	cluster_2	BO-82Tapyta/BO-82TAPYTA_20250427_200702.wav
18089	1	1			0.0	8000.0		
18090	1	1	14.0	18.0	0.0	8000.0	cluster_2	BO-82Tapyta/BO-82TAPYTA_20250417_003402.wav
18091	1	1			0.0	8000.0		
18092	1	1			0.0	8000.0		
18093	1	1			0.0	8000.0		
18094	1	1			0.0	8000.0		
18095	1	1			0.0	8000.0		
18096	1	1	48.0	52.0	0.0	8000.0	cluster_2	BO-82Tapyta/BO-82TAPYTA_20250418_015402.wav
18097	1	1			0.0	8000.0		
18098	1	1			0.0	8000.0		
18099	1	1	2.0	6.0	0.0	8000.0	cluster_2	BO-82Tapyta/BO-82TAPYTA_20250417_000002.wav
18100	1	1			0.0	8000.0		
18101	1	1			0.0	8000.0		
18102	1	1			0.0	8000.0		
18103	1	1			0.0	8000.0		
18104	1	1			0.0	8000.0		
18105	1	1	26.0	30.0	0.0	8000.0	cluster_2	BO-81Tapyta/BO-81TAPYTA_20250414_204802.wav
18106	1	1			0.0	8000.0		
18107	1	1			0.0	8000.0		
18108	1	1	4.0	8.0	0.0	8000.0	cluster_2	BO-82Tapyta/BO-82TAPYTA_20250426_035702.wav
18109	1	1			0.0	8000.0		
18110	1	1			0.0	8000.0		
18111	1	1			0.0	8000.0		
18112	1	1			0.0	8000.0		
18113	1	1	8.0	12.0	0.0	8000.0	cluster_2	BO-82Tapyta/BO-82TAPYTA_20250424_202802.wav
18114	1	1	26.0	30.0	0.0	8000.0	cluster_2	BO-82Tapyta/BO-82TAPYTA_20250416_023902.wav
18115	1	1			0.0	8000.0		
18116	1	1			0.0	8000.0		
18117	1	1			0.0	8000.0		
18118	1	1	50.0	54.0	0.0	8000.0	cluster_2	BO-82Tapyta/BO-82TAPYTA_20250413_200902.wav
18119	1	1			0.0	8000.0		
18120	1	1			0.0	8000.0		
18121	1	1			0.0	8000.0		
18122	1	1			0.0	8000.0		
18123	1	1			0.0	8000.0		
18124	1	1			0.0	8000.0		
18125	1	1			0.0	8000.0		
18126	1	1			0.0	8000.0		
18127	1	1			0.0	8000.0		
18128	1	1			0.0	8000.0		
18129	1	1	10.0	14.0	0.0	8000.0	cluster_2	BO-82Tapyta/BO-82TAPYTA_20250414_215302.wav
18130	1	1			0.0	8000.0		
18131	1	1	44.0	48.0	0.0	8000.0	cluster_2	BO-82Tapyta/BO-82TAPYTA_20250425_235202.wav
18132	1	1			0.0	8000.0		
18133	1	1			0.0	8000.0		
18134	1	1			0.0	8000.0		
18135	1	1			0.0	8000.0		
18136	1	1			0.0	8000.0		
18137	1	1			0.0	8000.0		
18138	1	1			0.0	8000.0		
18139	1	1	40.0	44.0	0.0	8000.0	cluster_2	BO-81Tapyta/BO-81TAPYTA_20250416_041802.wav
18140	1	1			0.0	8000.0		
18141	1	1			0.0	8000.0		
18142	1	1	0.0	4.0	0.0	8000.0	cluster_2	BO-82Tapyta/BO-82TAPYTA_20250416_210102.wav
18143	1	1	48.0	52.0	0.0	8000.0	cluster_2	BO-82Tapyta/BO-82TAPYTA_20250424_205302.wav
18144	1	1			0.0	8000.0		
18145	1	1			0.0	8000.0		
18146	1	1			0.0	8000.0		
18147	1	1			0.0	8000.0		
18148	1	1			0.0	8000.0		
18149	1	1			0.0	8000.0		
18150	1	1			0.0	8000.0		
18151	1	1			0.0	8000.0		
18152	1	1			0.0	8000.0		
18153	1	1			0.0	8000.0		
18154	1	1	12.0	16.0	0.0	8000.0	cluster_2	BO-82Tapyta/BO-82TAPYTA_20250412_045002.wav
18155	1	1			0.0	8000.0		
18156	1	1	46.0	50.0	0.0	8000.0	cluster_2	BO-82Tapyta/BO-82TAPYTA_20250417_042802.wav
18157	1	1	12.0	16.0	0.0	8000.0	cluster_2	BO-82Tapyta/BO-82TAPYTA_20250417_042902.wav
18158	1	1	20.0	24.0	0.0	8000.0	cluster_2	BO-82Tapyta/BO-82TAPYTA_20250424_211102.wav
18159	1	1	6.0	10.0	0.0	8000.0	cluster_2	BO-82Tapyta/BO-82TAPYTA_20250427_002802.wav
18160	1	1			0.0	8000.0		
18161	1	1	4.0	8.0	0.0	8000.0	cluster_2	BO-81Tapyta/BO-81TAPYTA_20250416_015702.wav
18162	1	1			0.0	8000.0		
18163	1	1			0.0	8000.0		
18164	1	1			0.0	8000.0		
18165	1	1			0.0	8000.0		
18166	1	1			0.0	8000.0		
18167	1	1			0.0	8000.0		
18168	1	1			0.0	8000.0		
18169	1	1	32.0	36.0	0.0	8000.0	cluster_2	BO-81Tapyta/BO-81TAPYTA_20250412_012402.wav
18170	1	1			0.0	8000.0		
18171	1	1	0.0	4.0	0.0	8000.0	cluster_2	BO-82Tapyta/BO-82TAPYTA_20250427_034802.wav
18172	1	1			0.0	8000.0		
18173	1	1			0.0	8000.0		
18174	1	1			0.0	8000.0		
18175	1	1	18.0	22.0	0.0	8000.0	cluster_2	BO-82Tapyta/BO-82TAPYTA_20250425_024702.wav
18176	1	1			0.0	8000.0		
18177	1	1			0.0	8000.0		
18178	1	1			0.0	8000.0		
18179	1	1			0.0	8000.0		
18180	1	1	2.0	6.0	0.0	8000.0	cluster_2	BO-82Tapyta/BO-82TAPYTA_20250427_050102.wav
18181	1	1			0.0	8000.0		
18182	1	1			0.0	8000.0		
18183	1	1			0.0	8000.0		
18184	1	1	18.0	22.0	0.0	8000.0	cluster_2	BO-82Tapyta/BO-82TAPYTA_20250417_201702.wav
18185	1	1			0.0	8000.0		
18186	1	1			0.0	8000.0		
18187	1	1			0.0	8000.0		
18188	1	1	48.0	52.0	0.0	8000.0	cluster_2	BO-82Tapyta/BO-82TAPYTA_20250427_194102.wav
18189	1	1			0.0	8000.0		
18190	1	1			0.0	8000.0		
18191	1	1			0.0	8000.0		
18192	1	1			0.0	8000.0		
18193	1	1			0.0	8000.0		
18194	1	1			0.0	8000.0		
18195	1	1			0.0	8000.0		
18196	1	1			0.0	8000.0		
18197	1	1			0.0	8000.0		
18198	1	1			0.0	8000.0		
18199	1	1	22.0	26.0	0.0	8000.0	cluster_2	BO-82Tapyta/BO-82TAPYTA_20250414_212202.wav
18200	1	1			0.0	8000.0		
18201	1	1			0.0	8000.0		
18202	1	1	2.0	6.0	0.0	8000.0	cluster_2	BO-82Tapyta/BO-82TAPYTA_20250424_205702.wav
18203	1	1			0.0	8000.0		
18204	1	1			0.0	8000.0		
18205	1	1			0.0	8000.0		
18206	1	1	38.0	42.0	0.0	8000.0	cluster_2	BO-82Tapyta/BO-82TAPYTA_20250417_052302.wav
18207	1	1			0.0	8000.0		
18208	1	1			0.0	8000.0		
18209	1	1			0.0	8000.0		
18210	1	1			0.0	8000.0		
18211	1	1			0.0	8000.0		
18212	1	1			0.0	8000.0		
18213	1	1			0.0	8000.0		
18214	1	1			0.0	8000.0		
18215	1	1	48.0	52.0	0.0	8000.0	cluster_2	BO-81Tapyta/BO-81TAPYTA_20250412_003702.wav
18216	1	1			0.0	8000.0		
18217	1	1			0.0	8000.0		
18218	1	1			0.0	8000.0		
18219	1	1			0.0	8000.0		
18220	1	1	16.0	20.0	0.0	8000.0	cluster_2	BO-82Tapyta/BO-82TAPYTA_20250412_034802.wav
18221	1	1			0.0	8000.0		
18222	1	1			0.0	8000.0		
18223	1	1			0.0	8000.0		
18224	1	1	30.0	34.0	0.0	8000.0	cluster_2	BO-82Tapyta/BO-82TAPYTA_20250416_220202.wav
18225	1	1			0.0	8000.0		
18226	1	1			0.0	8000.0		
18227	1	1			0.0	8000.0		
18228	1	1	28.0	32.0	0.0	8000.0	cluster_2	BO-82Tapyta/BO-82TAPYTA_20250414_212302.wav
18229	1	1			0.0	8000.0		
18230	1	1			0.0	8000.0		
18231	1	1			0.0	8000.0		
18232	1	1	16.0	20.0	0.0	8000.0	cluster_2	BO-82Tapyta/BO-82TAPYTA_20250426_192802.wav
18233	1	1			0.0	8000.0		
18234	1	1			0.0	8000.0		
18235	1	1			0.0	8000.0		
18236	1	1			0.0	8000.0		
18237	1	1	52.0	56.0	0.0	8000.0	cluster_2	BO-82Tapyta/BO-82TAPYTA_20250427_042202.wav
18238	1	1			0.0	8000.0		
18239	1	1	38.0	42.0	0.0	8000.0	cluster_2	BO-82Tapyta/BO-82TAPYTA_20250502_214302.wav
18240	1	1			0.0	8000.0		
18241	1	1	38.0	42.0	0.0	8000.0	cluster_2	BO-82Tapyta/BO-82TAPYTA_20250416_030602.wav
18242	1	1	52.0	56.0	0.0	8000.0	cluster_2	BO-82Tapyta/BO-82TAPYTA_20250426_000802.wav
18243	1	1			0.0	8000.0		
18244	1	1			0.0	8000.0		
18245	1	1			0.0	8000.0		
18246	1	1			0.0	8000.0		
18247	1	1			0.0	8000.0		
18248	1	1			0.0	8000.0		
18249	1	1			0.0	8000.0		
18250	1	1			0.0	8000.0		
18251	1	1	50.0	54.0	0.0	8000.0	cluster_2	BO-82Tapyta/BO-82TAPYTA_20250417_022702.wav
18252	1	1			0.0	8000.0		
18253	1	1			0.0	8000.0		
18254	1	1			0.0	8000.0		
18255	1	1			0.0	8000.0		
18256	1	1			0.0	8000.0		
18257	1	1			0.0	8000.0		
18258	1	1			0.0	8000.0		
18259	1	1			0.0	8000.0		
18260	1	1			0.0	8000.0		
18261	1	1	0.0	4.0	0.0	8000.0	cluster_2	BO-81Tapyta/BO-81TAPYTA_20250415_213902.wav
18262	1	1			0.0	8000.0		
18263	1	1			0.0	8000.0		
18264	1	1			0.0	8000.0		
18265	1	1			0.0	8000.0		
18266	1	1			0.0	8000.0		
18267	1	1			0.0	8000.0		
18268	1	1	14.0	18.0	0.0	8000.0	cluster_2	BO-82Tapyta/BO-82TAPYTA_20250417_204302.wav
18269	1	1			0.0	8000.0		
18270	1	1			0.0	8000.0		
18271	1	1	50.0	54.0	0.0	8000.0	cluster_2	BO-82Tapyta/BO-82TAPYTA_20250412_010202.wav
18272	1	1			0.0	8000.0		
18273	1	1			0.0	8000.0		
18274	1	1			0.0	8000.0		
18275	1	1			0.0	8000.0		
18276	1	1			0.0	8000.0		
18277	1	1			0.0	8000.0		
18278	1	1			0.0	8000.0		
18279	1	1			0.0	8000.0		
18280	1	1	44.0	48.0	0.0	8000.0	cluster_2	BO-82Tapyta/BO-82TAPYTA_20250427_195602.wav
18281	1	1			0.0	8000.0		
18282	1	1			0.0	8000.0		
18283	1	1			0.0	8000.0		
18284	1	1			0.0	8000.0		
18285	1	1			0.0	8000.0		
18286	1	1	32.0	36.0	0.0	8000.0	cluster_2	BO-82Tapyta/BO-82TAPYTA_20250424_220102.wav
18287	1	1			0.0	8000.0		
18288	1	1			0.0	8000.0		
18289	1	1	30.0	34.0	0.0	8000.0	cluster_2	BO-81Tapyta/BO-81TAPYTA_20250416_035102.wav
18290	1	1			0.0	8000.0		
18291	1	1			0.0	8000.0		
18292	1	1			0.0	8000.0		
18293	1	1	40.0	44.0	0.0	8000.0	cluster_2	BO-82Tapyta/BO-82TAPYTA_20250417_194902.wav
18294	1	1			0.0	8000.0		
18295	1	1			0.0	8000.0		
18296	1	1			0.0	8000.0		
18297	1	1			0.0	8000.0		
18298	1	1	46.0	50.0	0.0	8000.0	cluster_2	BO-82Tapyta/BO-82TAPYTA_20250427_051602.wav
18299	1	1			0.0	8000.0		
18300	1	1			0.0	8000.0		
18301	1	1			0.0	8000.0		
18302	1	1			0.0	8000.0		
18303	1	1			0.0	8000.0		
18304	1	1			0.0	8000.0		
18305	1	1			0.0	8000.0		
18306	1	1			0.0	8000.0		
18307	1	1	40.0	44.0	0.0	8000.0	cluster_2	BO-81Tapyta/BO-81TAPYTA_20250416_044202.wav
18308	1	1			0.0	8000.0		
18309	1	1			0.0	8000.0		
18310	1	1			0.0	8000.0		
18311	1	1	42.0	46.0	0.0	8000.0	cluster_2	BO-81Tapyta/BO-81TAPYTA_20250416_012502.wav
18312	1	1			0.0	8000.0		
18313	1	1			0.0	8000.0		
18314	1	1			0.0	8000.0		
18315	1	1	30.0	34.0	0.0	8000.0	cluster_2	BO-82Tapyta/BO-82TAPYTA_20250417_210802.wav
18316	1	1	50.0	54.0	0.0	8000.0	cluster_2	BO-82Tapyta/BO-82TAPYTA_20250413_211202.wav
18317	1	1			0.0	8000.0		
18318	1	1			0.0	8000.0		
18319	1	1			0.0	8000.0		
18320	1	1			0.0	8000.0		
18321	1	1			0.0	8000.0		
18322	1	1			0.0	8000.0		
18323	1	1	8.0	12.0	0.0	8000.0	cluster_2	BO-82Tapyta/BO-82TAPYTA_20250427_033202.wav
18324	1	1			0.0	8000.0		
18325	1	1			0.0	8000.0		
18326	1	1			0.0	8000.0		
18327	1	1			0.0	8000.0		
18328	1	1	14.0	18.0	0.0	8000.0	cluster_2	BO-82Tapyta/BO-82TAPYTA_20250416_034902.wav
18329	1	1	34.0	38.0	0.0	8000.0	cluster_2	BO-81Tapyta/BO-81TAPYTA_20250412_014202.wav
18330	1	1			0.0	8000.0		
18331	1	1			0.0	8000.0		
18332	1	1	52.0	56.0	0.0	8000.0	cluster_2	BO-82Tapyta/BO-82TAPYTA_20250415_233302.wav
18333	1	1	14.0	18.0	0.0	8000.0	cluster_2	BO-81Tapyta/BO-81TAPYTA_20250416_055702.wav
18334	1	1	4.0	8.0	0.0	8000.0	cluster_2	BO-82Tapyta/BO-82TAPYTA_20250411_235702.wav
18335	1	1			0.0	8000.0		
18336	1	1	28.0	32.0	0.0	8000.0	cluster_2	BO-82Tapyta/BO-82TAPYTA_20250427_032602.wav
18337	1	1			0.0	8000.0		
18338	1	1			0.0	8000.0		
18339	1	1	20.0	24.0	0.0	8000.0	cluster_2	BO-82Tapyta/BO-82TAPYTA_20250415_202702.wav
18340	1	1			0.0	8000.0		
18341	1	1			0.0	8000.0		
18342	1	1			0.0	8000.0		
18343	1	1			0.0	8000.0		
18344	1	1			0.0	8000.0		
18345	1	1			0.0	8000.0		
18346	1	1	20.0	24.0	0.0	8000.0	cluster_2	BO-82Tapyta/BO-82TAPYTA_20250412_031102.wav
18347	1	1			0.0	8000.0		
18348	1	1			0.0	8000.0		
18349	1	1			0.0	8000.0		
18350	1	1			0.0	8000.0		
18351	1	1			0.0	8000.0		
18352	1	1			0.0	8000.0		
18353	1	1			0.0	8000.0		
18354	1	1			0.0	8000.0		
18355	1	1			0.0	8000.0		
18356	1	1			0.0	8000.0		
18357	1	1			0.0	8000.0		
18358	1	1			0.0	8000.0		
18359	1	1			0.0	8000.0		
18360	1	1	4.0	8.0	0.0	8000.0	cluster_2	BO-82Tapyta/BO-82TAPYTA_20250427_033302.wav
18361	1	1	46.0	50.0	0.0	8000.0	cluster_2	BO-82Tapyta/BO-82TAPYTA_20250425_211902.wav
18362	1	1			0.0	8000.0		
18363	1	1			0.0	8000.0		
18364	1	1	16.0	20.0	0.0	8000.0	cluster_2	BO-82Tapyta/BO-82TAPYTA_20250427_030502.wav
18365	1	1	46.0	50.0	0.0	8000.0	cluster_2	BO-82Tapyta/BO-82TAPYTA_20250502_221802.wav
18366	1	1	0.0	4.0	0.0	8000.0	cluster_2	BO-82Tapyta/BO-82TAPYTA_20250411_204702.wav
18367	1	1			0.0	8000.0		
18368	1	1	50.0	54.0	0.0	8000.0	cluster_2	BO-82Tapyta/BO-82TAPYTA_20250424_222202.wav
18369	1	1	50.0	54.0	0.0	8000.0	cluster_2	BO-82Tapyta/BO-82TAPYTA_20250425_005602.wav
18370	1	1			0.0	8000.0		
18371	1	1			0.0	8000.0		
18372	1	1			0.0	8000.0		
18373	1	1			0.0	8000.0		
18374	1	1			0.0	8000.0		
18375	1	1	32.0	36.0	0.0	8000.0	cluster_2	BO-82Tapyta/BO-82TAPYTA_20250414_191402.wav
18376	1	1			0.0	8000.0		
18377	1	1			0.0	8000.0		
18378	1	1	24.0	28.0	0.0	8000.0	cluster_2	BO-82Tapyta/BO-82TAPYTA_20250413_221602.wav
18379	1	1	10.0	14.0	0.0	8000.0	cluster_2	BO-82Tapyta/BO-82TAPYTA_20250414_202002.wav
18380	1	1	48.0	52.0	0.0	8000.0	cluster_2	BO-82Tapyta/BO-82TAPYTA_20250415_193002.wav
18381	1	1			0.0	8000.0		
18382	1	1			0.0	8000.0		
18383	1	1			0.0	8000.0		
18384	1	1			0.0	8000.0		
18385	1	1	48.0	52.0	0.0	8000.0	cluster_2	BO-82Tapyta/BO-82TAPYTA_20250417_042102.wav
18386	1	1	44.0	48.0	0.0	8000.0	cluster_2	BO-82Tapyta/BO-82TAPYTA_20250416_024502.wav
18387	1	1			0.0	8000.0		
18388	1	1	8.0	12.0	0.0	8000.0	cluster_2	BO-81Tapyta/BO-81TAPYTA_20250416_011102.wav
18389	1	1			0.0	8000.0		
18390	1	1			0.0	8000.0		
18391	1	1			0.0	8000.0		
18392	1	1	30.0	34.0	0.0	8000.0	cluster_2	BO-82Tapyta/BO-82TAPYTA_20250415_222902.wav
18393	1	1			0.0	8000.0		
18394	1	1			0.0	8000.0		
18395	1	1			0.0	8000.0		
18396	1	1			0.0	8000.0		
18397	1	1			0.0	8000.0		
18398	1	1	0.0	4.0	0.0	8000.0	cluster_2	BO-82Tapyta/BO-82TAPYTA_20250426_024102.wav
18399	1	1			0.0	8000.0		
18400	1	1	12.0	16.0	0.0	8000.0	cluster_2	BO-82Tapyta/BO-82TAPYTA_20250413_203402.wav
18401	1	1			0.0	8000.0		
18402	1	1			0.0	8000.0		
18403	1	1	26.0	30.0	0.0	8000.0	cluster_2	BO-82Tapyta/BO-82TAPYTA_20250424_193602.wav
18404	1	1			0.0	8000.0		
18405	1	1			0.0	8000.0		
18406	1	1			0.0	8000.0		
18407	1	1			0.0	8000.0		
18408	1	1	20.0	24.0	0.0	8000.0	cluster_2	BO-81Tapyta/BO-81TAPYTA_20250415_234402.wav
18409	1	1	26.0	30.0	0.0	8000.0	cluster_2	BO-82Tapyta/BO-82TAPYTA_20250427_011902.wav
18410	1	1			0.0	8000.0		
18411	1	1			0.0	8000.0		
18412	1	1			0.0	8000.0		
18413	1	1	0.0	4.0	0.0	8000.0	cluster_2	BO-81Tapyta/BO-81TAPYTA_20250412_013102.wav
18414	1	1	50.0	54.0	0.0	8000.0	cluster_2	BO-82Tapyta/BO-82TAPYTA_20250418_022702.wav
18415	1	1	42.0	46.0	0.0	8000.0	cluster_2	BO-82Tapyta/BO-82TAPYTA_20250425_215602.wav
18416	1	1			0.0	8000.0		
18417	1	1	34.0	38.0	0.0	8000.0	cluster_2	BO-81Tapyta/BO-81TAPYTA_20250412_012802.wav
18418	1	1			0.0	8000.0		
18419	1	1			0.0	8000.0		
18420	1	1			0.0	8000.0		
18421	1	1			0.0	8000.0		
18422	1	1			0.0	8000.0		
18423	1	1			0.0	8000.0		
18424	1	1			0.0	8000.0		
18425	1	1	10.0	14.0	0.0	8000.0	cluster_2	BO-82Tapyta/BO-82TAPYTA_20250414_194902.wav
18426	1	1			0.0	8000.0		
18427	1	1	30.0	34.0	0.0	8000.0	cluster_2	BO-82Tapyta/BO-82TAPYTA_20250417_231902.wav
18428	1	1			0.0	8000.0		
18429	1	1	48.0	52.0	0.0	8000.0	cluster_2	BO-82Tapyta/BO-82TAPYTA_20250413_212602.wav
18430	1	1	40.0	44.0	0.0	8000.0	cluster_2	BO-82Tapyta/BO-82TAPYTA_20250427_044802.wav
18431	1	1	42.0	46.0	0.0	8000.0	cluster_2	BO-82Tapyta/BO-82TAPYTA_20250416_195602.wav
18432	1	1			0.0	8000.0		
18433	1	1	34.0	38.0	0.0	8000.0	cluster_2	BO-81Tapyta/BO-81TAPYTA_20250416_034702.wav
18434	1	1			0.0	8000.0		
18435	1	1			0.0	8000.0		
18436	1	1			0.0	8000.0		
18437	1	1			0.0	8000.0		
18438	1	1			0.0	8000.0		
18439	1	1			0.0	8000.0		
18440	1	1	4.0	8.0	0.0	8000.0	cluster_2	BO-82Tapyta/BO-82TAPYTA_20250413_213102.wav
18441	1	1			0.0	8000.0		
18442	1	1	28.0	32.0	0.0	8000.0	cluster_2	BO-81Tapyta/BO-81TAPYTA_20250414_201902.wav
18443	1	1			0.0	8000.0		
18444	1	1	22.0	26.0	0.0	8000.0	cluster_2	BO-82Tapyta/BO-82TAPYTA_20250417_023502.wav
18445	1	1	18.0	22.0	0.0	8000.0	cluster_2	BO-82Tapyta/BO-82TAPYTA_20250415_200402.wav
18446	1	1			0.0	8000.0		
18447	1	1			0.0	8000.0		
18448	1	1			0.0	8000.0		
18449	1	1			0.0	8000.0		
18450	1	1	46.0	50.0	0.0	8000.0	cluster_2	BO-82Tapyta/BO-82TAPYTA_20250426_200202.wav
18451	1	1			0.0	8000.0		
18452	1	1			0.0	8000.0		
18453	1	1			0.0	8000.0		
18454	1	1			0.0	8000.0		
18455	1	1	30.0	34.0	0.0	8000.0	cluster_2	BO-82Tapyta/BO-82TAPYTA_20250417_023202.wav
18456	1	1			0.0	8000.0		
18457	1	1			0.0	8000.0		
18458	1	1			0.0	8000.0		
18459	1	1			0.0	8000.0		
18460	1	1			0.0	8000.0		
18461	1	1			0.0	8000.0		
18462	1	1			0.0	8000.0		
18463	1	1			0.0	8000.0		
18464	1	1			0.0	8000.0		
18465	1	1	46.0	50.0	0.0	8000.0	cluster_2	BO-82Tapyta/BO-82TAPYTA_20250426_232702.wav
18466	1	1			0.0	8000.0		
18467	1	1			0.0	8000.0		
18468	1	1	32.0	36.0	0.0	8000.0	cluster_2	BO-82Tapyta/BO-82TAPYTA_20250418_012802.wav
18469	1	1			0.0	8000.0		
18470	1	1			0.0	8000.0		
18471	1	1	38.0	42.0	0.0	8000.0	cluster_2	BO-82Tapyta/BO-82TAPYTA_20250427_024202.wav
18472	1	1	2.0	6.0	0.0	8000.0	cluster_2	BO-82Tapyta/BO-82TAPYTA_20250416_200502.wav
18473	1	1			0.0	8000.0		
18474	1	1			0.0	8000.0		
18475	1	1			0.0	8000.0		
18476	1	1			0.0	8000.0		
18477	1	1	40.0	44.0	0.0	8000.0	cluster_2	BO-81Tapyta/BO-81TAPYTA_20250414_211502.wav
18478	1	1	48.0	52.0	0.0	8000.0	cluster_2	BO-82Tapyta/BO-82TAPYTA_20250426_200102.wav
18479	1	1			0.0	8000.0		
18480	1	1	20.0	24.0	0.0	8000.0	cluster_2	BO-82Tapyta/BO-82TAPYTA_20250412_034602.wav
18481	1	1			0.0	8000.0		
18482	1	1			0.0	8000.0		
18483	1	1	10.0	14.0	0.0	8000.0	cluster_2	BO-82Tapyta/BO-82TAPYTA_20250502_233902.wav
18484	1	1			0.0	8000.0		
18485	1	1			0.0	8000.0		
18486	1	1			0.0	8000.0		
18487	1	1	12.0	16.0	0.0	8000.0	cluster_2	BO-82Tapyta/BO-82TAPYTA_20250427_042102.wav
18488	1	1			0.0	8000.0		
18489	1	1			0.0	8000.0		
18490	1	1			0.0	8000.0		
18491	1	1	0.0	4.0	0.0	8000.0	cluster_2	BO-82Tapyta/BO-82TAPYTA_20250427_001102.wav
18492	1	1			0.0	8000.0		
18493	1	1			0.0	8000.0		
18494	1	1	32.0	36.0	0.0	8000.0	cluster_2	BO-82Tapyta/BO-82TAPYTA_20250427_015102.wav
18495	1	1			0.0	8000.0		
18496	1	1			0.0	8000.0		
18497	1	1			0.0	8000.0		
18498	1	1			0.0	8000.0		
18499	1	1			0.0	8000.0		
18500	1	1			0.0	8000.0		
18501	1	1			0.0	8000.0		
18502	1	1	42.0	46.0	0.0	8000.0	cluster_2	BO-82Tapyta/BO-82TAPYTA_20250414_204802.wav
18503	1	1			0.0	8000.0		
18504	1	1			0.0	8000.0		
18505	1	1			0.0	8000.0		
18506	1	1	40.0	44.0	0.0	8000.0	cluster_2	BO-82Tapyta/BO-82TAPYTA_20250416_215702.wav
18507	1	1	2.0	6.0	0.0	8000.0	cluster_2	BO-82Tapyta/BO-82TAPYTA_20250412_042602.wav
18508	1	1	32.0	36.0	0.0	8000.0	cluster_2	BO-81Tapyta/BO-81TAPYTA_20250411_232802.wav
18509	1	1			0.0	8000.0		
18510	1	1			0.0	8000.0		
18511	1	1			0.0	8000.0		
18512	1	1			0.0	8000.0		
18513	1	1	28.0	32.0	0.0	8000.0	cluster_2	BO-82Tapyta/BO-82TAPYTA_20250426_222902.wav
18514	1	1			0.0	8000.0		
18515	1	1			0.0	8000.0		
18516	1	1			0.0	8000.0		
18517	1	1	18.0	22.0	0.0	8000.0	cluster_2	BO-82Tapyta/BO-82TAPYTA_20250426_214402.wav
18518	1	1			0.0	8000.0		
18519	1	1	38.0	42.0	0.0	8000.0	cluster_2	BO-81Tapyta/BO-81TAPYTA_20250411_202402.wav
18520	1	1			0.0	8000.0		
18521	1	1			0.0	8000.0		
18522	1	1	0.0	4.0	0.0	8000.0	cluster_2	BO-81Tapyta/BO-81TAPYTA_20250411_224802.wav
18523	1	1	50.0	54.0	0.0	8000.0	cluster_2	BO-82Tapyta/BO-82TAPYTA_20250411_234702.wav
18524	1	1			0.0	8000.0		
18525	1	1	44.0	48.0	0.0	8000.0	cluster_2	BO-82Tapyta/BO-82TAPYTA_20250427_233302.wav
18526	1	1			0.0	8000.0		
18527	1	1			0.0	8000.0		
18528	1	1			0.0	8000.0		
18529	1	1			0.0	8000.0		
18530	1	1			0.0	8000.0		
18531	1	1			0.0	8000.0		
18532	1	1			0.0	8000.0		
18533	1	1			0.0	8000.0		
18534	1	1			0.0	8000.0		
18535	1	1			0.0	8000.0		
18536	1	1	10.0	14.0	0.0	8000.0	cluster_2	BO-82Tapyta/BO-82TAPYTA_20250418_012002.wav
18537	1	1			0.0	8000.0		
18538	1	1			0.0	8000.0		
18539	1	1			0.0	8000.0		
18540	1	1			0.0	8000.0		
18541	1	1			0.0	8000.0		
18542	1	1			0.0	8000.0		
18543	1	1			0.0	8000.0		
18544	1	1			0.0	8000.0		
18545	1	1			0.0	8000.0		
18546	1	1			0.0	8000.0		
18547	1	1			0.0	8000.0		
18548	1	1			0.0	8000.0		
18549	1	1	34.0	38.0	0.0	8000.0	cluster_2	BO-81Tapyta/BO-81TAPYTA_20250412_031202.wav
18550	1	1			0.0	8000.0		
18551	1	1			0.0	8000.0		
18552	1	1			0.0	8000.0		
18553	1	1			0.0	8000.0		
18554	1	1			0.0	8000.0		
18555	1	1			0.0	8000.0		
18556	1	1			0.0	8000.0		
18557	1	1			0.0	8000.0		
18558	1	1			0.0	8000.0		
18559	1	1			0.0	8000.0		
18560	1	1			0.0	8000.0		
18561	1	1	14.0	18.0	0.0	8000.0	cluster_2	BO-82Tapyta/BO-82TAPYTA_20250417_055702.wav
18562	1	1			0.0	8000.0		
18563	1	1			0.0	8000.0		
18564	1	1			0.0	8000.0		
18565	1	1			0.0	8000.0		
18566	1	1			0.0	8000.0		
18567	1	1			0.0	8000.0		
18568	1	1			0.0	8000.0		
18569	1	1	46.0	50.0	0.0	8000.0	cluster_2	BO-82Tapyta/BO-82TAPYTA_20250412_011702.wav
18570	1	1	42.0	46.0	0.0	8000.0	cluster_2	BO-82Tapyta/BO-82TAPYTA_20250412_042002.wav
18571	1	1			0.0	8000.0		
18572	1	1			0.0	8000.0		
18573	1	1			0.0	8000.0		
18574	1	1			0.0	8000.0		
18575	1	1	52.0	56.0	0.0	8000.0	cluster_2	BO-81Tapyta/BO-81TAPYTA_20250415_204202.wav
18576	1	1			0.0	8000.0		
18577	1	1			0.0	8000.0		
18578	1	1			0.0	8000.0		
18579	1	1	18.0	22.0	0.0	8000.0	cluster_2	BO-82Tapyta/BO-82TAPYTA_20250502_203202.wav
18580	1	1			0.0	8000.0		
18581	1	1			0.0	8000.0		
18582	1	1			0.0	8000.0		
18583	1	1	26.0	30.0	0.0	8000.0	cluster_2	BO-81Tapyta/BO-81TAPYTA_20250416_035002.wav
18584	1	1			0.0	8000.0		
18585	1	1			0.0	8000.0		
18586	1	1			0.0	8000.0		
18587	1	1			0.0	8000.0		
18588	1	1	26.0	30.0	0.0	8000.0	cluster_2	BO-82Tapyta/BO-82TAPYTA_20250413_211402.wav
18589	1	1	8.0	12.0	0.0	8000.0	cluster_2	BO-82Tapyta/BO-82TAPYTA_20250411_221402.wav
18590	1	1			0.0	8000.0		
18591	1	1	28.0	32.0	0.0	8000.0	cluster_2	BO-82Tapyta/BO-82TAPYTA_20250418_004602.wav
18592	1	1			0.0	8000.0		
18593	1	1			0.0	8000.0		
18594	1	1			0.0	8000.0		
18595	1	1			0.0	8000.0		
18596	1	1			0.0	8000.0		
18597	1	1			0.0	8000.0		
18598	1	1			0.0	8000.0		
18599	1	1			0.0	8000.0		
18600	1	1			0.0	8000.0		
18601	1	1			0.0	8000.0		
18602	1	1			0.0	8000.0		
18603	1	1			0.0	8000.0		
18604	1	1			0.0	8000.0		
18605	1	1	8.0	12.0	0.0	8000.0	cluster_2	BO-82Tapyta/BO-82TAPYTA_20250412_041202.wav
18606	1	1			0.0	8000.0		
18607	1	1			0.0	8000.0		
18608	1	1			0.0	8000.0		
18609	1	1			0.0	8000.0		
18610	1	1			0.0	8000.0		
18611	1	1	52.0	56.0	0.0	8000.0	cluster_2	BO-82Tapyta/BO-82TAPYTA_20250411_191402.wav
18612	1	1			0.0	8000.0		
18613	1	1			0.0	8000.0		
18614	1	1			0.0	8000.0		
18615	1	1			0.0	8000.0		
18616	1	1			0.0	8000.0		
18617	1	1			0.0	8000.0		
18618	1	1	46.0	50.0	0.0	8000.0	cluster_2	BO-81Tapyta/BO-81TAPYTA_20250415_202402.wav
18619	1	1			0.0	8000.0		
18620	1	1			0.0	8000.0		
18621	1	1	28.0	32.0	0.0	8000.0	cluster_2	BO-82Tapyta/BO-82TAPYTA_20250417_032402.wav
18622	1	1			0.0	8000.0		
18623	1	1			0.0	8000.0		
18624	1	1			0.0	8000.0		
18625	1	1			0.0	8000.0		
18626	1	1	6.0	10.0	0.0	8000.0	cluster_2	BO-82Tapyta/BO-82TAPYTA_20250416_012402.wav
18627	1	1			0.0	8000.0		
18628	1	1			0.0	8000.0		
18629	1	1	6.0	10.0	0.0	8000.0	cluster_2	BO-82Tapyta/BO-82TAPYTA_20250425_195402.wav
18630	1	1			0.0	8000.0		
18631	1	1			0.0	8000.0		
18632	1	1			0.0	8000.0		
18633	1	1	28.0	32.0	0.0	8000.0	cluster_2	BO-82Tapyta/BO-82TAPYTA_20250413_204702.wav
18634	1	1			0.0	8000.0		
18635	1	1			0.0	8000.0		
18636	1	1	2.0	6.0	0.0	8000.0	cluster_2	BO-82Tapyta/BO-82TAPYTA_20250426_231002.wav
18637	1	1	22.0	26.0	0.0	8000.0	cluster_2	BO-81Tapyta/BO-81TAPYTA_20250416_033502.wav
18638	1	1			0.0	8000.0		
18639	1	1	38.0	42.0	0.0	8000.0	cluster_2	BO-82Tapyta/BO-82TAPYTA_20250426_205402.wav
18640	1	1			0.0	8000.0		
18641	1	1			0.0	8000.0		
18642	1	1			0.0	8000.0		
18643	1	1			0.0	8000.0		
18644	1	1			0.0	8000.0		
18645	1	1			0.0	8000.0		
18646	1	1	46.0	50.0	0.0	8000.0	cluster_2	BO-82Tapyta/BO-82TAPYTA_20250416_222202.wav
18647	1	1			0.0	8000.0		
18648	1	1			0.0	8000.0		
18649	1	1	6.0	10.0	0.0	8000.0	cluster_2	BO-82Tapyta/BO-82TAPYTA_20250427_222802.wav
18650	1	1			0.0	8000.0		
18651	1	1	24.0	28.0	0.0	8000.0	cluster_2	BO-82Tapyta/BO-82TAPYTA_20250426_005702.wav
18652	1	1			0.0	8000.0		
18653	1	1			0.0	8000.0		
18654	1	1			0.0	8000.0		
18655	1	1			0.0	8000.0		
18656	1	1			0.0	8000.0		
18657	1	1			0.0	8000.0		
18658	1	1			0.0	8000.0		
18659	1	1			0.0	8000.0		
18660	1	1			0.0	8000.0		
18661	1	1	32.0	36.0	0.0	8000.0	cluster_2	BO-82Tapyta/BO-82TAPYTA_20250414_210802.wav
18662	1	1			0.0	8000.0		
18663	1	1			0.0	8000.0		
18664	1	1			0.0	8000.0		
18665	1	1			0.0	8000.0		
18666	1	1	20.0	24.0	0.0	8000.0	cluster_2	BO-82Tapyta/BO-82TAPYTA_20250426_002602.wav
18667	1	1			0.0	8000.0		
18668	1	1			0.0	8000.0		
18669	1	1	4.0	8.0	0.0	8000.0	cluster_2	BO-82Tapyta/BO-82TAPYTA_20250418_040902.wav
18670	1	1	38.0	42.0	0.0	8000.0	cluster_2	BO-82Tapyta/BO-82TAPYTA_20250425_202902.wav
18671	1	1			0.0	8000.0		
18672	1	1			0.0	8000.0		
18673	1	1			0.0	8000.0		
18674	1	1	18.0	22.0	0.0	8000.0	cluster_2	BO-82Tapyta/BO-82TAPYTA_20250424_005102.wav
18675	1	1			0.0	8000.0		
18676	1	1			0.0	8000.0		
18677	1	1	18.0	22.0	0.0	8000.0	cluster_2	BO-82Tapyta/BO-82TAPYTA_20250417_040502.wav
18678	1	1			0.0	8000.0		
18679	1	1	46.0	50.0	0.0	8000.0	cluster_2	BO-82Tapyta/BO-82TAPYTA_20250426_202202.wav
18680	1	1	34.0	38.0	0.0	8000.0	cluster_2	BO-81Tapyta/BO-81TAPYTA_20250412_030402.wav
18681	1	1			0.0	8000.0		
18682	1	1			0.0	8000.0		
18683	1	1			0.0	8000.0		
18684	1	1			0.0	8000.0		
18685	1	1			0.0	8000.0		
18686	1	1			0.0	8000.0		
18687	1	1			0.0	8000.0		
18688	1	1	42.0	46.0	0.0	8000.0	cluster_2	BO-82Tapyta/BO-82TAPYTA_20250416_023302.wav
18689	1	1	2.0	6.0	0.0	8000.0	cluster_2	BO-82Tapyta/BO-82TAPYTA_20250411_234702.wav
18690	1	1			0.0	8000.0		
18691	1	1			0.0	8000.0		
18692	1	1			0.0	8000.0		
18693	1	1			0.0	8000.0		
18694	1	1			0.0	8000.0		
18695	1	1			0.0	8000.0		
18696	1	1	24.0	28.0	0.0	8000.0	cluster_2	BO-82Tapyta/BO-82TAPYTA_20250427_022002.wav
18697	1	1	16.0	20.0	0.0	8000.0	cluster_2	BO-82Tapyta/BO-82TAPYTA_20250417_193102.wav
18698	1	1	22.0	26.0	0.0	8000.0	cluster_2	BO-82Tapyta/BO-82TAPYTA_20250412_021002.wav
18699	1	1	12.0	16.0	0.0	8000.0	cluster_2	BO-82Tapyta/BO-82TAPYTA_20250427_051802.wav
18700	1	1			0.0	8000.0		
18701	1	1			0.0	8000.0		
18702	1	1			0.0	8000.0		
18703	1	1			0.0	8000.0		
18704	1	1			0.0	8000.0		
18705	1	1			0.0	8000.0		
18706	1	1			0.0	8000.0		
18707	1	1			0.0	8000.0		
18708	1	1	50.0	54.0	0.0	8000.0	cluster_2	BO-82Tapyta/BO-82TAPYTA_20250416_233402.wav
18709	1	1	52.0	56.0	0.0	8000.0	cluster_2	BO-82Tapyta/BO-82TAPYTA_20250426_234802.wav
18710	1	1			0.0	8000.0		
18711	1	1			0.0	8000.0		
18712	1	1	12.0	16.0	0.0	8000.0	cluster_2	BO-82Tapyta/BO-82TAPYTA_20250414_215702.wav
18713	1	1			0.0	8000.0		
18714	1	1			0.0	8000.0		
18715	1	1	4.0	8.0	0.0	8000.0	cluster_2	BO-82Tapyta/BO-82TAPYTA_20250418_004302.wav
18716	1	1	22.0	26.0	0.0	8000.0	cluster_2	BO-82Tapyta/BO-82TAPYTA_20250411_220902.wav
18717	1	1	2.0	6.0	0.0	8000.0	cluster_2	BO-82Tapyta/BO-82TAPYTA_20250424_211302.wav
18718	1	1			0.0	8000.0		
18719	1	1			0.0	8000.0		
18720	1	1			0.0	8000.0		
18721	1	1			0.0	8000.0		
18722	1	1			0.0	8000.0		
18723	1	1			0.0	8000.0		
18724	1	1			0.0	8000.0		
18725	1	1			0.0	8000.0		
18726	1	1			0.0	8000.0		
18727	1	1			0.0	8000.0		
18728	1	1			0.0	8000.0		
18729	1	1			0.0	8000.0		
18730	1	1			0.0	8000.0		
18731	1	1	4.0	8.0	0.0	8000.0	cluster_2	BO-82Tapyta/BO-82TAPYTA_20250418_054002.wav
18732	1	1			0.0	8000.0		
18733	1	1			0.0	8000.0		
18734	1	1			0.0	8000.0		
18735	1	1	50.0	54.0	0.0	8000.0	cluster_2	BO-82Tapyta/BO-82TAPYTA_20250427_055902.wav
18736	1	1	2.0	6.0	0.0	8000.0	cluster_2	BO-82Tapyta/BO-82TAPYTA_20250417_033302.wav
18737	1	1			0.0	8000.0		
18738	1	1	40.0	44.0	0.0	8000.0	cluster_2	BO-82Tapyta/BO-82TAPYTA_20250417_215102.wav
18739	1	1			0.0	8000.0		
18740	1	1			0.0	8000.0		
18741	1	1			0.0	8000.0		
18742	1	1			0.0	8000.0		
18743	1	1			0.0	8000.0		
18744	1	1			0.0	8000.0		
18745	1	1			0.0	8000.0		
18746	1	1			0.0	8000.0		
18747	1	1			0.0	8000.0		
18748	1	1			0.0	8000.0		
18749	1	1	50.0	54.0	0.0	8000.0	cluster_2	BO-82Tapyta/BO-82TAPYTA_20250411_231002.wav
18750	1	1			0.0	8000.0		
18751	1	1	26.0	30.0	0.0	8000.0	cluster_2	BO-82Tapyta/BO-82TAPYTA_20250427_020602.wav
18752	1	1	32.0	36.0	0.0	8000.0	cluster_2	BO-81Tapyta/BO-81TAPYTA_20250416_013302.wav
18753	1	1			0.0	8000.0		
18754	1	1	14.0	18.0	0.0	8000.0	cluster_2	BO-81Tapyta/BO-81TAPYTA_20250416_010902.wav
18755	1	1			0.0	8000.0		
18756	1	1			0.0	8000.0		
18757	1	1	26.0	30.0	0.0	8000.0	cluster_2	BO-82Tapyta/BO-82TAPYTA_20250418_043602.wav
18758	1	1			0.0	8000.0		
18759	1	1			0.0	8000.0		
18760	1	1	20.0	24.0	0.0	8000.0	cluster_2	BO-82Tapyta/BO-82TAPYTA_20250418_040302.wav
18761	1	1			0.0	8000.0		
18762	1	1	14.0	18.0	0.0	8000.0	cluster_2	BO-82Tapyta/BO-82TAPYTA_20250417_214402.wav
18763	1	1	2.0	6.0	0.0	8000.0	cluster_2	BO-82Tapyta/BO-82TAPYTA_20250412_032002.wav
18764	1	1	30.0	34.0	0.0	8000.0	cluster_2	BO-82Tapyta/BO-82TAPYTA_20250414_204302.wav
18765	1	1			0.0	8000.0		
18766	1	1			0.0	8000.0		
18767	1	1			0.0	8000.0		
18768	1	1	42.0	46.0	0.0	8000.0	cluster_2	BO-82Tapyta/BO-82TAPYTA_20250416_013902.wav
18769	1	1			0.0	8000.0		
18770	1	1			0.0	8000.0		
18771	1	1			0.0	8000.0		
18772	1	1	28.0	32.0	0.0	8000.0	cluster_2	BO-81Tapyta/BO-81TAPYTA_20250414_222202.wav
18773	1	1			0.0	8000.0		
18774	1	1			0.0	8000.0		
18775	1	1			0.0	8000.0		
18776	1	1			0.0	8000.0		
18777	1	1			0.0	8000.0		
18778	1	1			0.0	8000.0		
18779	1	1	12.0	16.0	0.0	8000.0	cluster_2	BO-82Tapyta/BO-82TAPYTA_20250426_044402.wav
18780	1	1			0.0	8000.0		
18781	1	1			0.0	8000.0		
18782	1	1			0.0	8000.0		
18783	1	1			0.0	8000.0		
18784	1	1	8.0	12.0	0.0	8000.0	cluster_2	BO-82Tapyta/BO-82TAPYTA_20250427_032602.wav
18785	1	1	4.0	8.0	0.0	8000.0	cluster_2	BO-82Tapyta/BO-82TAPYTA_20250416_192502.wav
18786	1	1			0.0	8000.0		
18787	1	1			0.0	8000.0		
18788	1	1			0.0	8000.0		
18789	1	1			0.0	8000.0		
18790	1	1			0.0	8000.0		
18791	1	1	30.0	34.0	0.0	8000.0	cluster_2	BO-82Tapyta/BO-82TAPYTA_20250426_221202.wav
18792	1	1			0.0	8000.0		
18793	1	1			0.0	8000.0		
18794	1	1			0.0	8000.0		
18795	1	1			0.0	8000.0		
18796	1	1	44.0	48.0	0.0	8000.0	cluster_2	BO-82Tapyta/BO-82TAPYTA_20250427_013002.wav
18797	1	1			0.0	8000.0		
18798	1	1			0.0	8000.0		
18799	1	1	34.0	38.0	0.0	8000.0	cluster_2	BO-82Tapyta/BO-82TAPYTA_20250413_220802.wav
18800	1	1	32.0	36.0	0.0	8000.0	cluster_2	BO-81Tapyta/BO-81TAPYTA_20250415_234802.wav
18801	1	1			0.0	8000.0		
18802	1	1			0.0	8000.0		
18803	1	1			0.0	8000.0		
18804	1	1			0.0	8000.0		
18805	1	1			0.0	8000.0		
18806	1	1	28.0	32.0	0.0	8000.0	cluster_2	BO-82Tapyta/BO-82TAPYTA_20250411_225402.wav
18807	1	1			0.0	8000.0		
18808	1	1			0.0	8000.0		
18809	1	1			0.0	8000.0		
18810	1	1			0.0	8000.0		
18811	1	1			0.0	8000.0		
18812	1	1			0.0	8000.0		
18813	1	1	14.0	18.0	0.0	8000.0	cluster_2	BO-82Tapyta/BO-82TAPYTA_20250426_041002.wav
18814	1	1	26.0	30.0	0.0	8000.0	cluster_2	BO-82Tapyta/BO-82TAPYTA_20250416_012902.wav
18815	1	1			0.0	8000.0		
18816	1	1			0.0	8000.0		
18817	1	1			0.0	8000.0		
18818	1	1			0.0	8000.0		
18819	1	1			0.0	8000.0		
18820	1	1			0.0	8000.0		
18821	1	1	22.0	26.0	0.0	8000.0	cluster_2	BO-82Tapyta/BO-82TAPYTA_20250425_213402.wav
18822	1	1	38.0	42.0	0.0	8000.0	cluster_2	BO-81Tapyta/BO-81TAPYTA_20250412_025702.wav
18823	1	1			0.0	8000.0		
18824	1	1	0.0	4.0	0.0	8000.0	cluster_2	BO-82Tapyta/BO-82TAPYTA_20250416_030702.wav
18825	1	1			0.0	8000.0		
18826	1	1			0.0	8000.0		
18827	1	1			0.0	8000.0		
18828	1	1			0.0	8000.0		
18829	1	1			0.0	8000.0		
18830	1	1	0.0	4.0	0.0	8000.0	cluster_2	BO-82Tapyta/BO-82TAPYTA_20250411_203102.wav
18831	1	1			0.0	8000.0		
18832	1	1			0.0	8000.0		
18833	1	1			0.0	8000.0		
18834	1	1			0.0	8000.0		
18835	1	1			0.0	8000.0		
18836	1	1			0.0	8000.0		
18837	1	1	34.0	38.0	0.0	8000.0	cluster_2	BO-82Tapyta/BO-82TAPYTA_20250416_042802.wav
18838	1	1			0.0	8000.0		
18839	1	1			0.0	8000.0		
18840	1	1			0.0	8000.0		
18841	1	1			0.0	8000.0		
18842	1	1			0.0	8000.0		
18843	1	1	8.0	12.0	0.0	8000.0	cluster_2	BO-82Tapyta/BO-82TAPYTA_20250416_210402.wav
18844	1	1			0.0	8000.0		
18845	1	1			0.0	8000.0		
18846	1	1			0.0	8000.0		
18847	1	1			0.0	8000.0		
18848	1	1	50.0	54.0	0.0	8000.0	cluster_2	BO-81Tapyta/BO-81TAPYTA_20250412_003302.wav
18849	1	1			0.0	8000.0		
18850	1	1			0.0	8000.0		
18851	1	1			0.0	8000.0		
18852	1	1			0.0	8000.0		
18853	1	1	20.0	24.0	0.0	8000.0	cluster_2	BO-82Tapyta/BO-82TAPYTA_20250416_013802.wav
18854	1	1	26.0	30.0	0.0	8000.0	cluster_2	BO-82Tapyta/BO-82TAPYTA_20250424_213102.wav
18855	1	1	32.0	36.0	0.0	8000.0	cluster_2	BO-82Tapyta/BO-82TAPYTA_20250425_204002.wav
18856	1	1			0.0	8000.0		
18857	1	1			0.0	8000.0		
18858	1	1			0.0	8000.0		
18859	1	1	26.0	30.0	0.0	8000.0	cluster_2	BO-82Tapyta/BO-82TAPYTA_20250415_233402.wav
18860	1	1			0.0	8000.0		
18861	1	1	32.0	36.0	0.0	8000.0	cluster_2	BO-82Tapyta/BO-82TAPYTA_20250502_211002.wav
18862	1	1			0.0	8000.0		
18863	1	1			0.0	8000.0		
18864	1	1			0.0	8000.0		
18865	1	1			0.0	8000.0		
18866	1	1			0.0	8000.0		
18867	1	1			0.0	8000.0		
18868	1	1			0.0	8000.0		
18869	1	1			0.0	8000.0		
18870	1	1			0.0	8000.0		
18871	1	1			0.0	8000.0		
18872	1	1	8.0	12.0	0.0	8000.0	cluster_2	BO-82Tapyta/BO-82TAPYTA_20250416_202802.wav
18873	1	1			0.0	8000.0		
18874	1	1			0.0	8000.0		
18875	1	1			0.0	8000.0		
18876	1	1			0.0	8000.0		
18877	1	1			0.0	8000.0		
18878	1	1			0.0	8000.0		
18879	1	1	26.0	30.0	0.0	8000.0	cluster_2	BO-81Tapyta/BO-81TAPYTA_20250413_211902.wav
18880	1	1	18.0	22.0	0.0	8000.0	cluster_2	BO-81Tapyta/BO-81TAPYTA_20250415_200402.wav
18881	1	1			0.0	8000.0		
18882	1	1			0.0	8000.0		
18883	1	1			0.0	8000.0		
18884	1	1	22.0	26.0	0.0	8000.0	cluster_2	BO-82Tapyta/BO-82TAPYTA_20250417_233302.wav
18885	1	1			0.0	8000.0		
18886	1	1			0.0	8000.0		
18887	1	1			0.0	8000.0		
18888	1	1			0.0	8000.0		
18889	1	1			0.0	8000.0		
18890	1	1			0.0	8000.0		
18891	1	1			0.0	8000.0		
18892	1	1			0.0	8000.0		
18893	1	1	18.0	22.0	0.0	8000.0	cluster_2	BO-81Tapyta/BO-81TAPYTA_20250412_031502.wav
18894	1	1			0.0	8000.0		
18895	1	1	26.0	30.0	0.0	8000.0	cluster_2	BO-81Tapyta/BO-81TAPYTA_20250416_021302.wav
18896	1	1	10.0	14.0	0.0	8000.0	cluster_2	BO-82Tapyta/BO-82TAPYTA_20250417_200302.wav
18897	1	1	50.0	54.0	0.0	8000.0	cluster_2	BO-82Tapyta/BO-82TAPYTA_20250415_201502.wav
18898	1	1			0.0	8000.0		
18899	1	1	32.0	36.0	0.0	8000.0	cluster_2	BO-82Tapyta/BO-82TAPYTA_20250426_012402.wav
18900	1	1			0.0	8000.0		
18901	1	1			0.0	8000.0		
18902	1	1	2.0	6.0	0.0	8000.0	cluster_2	BO-81Tapyta/BO-81TAPYTA_20250416_000002.wav
18903	1	1	30.0	34.0	0.0	8000.0	cluster_2	BO-82Tapyta/BO-82TAPYTA_20250415_225702.wav
18904	1	1	50.0	54.0	0.0	8000.0	cluster_2	BO-82Tapyta/BO-82TAPYTA_20250427_024702.wav
18905	1	1			0.0	8000.0		
18906	1	1	46.0	50.0	0.0	8000.0	cluster_2	BO-82Tapyta/BO-82TAPYTA_20250427_230502.wav
18907	1	1			0.0	8000.0		
18908	1	1			0.0	8000.0		
18909	1	1			0.0	8000.0		
18910	1	1			0.0	8000.0		
18911	1	1			0.0	8000.0		
18912	1	1	16.0	20.0	0.0	8000.0	cluster_2	BO-82Tapyta/BO-82TAPYTA_20250418_043802.wav
18913	1	1			0.0	8000.0		
18914	1	1	2.0	6.0	0.0	8000.0	cluster_2	BO-82Tapyta/BO-82TAPYTA_20250417_034002.wav
18915	1	1			0.0	8000.0		
18916	1	1			0.0	8000.0		
18917	1	1	12.0	16.0	0.0	8000.0	cluster_2	BO-82Tapyta/BO-82TAPYTA_20250502_203102.wav
18918	1	1			0.0	8000.0		
18919	1	1			0.0	8000.0		
18920	1	1			0.0	8000.0		
18921	1	1			0.0	8000.0		
18922	1	1			0.0	8000.0		
18923	1	1			0.0	8000.0		
18924	1	1			0.0	8000.0		
18925	1	1			0.0	8000.0		
18926	1	1			0.0	8000.0		
18927	1	1			0.0	8000.0		
18928	1	1			0.0	8000.0		
18929	1	1			0.0	8000.0		
18930	1	1			0.0	8000.0		
18931	1	1			0.0	8000.0		
18932	1	1			0.0	8000.0		
18933	1	1	2.0	6.0	0.0	8000.0	cluster_2	BO-82Tapyta/BO-82TAPYTA_20250416_010002.wav
18934	1	1	42.0	46.0	0.0	8000.0	cluster_2	BO-82Tapyta/BO-82TAPYTA_20250424_210902.wav
18935	1	1			0.0	8000.0		
18936	1	1			0.0	8000.0		
18937	1	1			0.0	8000.0		
18938	1	1	40.0	44.0	0.0	8000.0	cluster_2	BO-82Tapyta/BO-82TAPYTA_20250412_052002.wav
18939	1	1			0.0	8000.0		
18940	1	1			0.0	8000.0		
18941	1	1			0.0	8000.0		
18942	1	1			0.0	8000.0		
18943	1	1	46.0	50.0	0.0	8000.0	cluster_2	BO-82Tapyta/BO-82TAPYTA_20250415_204702.wav
18944	1	1	6.0	10.0	0.0	8000.0	cluster_2	BO-82Tapyta/BO-82TAPYTA_20250417_000402.wav
18945	1	1			0.0	8000.0		
18946	1	1			0.0	8000.0		
18947	1	1			0.0	8000.0		
18948	1	1			0.0	8000.0		
18949	1	1			0.0	8000.0		
18950	1	1			0.0	8000.0		
18951	1	1			0.0	8000.0		
18952	1	1			0.0	8000.0		
18953	1	1			0.0	8000.0		
18954	1	1	46.0	50.0	0.0	8000.0	cluster_2	BO-82Tapyta/BO-82TAPYTA_20250417_232602.wav
18955	1	1			0.0	8000.0		
18956	1	1			0.0	8000.0		
18957	1	1	6.0	10.0	0.0	8000.0	cluster_2	BO-81Tapyta/BO-81TAPYTA_20250416_044602.wav
18958	1	1			0.0	8000.0		
18959	1	1			0.0	8000.0		
18960	1	1			0.0	8000.0		
18961	1	1	12.0	16.0	0.0	8000.0	cluster_2	BO-82Tapyta/BO-82TAPYTA_20250412_022602.wav
18962	1	1			0.0	8000.0		
18963	1	1			0.0	8000.0		
18964	1	1			0.0	8000.0		
18965	1	1			0.0	8000.0		
18966	1	1			0.0	8000.0		
18967	1	1			0.0	8000.0		
18968	1	1			0.0	8000.0		
18969	1	1			0.0	8000.0		
18970	1	1			0.0	8000.0		
18971	1	1	52.0	56.0	0.0	8000.0	cluster_2	BO-82Tapyta/BO-82TAPYTA_20250416_005402.wav
18972	1	1	2.0	6.0	0.0	8000.0	cluster_2	BO-82Tapyta/BO-82TAPYTA_20250425_195702.wav
18973	1	1			0.0	8000.0		
18974	1	1	2.0	6.0	0.0	8000.0	cluster_2	BO-81Tapyta/BO-81TAPYTA_20250416_033202.wav
18975	1	1			0.0	8000.0		
18976	1	1	0.0	4.0	0.0	8000.0	cluster_2	BO-82Tapyta/BO-82TAPYTA_20250426_051102.wav
18977	1	1	16.0	20.0	0.0	8000.0	cluster_2	BO-82Tapyta/BO-82TAPYTA_20250412_022702.wav
18978	1	1			0.0	8000.0		
18979	1	1			0.0	8000.0		
18980	1	1			0.0	8000.0		
18981	1	1	36.0	40.0	0.0	8000.0	cluster_2	BO-81Tapyta/BO-81TAPYTA_20250416_034502.wav
18982	1	1	26.0	30.0	0.0	8000.0	cluster_2	BO-82Tapyta/BO-82TAPYTA_20250415_213802.wav
18983	1	1			0.0	8000.0		
18984	1	1			0.0	8000.0		
18985	1	1			0.0	8000.0		
18986	1	1			0.0	8000.0		
18987	1	1			0.0	8000.0		
18988	1	1	36.0	40.0	0.0	8000.0	cluster_2	BO-82Tapyta/BO-82TAPYTA_20250426_194202.wav
18989	1	1			0.0	8000.0		
18990	1	1			0.0	8000.0		
18991	1	1			0.0	8000.0		
18992	1	1			0.0	8000.0		
18993	1	1	48.0	52.0	0.0	8000.0	cluster_2	BO-82Tapyta/BO-82TAPYTA_20250424_204802.wav
18994	1	1			0.0	8000.0		
18995	1	1	0.0	4.0	0.0	8000.0	cluster_2	BO-81Tapyta/BO-81TAPYTA_20250415_233102.wav
18996	1	1			0.0	8000.0		
18997	1	1			0.0	8000.0		
18998	1	1			0.0	8000.0		
18999	1	1			0.0	8000.0		
19000	1	1			0.0	8000.0		
19001	1	1			0.0	8000.0		
19002	1	1			0.0	8000.0		
19003	1	1	4.0	8.0	0.0	8000.0	cluster_2	BO-82Tapyta/BO-82TAPYTA_20250415_200102.wav
19004	1	1			0.0	8000.0		
19005	1	1			0.0	8000.0		
19006	1	1	34.0	38.0	0.0	8000.0	cluster_2	BO-82Tapyta/BO-82TAPYTA_20250415_203002.wav
19007	1	1	8.0	12.0	0.0	8000.0	cluster_2	BO-81Tapyta/BO-81TAPYTA_20250415_202902.wav
19008	1	1			0.0	8000.0		
19009	1	1			0.0	8000.0		
19010	1	1	44.0	48.0	0.0	8000.0	cluster_2	BO-81Tapyta/BO-81TAPYTA_20250412_033702.wav
19011	1	1			0.0	8000.0		
19012	1	1			0.0	8000.0		
19013	1	1			0.0	8000.0		
19014	1	1			0.0	8000.0		
19015	1	1			0.0	8000.0		
19016	1	1			0.0	8000.0		
19017	1	1			0.0	8000.0		
19018	1	1			0.0	8000.0		
19019	1	1			0.0	8000.0		
19020	1	1			0.0	8000.0		
19021	1	1			0.0	8000.0		
19022	1	1	2.0	6.0	0.0	8000.0	cluster_2	BO-82Tapyta/BO-82TAPYTA_20250416_053602.wav
19023	1	1			0.0	8000.0		
19024	1	1			0.0	8000.0		
19025	1	1	36.0	40.0	0.0	8000.0	cluster_2	BO-82Tapyta/BO-82TAPYTA_20250412_004102.wav
19026	1	1			0.0	8000.0		
19027	1	1			0.0	8000.0		
19028	1	1	44.0	48.0	0.0	8000.0	cluster_2	BO-82Tapyta/BO-82TAPYTA_20250418_053302.wav
19029	1	1	20.0	24.0	0.0	8000.0	cluster_2	BO-82Tapyta/BO-82TAPYTA_20250416_040702.wav
19030	1	1			0.0	8000.0		
19031	1	1			0.0	8000.0		
19032	1	1			0.0	8000.0		
19033	1	1			0.0	8000.0		
19034	1	1	50.0	54.0	0.0	8000.0	cluster_2	BO-82Tapyta/BO-82TAPYTA_20250416_194202.wav
19035	1	1			0.0	8000.0		
19036	1	1			0.0	8000.0		
19037	1	1			0.0	8000.0		
19038	1	1			0.0	8000.0		
19039	1	1			0.0	8000.0		
19040	1	1			0.0	8000.0		
19041	1	1			0.0	8000.0		
19042	1	1			0.0	8000.0		
19043	1	1			0.0	8000.0		
19044	1	1	48.0	52.0	0.0	8000.0	cluster_2	BO-82Tapyta/BO-82TAPYTA_20250425_000402.wav
19045	1	1	28.0	32.0	0.0	8000.0	cluster_2	BO-82Tapyta/BO-82TAPYTA_20250416_232702.wav
19046	1	1			0.0	8000.0		
19047	1	1			0.0	8000.0		
19048	1	1			0.0	8000.0		
19049	1	1			0.0	8000.0		
19050	1	1			0.0	8000.0		
19051	1	1			0.0	8000.0		
19052	1	1			0.0	8000.0		
19053	1	1			0.0	8000.0		
19054	1	1			0.0	8000.0		
19055	1	1			0.0	8000.0		
19056	1	1	4.0	8.0	0.0	8000.0	cluster_2	BO-82Tapyta/BO-82TAPYTA_20250427_004302.wav
19057	1	1	36.0	40.0	0.0	8000.0	cluster_2	BO-82Tapyta/BO-82TAPYTA_20250412_050902.wav
19058	1	1			0.0	8000.0		
19059	1	1			0.0	8000.0		
19060	1	1			0.0	8000.0		
19061	1	1			0.0	8000.0		
19062	1	1			0.0	8000.0		
19063	1	1			0.0	8000.0		
19064	1	1			0.0	8000.0		
19065	1	1			0.0	8000.0		
19066	1	1			0.0	8000.0		
19067	1	1			0.0	8000.0		
19068	1	1			0.0	8000.0		
19069	1	1			0.0	8000.0		
19070	1	1			0.0	8000.0		
19071	1	1			0.0	8000.0		
19072	1	1			0.0	8000.0		
19073	1	1			0.0	8000.0		
19074	1	1			0.0	8000.0		
19075	1	1			0.0	8000.0		
19076	1	1			0.0	8000.0		
19077	1	1			0.0	8000.0		
19078	1	1			0.0	8000.0		
19079	1	1			0.0	8000.0		
19080	1	1	44.0	48.0	0.0	8000.0	cluster_2	BO-82Tapyta/BO-82TAPYTA_20250417_222602.wav
19081	1	1			0.0	8000.0		
19082	1	1	14.0	18.0	0.0	8000.0	cluster_2	BO-82Tapyta/BO-82TAPYTA_20250418_001902.wav
19083	1	1			0.0	8000.0		
19084	1	1	24.0	28.0	0.0	8000.0	cluster_2	BO-82Tapyta/BO-82TAPYTA_20250411_215802.wav
19085	1	1			0.0	8000.0		
19086	1	1	22.0	26.0	0.0	8000.0	cluster_2	BO-82Tapyta/BO-82TAPYTA_20250426_215802.wav
19087	1	1			0.0	8000.0		
19088	1	1			0.0	8000.0		
19089	1	1			0.0	8000.0		
19090	1	1	4.0	8.0	0.0	8000.0	cluster_2	BO-82Tapyta/BO-82TAPYTA_20250416_040702.wav
19091	1	1	28.0	32.0	0.0	8000.0	cluster_2	BO-82Tapyta/BO-82TAPYTA_20250416_001702.wav
19092	1	1			0.0	8000.0		
19093	1	1	34.0	38.0	0.0	8000.0	cluster_2	BO-82Tapyta/BO-82TAPYTA_20250427_013102.wav
19094	1	1			0.0	8000.0		
19095	1	1			0.0	8000.0		
19096	1	1			0.0	8000.0		
19097	1	1			0.0	8000.0		
19098	1	1			0.0	8000.0		
19099	1	1			0.0	8000.0		
19100	1	1			0.0	8000.0		
19101	1	1			0.0	8000.0		
19102	1	1	48.0	52.0	0.0	8000.0	cluster_2	BO-82Tapyta/BO-82TAPYTA_20250416_015502.wav
19103	1	1			0.0	8000.0		
19104	1	1	34.0	38.0	0.0	8000.0	cluster_2	BO-81Tapyta/BO-81TAPYTA_20250416_004402.wav
19105	1	1			0.0	8000.0		
19106	1	1			0.0	8000.0		
19107	1	1			0.0	8000.0		
19108	1	1			0.0	8000.0		
19109	1	1			0.0	8000.0		
19110	1	1	50.0	54.0	0.0	8000.0	cluster_2	BO-82Tapyta/BO-82TAPYTA_20250427_022102.wav
19111	1	1			0.0	8000.0		
19112	1	1			0.0	8000.0		
19113	1	1			0.0	8000.0		
19114	1	1			0.0	8000.0		
19115	1	1	30.0	34.0	0.0	8000.0	cluster_2	BO-82Tapyta/BO-82TAPYTA_20250415_191802.wav
19116	1	1			0.0	8000.0		
19117	1	1			0.0	8000.0		
19118	1	1			0.0	8000.0		
19119	1	1			0.0	8000.0		
19120	1	1			0.0	8000.0		
19121	1	1			0.0	8000.0		
19122	1	1			0.0	8000.0		
19123	1	1			0.0	8000.0		
19124	1	1	2.0	6.0	0.0	8000.0	cluster_2	BO-82Tapyta/BO-82TAPYTA_20250416_032202.wav
19125	1	1			0.0	8000.0		
19126	1	1			0.0	8000.0		
19127	1	1			0.0	8000.0		
19128	1	1	52.0	56.0	0.0	8000.0	cluster_2	BO-82Tapyta/BO-82TAPYTA_20250426_045202.wav
19129	1	1			0.0	8000.0		
19130	1	1			0.0	8000.0		
19131	1	1			0.0	8000.0		
19132	1	1			0.0	8000.0		
19133	1	1			0.0	8000.0		
19134	1	1			0.0	8000.0		
19135	1	1			0.0	8000.0		
19136	1	1			0.0	8000.0		
19137	1	1			0.0	8000.0		
19138	1	1			0.0	8000.0		
19139	1	1			0.0	8000.0		
19140	1	1			0.0	8000.0		
19141	1	1			0.0	8000.0		
19142	1	1			0.0	8000.0		
19143	1	1			0.0	8000.0		
19144	1	1	18.0	22.0	0.0	8000.0	cluster_2	BO-82Tapyta/BO-82TAPYTA_20250411_234102.wav
19145	1	1	34.0	38.0	0.0	8000.0	cluster_2	BO-82Tapyta/BO-82TAPYTA_20250426_203902.wav
19146	1	1			0.0	8000.0		
19147	1	1			0.0	8000.0		
19148	1	1			0.0	8000.0		
19149	1	1			0.0	8000.0		
19150	1	1			0.0	8000.0		
19151	1	1			0.0	8000.0		
19152	1	1			0.0	8000.0		
19153	1	1			0.0	8000.0		
19154	1	1			0.0	8000.0		
19155	1	1	22.0	26.0	0.0	8000.0	cluster_2	BO-82Tapyta/BO-82TAPYTA_20250416_205902.wav
19156	1	1			0.0	8000.0		
19157	1	1			0.0	8000.0		
19158	1	1	42.0	46.0	0.0	8000.0	cluster_2	BO-82Tapyta/BO-82TAPYTA_20250426_042502.wav
19159	1	1	28.0	32.0	0.0	8000.0	cluster_2	BO-82Tapyta/BO-82TAPYTA_20250411_213302.wav
19160	1	1			0.0	8000.0		
19161	1	1	52.0	56.0	0.0	8000.0	cluster_2	BO-82Tapyta/BO-82TAPYTA_20250417_202902.wav
19162	1	1			0.0	8000.0		
19163	1	1			0.0	8000.0		
19164	1	1			0.0	8000.0		
19165	1	1	48.0	52.0	0.0	8000.0	cluster_2	BO-82Tapyta/BO-82TAPYTA_20250417_015302.wav
19166	1	1			0.0	8000.0		
19167	1	1			0.0	8000.0		
19168	1	1	32.0	36.0	0.0	8000.0	cluster_2	BO-82Tapyta/BO-82TAPYTA_20250426_025402.wav
19169	1	1			0.0	8000.0		
19170	1	1	22.0	26.0	0.0	8000.0	cluster_2	BO-81Tapyta/BO-81TAPYTA_20250412_015002.wav
19171	1	1			0.0	8000.0		
19172	1	1			0.0	8000.0		
19173	1	1	10.0	14.0	0.0	8000.0	cluster_2	BO-82Tapyta/BO-82TAPYTA_20250417_193702.wav
19174	1	1			0.0	8000.0		
19175	1	1			0.0	8000.0		
19176	1	1			0.0	8000.0		
19177	1	1	32.0	36.0	0.0	8000.0	cluster_2	BO-82Tapyta/BO-82TAPYTA_20250412_041002.wav
19178	1	1			0.0	8000.0		
19179	1	1			0.0	8000.0		
19180	1	1	34.0	38.0	0.0	8000.0	cluster_2	BO-82Tapyta/BO-82TAPYTA_20250416_023202.wav
19181	1	1			0.0	8000.0		
19182	1	1			0.0	8000.0		
19183	1	1			0.0	8000.0		
19184	1	1			0.0	8000.0		
19185	1	1			0.0	8000.0		
19186	1	1			0.0	8000.0		
19187	1	1			0.0	8000.0		
19188	1	1			0.0	8000.0		
19189	1	1			0.0	8000.0		
19190	1	1	38.0	42.0	0.0	8000.0	cluster_2	BO-82Tapyta/BO-82TAPYTA_20250418_025002.wav
19191	1	1			0.0	8000.0		
19192	1	1			0.0	8000.0		
19193	1	1			0.0	8000.0		
19194	1	1	26.0	30.0	0.0	8000.0	cluster_2	BO-82Tapyta/BO-82TAPYTA_20250426_045302.wav
19195	1	1	20.0	24.0	0.0	8000.0	cluster_2	BO-82Tapyta/BO-82TAPYTA_20250416_223402.wav
19196	1	1			0.0	8000.0		
19197	1	1			0.0	8000.0		
19198	1	1			0.0	8000.0		
19199	1	1			0.0	8000.0		
19200	1	1			0.0	8000.0		
19201	1	1			0.0	8000.0		
19202	1	1			0.0	8000.0		
19203	1	1			0.0	8000.0		
19204	1	1			0.0	8000.0		
19205	1	1			0.0	8000.0		
19206	1	1	16.0	20.0	0.0	8000.0	cluster_2	BO-82Tapyta/BO-82TAPYTA_20250424_214702.wav
19207	1	1			0.0	8000.0		
19208	1	1			0.0	8000.0		
19209	1	1			0.0	8000.0		
19210	1	1	0.0	4.0	0.0	8000.0	cluster_2	BO-82Tapyta/BO-82TAPYTA_20250418_010602.wav
19211	1	1			0.0	8000.0		
19212	1	1			0.0	8000.0		
19213	1	1			0.0	8000.0		
19214	1	1			0.0	8000.0		
19215	1	1			0.0	8000.0		
19216	1	1	26.0	30.0	0.0	8000.0	cluster_2	BO-82Tapyta/BO-82TAPYTA_20250427_052402.wav
19217	1	1			0.0	8000.0		
19218	1	1			0.0	8000.0		
19219	1	1			0.0	8000.0		
19220	1	1			0.0	8000.0		
19221	1	1			0.0	8000.0		
19222	1	1			0.0	8000.0		
19223	1	1	2.0	6.0	0.0	8000.0	cluster_2	BO-82Tapyta/BO-82TAPYTA_20250420_003302.wav
19224	1	1			0.0	8000.0		
19225	1	1			0.0	8000.0		
19226	1	1			0.0	8000.0		
19227	1	1	2.0	6.0	0.0	8000.0	cluster_2	BO-82Tapyta/BO-82TAPYTA_20250413_215102.wav
19228	1	1			0.0	8000.0		
19229	1	1			0.0	8000.0		
19230	1	1	48.0	52.0	0.0	8000.0	cluster_2	BO-82Tapyta/BO-82TAPYTA_20250417_210302.wav
19231	1	1			0.0	8000.0		
19232	1	1			0.0	8000.0		
19233	1	1	28.0	32.0	0.0	8000.0	cluster_2	BO-81Tapyta/BO-81TAPYTA_20250415_192202.wav
19234	1	1			0.0	8000.0		
19235	1	1			0.0	8000.0		
19236	1	1	32.0	36.0	0.0	8000.0	cluster_2	BO-82Tapyta/BO-82TAPYTA_20250417_221102.wav
19237	1	1			0.0	8000.0		
19238	1	1	34.0	38.0	0.0	8000.0	cluster_2	BO-82Tapyta/BO-82TAPYTA_20250416_005102.wav
19239	1	1			0.0	8000.0		
19240	1	1			0.0	8000.0		
19241	1	1			0.0	8000.0		
19242	1	1	6.0	10.0	0.0	8000.0	cluster_2	BO-82Tapyta/BO-82TAPYTA_20250418_050002.wav
19243	1	1			0.0	8000.0		
19244	1	1			0.0	8000.0		
19245	1	1			0.0	8000.0		
19246	1	1			0.0	8000.0		
19247	1	1			0.0	8000.0		
19248	1	1	28.0	32.0	0.0	8000.0	cluster_2	BO-82Tapyta/BO-82TAPYTA_20250427_020102.wav
19249	1	1			0.0	8000.0		
19250	1	1	16.0	20.0	0.0	8000.0	cluster_2	BO-82Tapyta/BO-82TAPYTA_20250414_221502.wav
19251	1	1	20.0	24.0	0.0	8000.0	cluster_2	BO-82Tapyta/BO-82TAPYTA_20250427_013202.wav
19252	1	1			0.0	8000.0		
19253	1	1			0.0	8000.0		
19254	1	1			0.0	8000.0		
19255	1	1			0.0	8000.0		
19256	1	1			0.0	8000.0		
19257	1	1			0.0	8000.0		
19258	1	1			0.0	8000.0		
19259	1	1	10.0	14.0	0.0	8000.0	cluster_2	BO-82Tapyta/BO-82TAPYTA_20250417_052402.wav
19260	1	1			0.0	8000.0		
19261	1	1			0.0	8000.0		
19262	1	1			0.0	8000.0		
19263	1	1			0.0	8000.0		
19264	1	1			0.0	8000.0		
19265	1	1			0.0	8000.0		
19266	1	1			0.0	8000.0		
19267	1	1			0.0	8000.0		
19268	1	1			0.0	8000.0		
19269	1	1			0.0	8000.0		
19270	1	1			0.0	8000.0		
19271	1	1	20.0	24.0	0.0	8000.0	cluster_2	BO-82Tapyta/BO-82TAPYTA_20250414_211302.wav
19272	1	1	34.0	38.0	0.0	8000.0	cluster_2	BO-82Tapyta/BO-82TAPYTA_20250417_205602.wav
19273	1	1			0.0	8000.0		
19274	1	1			0.0	8000.0		
19275	1	1			0.0	8000.0		
19276	1	1			0.0	8000.0		
19277	1	1			0.0	8000.0		
19278	1	1	12.0	16.0	0.0	8000.0	cluster_2	BO-82Tapyta/BO-82TAPYTA_20250414_204402.wav
19279	1	1			0.0	8000.0		
19280	1	1	32.0	36.0	0.0	8000.0	cluster_2	BO-82Tapyta/BO-82TAPYTA_20250417_054302.wav
19281	1	1			0.0	8000.0		
19282	1	1			0.0	8000.0		
19283	1	1			0.0	8000.0		
19284	1	1			0.0	8000.0		
19285	1	1	20.0	24.0	0.0	8000.0	cluster_2	BO-82Tapyta/BO-82TAPYTA_20250414_211802.wav
19286	1	1			0.0	8000.0		
19287	1	1			0.0	8000.0		
19288	1	1	40.0	44.0	0.0	8000.0	cluster_2	BO-82Tapyta/BO-82TAPYTA_20250426_010002.wav
19289	1	1			0.0	8000.0		
19290	1	1			0.0	8000.0		
19291	1	1			0.0	8000.0		
19292	1	1			0.0	8000.0		
19293	1	1	14.0	18.0	0.0	8000.0	cluster_2	BO-81Tapyta/BO-81TAPYTA_20250416_012402.wav
19294	1	1			0.0	8000.0		
19295	1	1			0.0	8000.0		
19296	1	1			0.0	8000.0		
19297	1	1			0.0	8000.0		
19298	1	1	40.0	44.0	0.0	8000.0	cluster_2	BO-82Tapyta/BO-82TAPYTA_20250418_041002.wav
19299	1	1			0.0	8000.0		
19300	1	1	44.0	48.0	0.0	8000.0	cluster_2	BO-82Tapyta/BO-82TAPYTA_20250413_213402.wav
19301	1	1			0.0	8000.0		
19302	1	1	24.0	28.0	0.0	8000.0	cluster_2	BO-82Tapyta/BO-82TAPYTA_20250418_024702.wav
19303	1	1			0.0	8000.0		
19304	1	1			0.0	8000.0		
19305	1	1			0.0	8000.0		
19306	1	1			0.0	8000.0		
19307	1	1			0.0	8000.0		
19308	1	1			0.0	8000.0		
19309	1	1			0.0	8000.0		
19310	1	1			0.0	8000.0		
19311	1	1			0.0	8000.0		
19312	1	1			0.0	8000.0		
19313	1	1			0.0	8000.0		
19314	1	1			0.0	8000.0		
19315	1	1			0.0	8000.0		
19316	1	1	42.0	46.0	0.0	8000.0	cluster_2	BO-82Tapyta/BO-82TAPYTA_20250416_221402.wav
19317	1	1			0.0	8000.0		
19318	1	1			0.0	8000.0		
19319	1	1			0.0	8000.0		
19320	1	1	2.0	6.0	0.0	8000.0	cluster_2	BO-81Tapyta/BO-81TAPYTA_20250416_005902.wav
19321	1	1			0.0	8000.0		
19322	1	1			0.0	8000.0		
19323	1	1			0.0	8000.0		
19324	1	1			0.0	8000.0		
19325	1	1			0.0	8000.0		
19326	1	1			0.0	8000.0		
19327	1	1	38.0	42.0	0.0	8000.0	cluster_2	BO-82Tapyta/BO-82TAPYTA_20250427_050602.wav
19328	1	1	14.0	18.0	0.0	8000.0	cluster_2	BO-82Tapyta/BO-82TAPYTA_20250501_182502.wav
19329	1	1	10.0	14.0	0.0	8000.0	cluster_2	BO-82Tapyta/BO-82TAPYTA_20250417_001502.wav
19330	1	1	40.0	44.0	0.0	8000.0	cluster_2	BO-82Tapyta/BO-82TAPYTA_20250427_002402.wav
19331	1	1			0.0	8000.0		
19332	1	1	4.0	8.0	0.0	8000.0	cluster_2	BO-82Tapyta/BO-82TAPYTA_20250412_053902.wav
19333	1	1	48.0	52.0	0.0	8000.0	cluster_2	BO-82Tapyta/BO-82TAPYTA_20250415_201702.wav
19334	1	1			0.0	8000.0		
19335	1	1	52.0	56.0	0.0	8000.0	cluster_2	BO-82Tapyta/BO-82TAPYTA_20250413_211902.wav
19336	1	1			0.0	8000.0		
19337	1	1			0.0	8000.0		
19338	1	1	28.0	32.0	0.0	8000.0	cluster_2	BO-82Tapyta/BO-82TAPYTA_20250416_035702.wav
19339	1	1			0.0	8000.0		
19340	1	1			0.0	8000.0		
19341	1	1	48.0	52.0	0.0	8000.0	cluster_2	BO-82Tapyta/BO-82TAPYTA_20250414_225002.wav
19342	1	1			0.0	8000.0		
19343	1	1			0.0	8000.0		
19344	1	1			0.0	8000.0		
19345	1	1			0.0	8000.0		
19346	1	1			0.0	8000.0		
19347	1	1			0.0	8000.0		
19348	1	1			0.0	8000.0		
19349	1	1			0.0	8000.0		
19350	1	1	42.0	46.0	0.0	8000.0	cluster_2	BO-82Tapyta/BO-82TAPYTA_20250425_235302.wav
19351	1	1			0.0	8000.0		
19352	1	1			0.0	8000.0		
19353	1	1			0.0	8000.0		
19354	1	1			0.0	8000.0		
19355	1	1			0.0	8000.0		
19356	1	1			0.0	8000.0		
19357	1	1	22.0	26.0	0.0	8000.0	cluster_2	BO-82Tapyta/BO-82TAPYTA_20250411_220202.wav
19358	1	1	22.0	26.0	0.0	8000.0	cluster_2	BO-82Tapyta/BO-82TAPYTA_20250425_211402.wav
19359	1	1	2.0	6.0	0.0	8000.0	cluster_2	BO-82Tapyta/BO-82TAPYTA_20250417_034102.wav
19360	1	1			0.0	8000.0		
19361	1	1			0.0	8000.0		
19362	1	1			0.0	8000.0		
19363	1	1			0.0	8000.0		
19364	1	1			0.0	8000.0		
19365	1	1			0.0	8000.0		
19366	1	1			0.0	8000.0		
19367	1	1	0.0	4.0	0.0	8000.0	cluster_2	BO-81Tapyta/BO-81TAPYTA_20250411_222402.wav
19368	1	1			0.0	8000.0		
19369	1	1			0.0	8000.0		
19370	1	1			0.0	8000.0		
19371	1	1			0.0	8000.0		
19372	1	1			0.0	8000.0		
19373	1	1	26.0	30.0	0.0	8000.0	cluster_2	BO-82Tapyta/BO-82TAPYTA_20250416_235602.wav
19374	1	1	42.0	46.0	0.0	8000.0	cluster_2	BO-82Tapyta/BO-82TAPYTA_20250426_230302.wav
19375	1	1	6.0	10.0	0.0	8000.0	cluster_2	BO-82Tapyta/BO-82TAPYTA_20250425_211602.wav
19376	1	1			0.0	8000.0		
19377	1	1			0.0	8000.0		
19378	1	1	30.0	34.0	0.0	8000.0	cluster_2	BO-82Tapyta/BO-82TAPYTA_20250416_200302.wav
19379	1	1	14.0	18.0	0.0	8000.0	cluster_2	BO-82Tapyta/BO-82TAPYTA_20250416_214702.wav
19380	1	1			0.0	8000.0		
19381	1	1			0.0	8000.0		
19382	1	1	6.0	10.0	0.0	8000.0	cluster_2	BO-81Tapyta/BO-81TAPYTA_20250412_042302.wav
19383	1	1			0.0	8000.0		
19384	1	1			0.0	8000.0		
19385	1	1	46.0	50.0	0.0	8000.0	cluster_2	BO-82Tapyta/BO-82TAPYTA_20250426_033302.wav
19386	1	1			0.0	8000.0		
19387	1	1			0.0	8000.0		
19388	1	1	2.0	6.0	0.0	8000.0	cluster_2	BO-82Tapyta/BO-82TAPYTA_20250416_030002.wav
19389	1	1			0.0	8000.0		
19390	1	1			0.0	8000.0		
19391	1	1			0.0	8000.0		
19392	1	1			0.0	8000.0		
19393	1	1			0.0	8000.0		
19394	1	1			0.0	8000.0		
19395	1	1			0.0	8000.0		
19396	1	1			0.0	8000.0		
19397	1	1			0.0	8000.0		
19398	1	1	12.0	16.0	0.0	8000.0	cluster_2	BO-82Tapyta/BO-82TAPYTA_20250412_003502.wav
19399	1	1			0.0	8000.0		
19400	1	1	48.0	52.0	0.0	8000.0	cluster_2	BO-82Tapyta/BO-82TAPYTA_20250412_032602.wav
19401	1	1			0.0	8000.0		
19402	1	1			0.0	8000.0		
19403	1	1			0.0	8000.0		
19404	1	1	18.0	22.0	0.0	8000.0	cluster_2	BO-82Tapyta/BO-82TAPYTA_20250418_030002.wav
19405	1	1	12.0	16.0	0.0	8000.0	cluster_2	BO-82Tapyta/BO-82TAPYTA_20250418_051502.wav
19406	1	1			0.0	8000.0		
19407	1	1			0.0	8000.0		
19408	1	1			0.0	8000.0		
19409	1	1			0.0	8000.0		
19410	1	1	10.0	14.0	0.0	8000.0	cluster_2	BO-81Tapyta/BO-81TAPYTA_20250411_214002.wav
19411	1	1			0.0	8000.0		
19412	1	1			0.0	8000.0		
19413	1	1	36.0	40.0	0.0	8000.0	cluster_2	BO-82Tapyta/BO-82TAPYTA_20250426_192402.wav
19414	1	1	22.0	26.0	0.0	8000.0	cluster_2	BO-81Tapyta/BO-81TAPYTA_20250416_030302.wav
19415	1	1			0.0	8000.0		
19416	1	1			0.0	8000.0		
19417	1	1	8.0	12.0	0.0	8000.0	cluster_2	BO-82Tapyta/BO-82TAPYTA_20250427_040302.wav
19418	1	1	52.0	56.0	0.0	8000.0	cluster_2	BO-82Tapyta/BO-82TAPYTA_20250411_232602.wav
19419	1	1			0.0	8000.0		
19420	1	1	12.0	16.0	0.0	8000.0	cluster_2	BO-81Tapyta/BO-81TAPYTA_20250416_005402.wav
19421	1	1			0.0	8000.0		
19422	1	1			0.0	8000.0		
19423	1	1	10.0	14.0	0.0	8000.0	cluster_2	BO-82Tapyta/BO-82TAPYTA_20250413_203502.wav
19424	1	1			0.0	8000.0		
19425	1	1			0.0	8000.0		
19426	1	1			0.0	8000.0		
19427	1	1	28.0	32.0	0.0	8000.0	cluster_2	BO-82Tapyta/BO-82TAPYTA_20250413_205102.wav
19428	1	1	12.0	16.0	0.0	8000.0	cluster_2	BO-82Tapyta/BO-82TAPYTA_20250426_192402.wav
19429	1	1			0.0	8000.0		
19430	1	1			0.0	8000.0		
19431	1	1			0.0	8000.0		
19432	1	1			0.0	8000.0		
19433	1	1			0.0	8000.0		
19434	1	1			0.0	8000.0		
19435	1	1			0.0	8000.0		
19436	1	1			0.0	8000.0		
19437	1	1			0.0	8000.0		
19438	1	1			0.0	8000.0		
19439	1	1			0.0	8000.0		
19440	1	1			0.0	8000.0		
19441	1	1			0.0	8000.0		
19442	1	1			0.0	8000.0		
19443	1	1	2.0	6.0	0.0	8000.0	cluster_2	BO-82Tapyta/BO-82TAPYTA_20250426_211502.wav
19444	1	1			0.0	8000.0		
19445	1	1			0.0	8000.0		
19446	1	1			0.0	8000.0		
19447	1	1			0.0	8000.0		
19448	1	1			0.0	8000.0		
19449	1	1			0.0	8000.0		
19450	1	1			0.0	8000.0		
19451	1	1			0.0	8000.0		
19452	1	1	28.0	32.0	0.0	8000.0	cluster_2	BO-81Tapyta/BO-81TAPYTA_20250416_021902.wav
19453	1	1			0.0	8000.0		
19454	1	1	6.0	10.0	0.0	8000.0	cluster_2	BO-81Tapyta/BO-81TAPYTA_20250413_205302.wav
19455	1	1			0.0	8000.0		
19456	1	1			0.0	8000.0		
19457	1	1			0.0	8000.0		
19458	1	1	14.0	18.0	0.0	8000.0	cluster_2	BO-82Tapyta/BO-82TAPYTA_20250417_045002.wav
19459	1	1	20.0	24.0	0.0	8000.0	cluster_2	BO-82Tapyta/BO-82TAPYTA_20250426_043702.wav
19460	1	1			0.0	8000.0		
19461	1	1	22.0	26.0	0.0	8000.0	cluster_2	BO-82Tapyta/BO-82TAPYTA_20250426_204302.wav
19462	1	1			0.0	8000.0		
19463	1	1			0.0	8000.0		
19464	1	1	52.0	56.0	0.0	8000.0	cluster_2	BO-81Tapyta/BO-81TAPYTA_20250416_055702.wav
19465	1	1			0.0	8000.0		
19466	1	1			0.0	8000.0		
19467	1	1			0.0	8000.0		
19468	1	1			0.0	8000.0		
19469	1	1			0.0	8000.0		
19470	1	1			0.0	8000.0		
19471	1	1			0.0	8000.0		
19472	1	1			0.0	8000.0		
19473	1	1			0.0	8000.0		
19474	1	1	52.0	56.0	0.0	8000.0	cluster_2	BO-82Tapyta/BO-82TAPYTA_20250414_224002.wav
19475	1	1			0.0	8000.0		
19476	1	1	28.0	32.0	0.0	8000.0	cluster_2	BO-81Tapyta/BO-81TAPYTA_20250411_221902.wav
19477	1	1			0.0	8000.0		
19478	1	1			0.0	8000.0		
19479	1	1			0.0	8000.0		
19480	1	1			0.0	8000.0		
19481	1	1			0.0	8000.0		
19482	1	1			0.0	8000.0		
19483	1	1			0.0	8000.0		
19484	1	1			0.0	8000.0		
19485	1	1			0.0	8000.0		
19486	1	1			0.0	8000.0		
19487	1	1	42.0	46.0	0.0	8000.0	cluster_2	BO-82Tapyta/BO-82TAPYTA_20250414_192602.wav
19488	1	1	38.0	42.0	0.0	8000.0	cluster_2	BO-82Tapyta/BO-82TAPYTA_20250412_055402.wav
19489	1	1			0.0	8000.0		
19490	1	1			0.0	8000.0		
19491	1	1	8.0	12.0	0.0	8000.0	cluster_2	BO-82Tapyta/BO-82TAPYTA_20250424_201802.wav
19492	1	1			0.0	8000.0		
19493	1	1			0.0	8000.0		
19494	1	1			0.0	8000.0		
19495	1	1			0.0	8000.0		
19496	1	1	26.0	30.0	0.0	8000.0	cluster_2	BO-81Tapyta/BO-81TAPYTA_20250416_034402.wav
19497	1	1			0.0	8000.0		
19498	1	1			0.0	8000.0		
19499	1	1	2.0	6.0	0.0	8000.0	cluster_2	BO-82Tapyta/BO-82TAPYTA_20250416_215902.wav
19500	1	1			0.0	8000.0		
19501	1	1			0.0	8000.0		
19502	1	1			0.0	8000.0		
19503	1	1			0.0	8000.0		
19504	1	1			0.0	8000.0		
19505	1	1			0.0	8000.0		
19506	1	1			0.0	8000.0		
19507	1	1			0.0	8000.0		
19508	1	1	32.0	36.0	0.0	8000.0	cluster_2	BO-82Tapyta/BO-82TAPYTA_20250418_023002.wav
19509	1	1			0.0	8000.0		
19510	1	1			0.0	8000.0		
19511	1	1			0.0	8000.0		
19512	1	1			0.0	8000.0		
19513	1	1			0.0	8000.0		
19514	1	1			0.0	8000.0		
19515	1	1			0.0	8000.0		
19516	1	1	20.0	24.0	0.0	8000.0	cluster_2	BO-82Tapyta/BO-82TAPYTA_20250425_212302.wav
19517	1	1			0.0	8000.0		
19518	1	1			0.0	8000.0		
19519	1	1	34.0	38.0	0.0	8000.0	cluster_2	BO-82Tapyta/BO-82TAPYTA_20250418_052102.wav
19520	1	1	38.0	42.0	0.0	8000.0	cluster_2	BO-82Tapyta/BO-82TAPYTA_20250412_023702.wav
19521	1	1			0.0	8000.0		
19522	1	1			0.0	8000.0		
19523	1	1	14.0	18.0	0.0	8000.0	cluster_2	BO-81Tapyta/BO-81TAPYTA_20250416_032102.wav
19524	1	1			0.0	8000.0		
19525	1	1			0.0	8000.0		
19526	1	1			0.0	8000.0		
19527	1	1			0.0	8000.0		
19528	1	1			0.0	8000.0		
19529	1	1	22.0	26.0	0.0	8000.0	cluster_2	BO-82Tapyta/BO-82TAPYTA_20250417_202402.wav
19530	1	1			0.0	8000.0		
19531	1	1			0.0	8000.0		
19532	1	1			0.0	8000.0		
19533	1	1			0.0	8000.0		
19534	1	1			0.0	8000.0		
19535	1	1			0.0	8000.0		
19536	1	1	18.0	22.0	0.0	8000.0	cluster_2	BO-81Tapyta/BO-81TAPYTA_20250415_203702.wav
19537	1	1			0.0	8000.0		
19538	1	1	4.0	8.0	0.0	8000.0	cluster_2	BO-82Tapyta/BO-82TAPYTA_20250413_200502.wav
19539	1	1			0.0	8000.0		
19540	1	1			0.0	8000.0		
19541	1	1			0.0	8000.0		
19542	1	1			0.0	8000.0		
19543	1	1	26.0	30.0	0.0	8000.0	cluster_2	BO-82Tapyta/BO-82TAPYTA_20250425_193002.wav
19544	1	1			0.0	8000.0		
19545	1	1			0.0	8000.0		
19546	1	1	12.0	16.0	0.0	8000.0	cluster_2	BO-82Tapyta/BO-82TAPYTA_20250424_215002.wav
19547	1	1	4.0	8.0	0.0	8000.0	cluster_2	BO-81Tapyta/BO-81TAPYTA_20250415_211702.wav
19548	1	1	28.0	32.0	0.0	8000.0	cluster_2	BO-82Tapyta/BO-82TAPYTA_20250417_232902.wav
19549	1	1			0.0	8000.0		
19550	1	1			0.0	8000.0		
19551	1	1	14.0	18.0	0.0	8000.0	cluster_2	BO-82Tapyta/BO-82TAPYTA_20250412_054202.wav
19552	1	1			0.0	8000.0		
19553	1	1			0.0	8000.0		
19554	1	1	38.0	42.0	0.0	8000.0	cluster_2	BO-82Tapyta/BO-82TAPYTA_20250414_211602.wav
19555	1	1			0.0	8000.0		
19556	1	1			0.0	8000.0		
19557	1	1			0.0	8000.0		
19558	1	1			0.0	8000.0		
19559	1	1			0.0	8000.0		
19560	1	1	40.0	44.0	0.0	8000.0	cluster_2	BO-82Tapyta/BO-82TAPYTA_20250417_231302.wav
19561	1	1			0.0	8000.0		
19562	1	1			0.0	8000.0		
19563	1	1	48.0	52.0	0.0	8000.0	cluster_2	BO-82Tapyta/BO-82TAPYTA_20250425_202102.wav
19564	1	1			0.0	8000.0		
19565	1	1			0.0	8000.0		
19566	1	1			0.0	8000.0		
19567	1	1			0.0	8000.0		
19568	1	1			0.0	8000.0		
19569	1	1	34.0	38.0	0.0	8000.0	cluster_2	BO-82Tapyta/BO-82TAPYTA_20250412_001602.wav
19570	1	1			0.0	8000.0		
19571	1	1	4.0	8.0	0.0	8000.0	cluster_2	BO-82Tapyta/BO-82TAPYTA_20250425_014102.wav
19572	1	1			0.0	8000.0		
19573	1	1			0.0	8000.0		
19574	1	1			0.0	8000.0		
19575	1	1	48.0	52.0	0.0	8000.0	cluster_2	BO-82Tapyta/BO-82TAPYTA_20250424_213502.wav
19576	1	1			0.0	8000.0		
19577	1	1			0.0	8000.0		
19578	1	1			0.0	8000.0		
19579	1	1			0.0	8000.0		
19580	1	1			0.0	8000.0		
19581	1	1	46.0	50.0	0.0	8000.0	cluster_2	BO-82Tapyta/BO-82TAPYTA_20250416_042202.wav
19582	1	1			0.0	8000.0		
19583	1	1			0.0	8000.0		
19584	1	1			0.0	8000.0		
19585	1	1			0.0	8000.0		
19586	1	1			0.0	8000.0		
19587	1	1			0.0	8000.0		
19588	1	1			0.0	8000.0		
19589	1	1			0.0	8000.0		
19590	1	1	42.0	46.0	0.0	8000.0	cluster_2	BO-82Tapyta/BO-82TAPYTA_20250412_013902.wav
19591	1	1			0.0	8000.0		
19592	1	1			0.0	8000.0		
19593	1	1			0.0	8000.0		
19594	1	1	48.0	52.0	0.0	8000.0	cluster_2	BO-82Tapyta/BO-82TAPYTA_20250416_023402.wav
19595	1	1			0.0	8000.0		
19596	1	1	6.0	10.0	0.0	8000.0	cluster_2	BO-82Tapyta/BO-82TAPYTA_20250418_004102.wav
19597	1	1			0.0	8000.0		
19598	1	1			0.0	8000.0		
19599	1	1	50.0	54.0	0.0	8000.0	cluster_2	BO-82Tapyta/BO-82TAPYTA_20250415_202302.wav
19600	1	1			0.0	8000.0		
19601	1	1			0.0	8000.0		
19602	1	1			0.0	8000.0		
19603	1	1			0.0	8000.0		
19604	1	1			0.0	8000.0		
19605	1	1			0.0	8000.0		
19606	1	1			0.0	8000.0		
19607	1	1	0.0	4.0	0.0	8000.0	cluster_2	BO-82Tapyta/BO-82TAPYTA_20250416_034502.wav
19608	1	1	12.0	16.0	0.0	8000.0	cluster_2	BO-82Tapyta/BO-82TAPYTA_20250425_205802.wav
19609	1	1	26.0	30.0	0.0	8000.0	cluster_2	BO-82Tapyta/BO-82TAPYTA_20250424_233302.wav
19610	1	1			0.0	8000.0		
19611	1	1	50.0	54.0	0.0	8000.0	cluster_2	BO-82Tapyta/BO-82TAPYTA_20250426_002702.wav
19612	1	1			0.0	8000.0		
19613	1	1			0.0	8000.0		
19614	1	1	42.0	46.0	0.0	8000.0	cluster_2	BO-82Tapyta/BO-82TAPYTA_20250412_042202.wav
19615	1	1			0.0	8000.0		
19616	1	1			0.0	8000.0		
19617	1	1			0.0	8000.0		
19618	1	1			0.0	8000.0		
19619	1	1			0.0	8000.0		
19620	1	1			0.0	8000.0		
19621	1	1			0.0	8000.0		
19622	1	1	10.0	14.0	0.0	8000.0	cluster_2	BO-82Tapyta/BO-82TAPYTA_20250416_220802.wav
19623	1	1			0.0	8000.0		
19624	1	1			0.0	8000.0		
19625	1	1			0.0	8000.0		
19626	1	1			0.0	8000.0		
19627	1	1			0.0	8000.0		
19628	1	1			0.0	8000.0		
19629	1	1			0.0	8000.0		
19630	1	1			0.0	8000.0		
19631	1	1	46.0	50.0	0.0	8000.0	cluster_2	BO-82Tapyta/BO-82TAPYTA_20250427_230102.wav
19632	1	1			0.0	8000.0		
19633	1	1	2.0	6.0	0.0	8000.0	cluster_2	BO-82Tapyta/BO-82TAPYTA_20250416_031902.wav
19634	1	1			0.0	8000.0		
19635	1	1	26.0	30.0	0.0	8000.0	cluster_2	BO-82Tapyta/BO-82TAPYTA_20250425_191802.wav
19636	1	1	50.0	54.0	0.0	8000.0	cluster_2	BO-81Tapyta/BO-81TAPYTA_20250416_001202.wav
19637	1	1			0.0	8000.0		
19638	1	1			0.0	8000.0		
19639	1	1	34.0	38.0	0.0	8000.0	cluster_2	BO-82Tapyta/BO-82TAPYTA_20250417_225202.wav
19640	1	1			0.0	8000.0		
19641	1	1			0.0	8000.0		
19642	1	1	34.0	38.0	0.0	8000.0	cluster_2	BO-82Tapyta/BO-82TAPYTA_20250427_032302.wav
19643	1	1	50.0	54.0	0.0	8000.0	cluster_2	BO-82Tapyta/BO-82TAPYTA_20250425_010502.wav
19644	1	1			0.0	8000.0		
19645	1	1			0.0	8000.0		
19646	1	1			0.0	8000.0		
19647	1	1	14.0	18.0	0.0	8000.0	cluster_2	BO-82Tapyta/BO-82TAPYTA_20250424_234102.wav
19648	1	1	6.0	10.0	0.0	8000.0	cluster_2	BO-82Tapyta/BO-82TAPYTA_20250417_023202.wav
19649	1	1			0.0	8000.0		
19650	1	1			0.0	8000.0		
19651	1	1			0.0	8000.0		
19652	1	1			0.0	8000.0		
19653	1	1	16.0	20.0	0.0	8000.0	cluster_2	BO-81Tapyta/BO-81TAPYTA_20250411_210202.wav
19654	1	1			0.0	8000.0		
19655	1	1			0.0	8000.0		
19656	1	1			0.0	8000.0		
19657	1	1	18.0	22.0	0.0	8000.0	cluster_2	BO-82Tapyta/BO-82TAPYTA_20250416_193502.wav
19658	1	1	46.0	50.0	0.0	8000.0	cluster_2	BO-82Tapyta/BO-82TAPYTA_20250427_040702.wav
19659	1	1	16.0	20.0	0.0	8000.0	cluster_2	BO-81Tapyta/BO-81TAPYTA_20250416_013702.wav
19660	1	1			0.0	8000.0		
19661	1	1			0.0	8000.0		
19662	1	1			0.0	8000.0		
19663	1	1			0.0	8000.0		
19664	1	1			0.0	8000.0		
19665	1	1			0.0	8000.0		
19666	1	1			0.0	8000.0		
19667	1	1			0.0	8000.0		
19668	1	1			0.0	8000.0		
19669	1	1			0.0	8000.0		
19670	1	1			0.0	8000.0		
19671	1	1			0.0	8000.0		
19672	1	1	26.0	30.0	0.0	8000.0	cluster_2	BO-82Tapyta/BO-82TAPYTA_20250412_041002.wav
19673	1	1			0.0	8000.0		
19674	1	1	16.0	20.0	0.0	8000.0	cluster_2	BO-82Tapyta/BO-82TAPYTA_20250417_210102.wav
19675	1	1	34.0	38.0	0.0	8000.0	cluster_2	BO-81Tapyta/BO-81TAPYTA_20250416_043002.wav
19676	1	1			0.0	8000.0		
19677	1	1	18.0	22.0	0.0	8000.0	cluster_2	BO-82Tapyta/BO-82TAPYTA_20250423_215802.wav
19678	1	1			0.0	8000.0		
19679	1	1	24.0	28.0	0.0	8000.0	cluster_2	BO-82Tapyta/BO-82TAPYTA_20250419_233402.wav
19680	1	1			0.0	8000.0		
19681	1	1	0.0	4.0	0.0	8000.0	cluster_2	BO-82Tapyta/BO-82TAPYTA_20250417_221502.wav
19682	1	1			0.0	8000.0		
19683	1	1			0.0	8000.0		
19684	1	1			0.0	8000.0		
19685	1	1	4.0	8.0	0.0	8000.0	cluster_2	BO-82Tapyta/BO-82TAPYTA_20250426_230302.wav
19686	1	1			0.0	8000.0		
19687	1	1			0.0	8000.0		
19688	1	1			0.0	8000.0		
19689	1	1	2.0	6.0	0.0	8000.0	cluster_2	BO-82Tapyta/BO-82TAPYTA_20250424_231602.wav
19690	1	1	46.0	50.0	0.0	8000.0	cluster_2	BO-82Tapyta/BO-82TAPYTA_20250425_211702.wav
19691	1	1			0.0	8000.0		
19692	1	1	6.0	10.0	0.0	8000.0	cluster_2	BO-82Tapyta/BO-82TAPYTA_20250414_201002.wav
19693	1	1			0.0	8000.0		
19694	1	1			0.0	8000.0		
19695	1	1	4.0	8.0	0.0	8000.0	cluster_2	BO-82Tapyta/BO-82TAPYTA_20250417_020102.wav
19696	1	1			0.0	8000.0		
19697	1	1			0.0	8000.0		
19698	1	1			0.0	8000.0		
19699	1	1			0.0	8000.0		
19700	1	1			0.0	8000.0		
19701	1	1	26.0	30.0	0.0	8000.0	cluster_2	BO-82Tapyta/BO-82TAPYTA_20250416_011802.wav
19702	1	1			0.0	8000.0		
19703	1	1	32.0	36.0	0.0	8000.0	cluster_2	BO-82Tapyta/BO-82TAPYTA_20250414_205302.wav
19704	1	1	10.0	14.0	0.0	8000.0	cluster_2	BO-82Tapyta/BO-82TAPYTA_20250424_222502.wav
19705	1	1			0.0	8000.0		
19706	1	1			0.0	8000.0		
19707	1	1			0.0	8000.0		
19708	1	1			0.0	8000.0		
19709	1	1			0.0	8000.0		
19710	1	1			0.0	8000.0		
19711	1	1			0.0	8000.0		
19712	1	1			0.0	8000.0		
19713	1	1			0.0	8000.0		
19714	1	1			0.0	8000.0		
19715	1	1			0.0	8000.0		
19716	1	1	24.0	28.0	0.0	8000.0	cluster_2	BO-82Tapyta/BO-82TAPYTA_20250414_204602.wav
19717	1	1			0.0	8000.0		
19718	1	1			0.0	8000.0		
19719	1	1			0.0	8000.0		
19720	1	1	8.0	12.0	0.0	8000.0	cluster_2	BO-82Tapyta/BO-82TAPYTA_20250502_202702.wav
19721	1	1	2.0	6.0	0.0	8000.0	cluster_2	BO-82Tapyta/BO-82TAPYTA_20250417_054902.wav
19722	1	1	32.0	36.0	0.0	8000.0	cluster_2	BO-82Tapyta/BO-82TAPYTA_20250502_210902.wav
19723	1	1			0.0	8000.0		
19724	1	1	16.0	20.0	0.0	8000.0	cluster_2	BO-82Tapyta/BO-82TAPYTA_20250417_043502.wav
19725	1	1	28.0	32.0	0.0	8000.0	cluster_2	BO-82Tapyta/BO-82TAPYTA_20250417_210102.wav
19726	1	1			0.0	8000.0		
19727	1	1	38.0	42.0	0.0	8000.0	cluster_2	BO-82Tapyta/BO-82TAPYTA_20250415_204302.wav
19728	1	1			0.0	8000.0		
19729	1	1			0.0	8000.0		
19730	1	1			0.0	8000.0		
19731	1	1	34.0	38.0	0.0	8000.0	cluster_2	BO-82Tapyta/BO-82TAPYTA_20250424_215902.wav
19732	1	1			0.0	8000.0		
19733	1	1			0.0	8000.0		
19734	1	1			0.0	8000.0		
19735	1	1			0.0	8000.0		
19736	1	1			0.0	8000.0		
19737	1	1			0.0	8000.0		
19738	1	1			0.0	8000.0		
19739	1	1			0.0	8000.0		
19740	1	1			0.0	8000.0		
19741	1	1			0.0	8000.0		
19742	1	1			0.0	8000.0		
19743	1	1			0.0	8000.0		
19744	1	1			0.0	8000.0		
19745	1	1	30.0	34.0	0.0	8000.0	cluster_2	BO-82Tapyta/BO-82TAPYTA_20250427_023702.wav
19746	1	1			0.0	8000.0		
19747	1	1			0.0	8000.0		
19748	1	1			0.0	8000.0		
19749	1	1			0.0	8000.0		
19750	1	1			0.0	8000.0		
19751	1	1			0.0	8000.0		
19752	1	1			0.0	8000.0		
19753	1	1			0.0	8000.0		
19754	1	1			0.0	8000.0		
19755	1	1			0.0	8000.0		
19756	1	1			0.0	8000.0		
19757	1	1	20.0	24.0	0.0	8000.0	cluster_2	BO-82Tapyta/BO-82TAPYTA_20250425_002602.wav
19758	1	1			0.0	8000.0		
19759	1	1			0.0	8000.0		
19760	1	1			0.0	8000.0		
19761	1	1	8.0	12.0	0.0	8000.0	cluster_2	BO-82Tapyta/BO-82TAPYTA_20250416_030002.wav
19762	1	1	34.0	38.0	0.0	8000.0	cluster_2	BO-82Tapyta/BO-82TAPYTA_20250502_202402.wav
19763	1	1			0.0	8000.0		
19764	1	1	6.0	10.0	0.0	8000.0	cluster_2	BO-82Tapyta/BO-82TAPYTA_20250426_002802.wav
19765	1	1			0.0	8000.0		
19766	1	1			0.0	8000.0		
19767	1	1	14.0	18.0	0.0	8000.0	cluster_2	BO-82Tapyta/BO-82TAPYTA_20250417_000202.wav
19768	1	1			0.0	8000.0		
19769	1	1			0.0	8000.0		
19770	1	1			0.0	8000.0		
19771	1	1	4.0	8.0	0.0	8000.0	cluster_2	BO-82Tapyta/BO-82TAPYTA_20250414_211902.wav
19772	1	1	32.0	36.0	0.0	8000.0	cluster_2	BO-82Tapyta/BO-82TAPYTA_20250415_224302.wav
19773	1	1	18.0	22.0	0.0	8000.0	cluster_2	BO-82Tapyta/BO-82TAPYTA_20250425_001802.wav
19774	1	1			0.0	8000.0		
19775	1	1			0.0	8000.0		
19776	1	1			0.0	8000.0		
19777	1	1			0.0	8000.0		
19778	1	1			0.0	8000.0		
19779	1	1			0.0	8000.0		
19780	1	1			0.0	8000.0		
19781	1	1			0.0	8000.0		
19782	1	1	18.0	22.0	0.0	8000.0	cluster_2	BO-82Tapyta/BO-82TAPYTA_20250416_210502.wav
19783	1	1			0.0	8000.0		
19784	1	1			0.0	8000.0		
19785	1	1			0.0	8000.0		
19786	1	1			0.0	8000.0		
19787	1	1			0.0	8000.0		
19788	1	1			0.0	8000.0		
19789	1	1			0.0	8000.0		
19790	1	1			0.0	8000.0		
19791	1	1			0.0	8000.0		
19792	1	1			0.0	8000.0		
19793	1	1			0.0	8000.0		
19794	1	1			0.0	8000.0		
19795	1	1			0.0	8000.0		
19796	1	1			0.0	8000.0		
19797	1	1			0.0	8000.0		
19798	1	1			0.0	8000.0		
19799	1	1			0.0	8000.0		
19800	1	1			0.0	8000.0		
19801	1	1	36.0	40.0	0.0	8000.0	cluster_2	BO-82Tapyta/BO-82TAPYTA_20250502_192702.wav
19802	1	1			0.0	8000.0		
19803	1	1			0.0	8000.0		
19804	1	1			0.0	8000.0		
19805	1	1			0.0	8000.0		
19806	1	1			0.0	8000.0		
19807	1	1	18.0	22.0	0.0	8000.0	cluster_2	BO-82Tapyta/BO-82TAPYTA_20250416_215902.wav
19808	1	1			0.0	8000.0		
19809	1	1			0.0	8000.0		
19810	1	1			0.0	8000.0		
19811	1	1			0.0	8000.0		
19812	1	1	12.0	16.0	0.0	8000.0	cluster_2	BO-82Tapyta/BO-82TAPYTA_20250412_022402.wav
19813	1	1			0.0	8000.0		
19814	1	1			0.0	8000.0		
19815	1	1			0.0	8000.0		
19816	1	1			0.0	8000.0		
19817	1	1			0.0	8000.0		
19818	1	1			0.0	8000.0		
19819	1	1			0.0	8000.0		
19820	1	1			0.0	8000.0		
19821	1	1			0.0	8000.0		
19822	1	1			0.0	8000.0		
19823	1	1			0.0	8000.0		
19824	1	1			0.0	8000.0		
19825	1	1			0.0	8000.0		
19826	1	1			0.0	8000.0		
19827	1	1			0.0	8000.0		
19828	1	1			0.0	8000.0		
19829	1	1			0.0	8000.0		
19830	1	1	18.0	22.0	0.0	8000.0	cluster_2	BO-82Tapyta/BO-82TAPYTA_20250412_043602.wav
19831	1	1			0.0	8000.0		
19832	1	1			0.0	8000.0		
19833	1	1			0.0	8000.0		
19834	1	1			0.0	8000.0		
19835	1	1			0.0	8000.0		
19836	1	1			0.0	8000.0		
19837	1	1			0.0	8000.0		
19838	1	1			0.0	8000.0		
19839	1	1			0.0	8000.0		
19840	1	1			0.0	8000.0		
19841	1	1	28.0	32.0	0.0	8000.0	cluster_2	BO-82Tapyta/BO-82TAPYTA_20250417_194802.wav
19842	1	1			0.0	8000.0		
19843	1	1			0.0	8000.0		
19844	1	1			0.0	8000.0		
19845	1	1			0.0	8000.0		
19846	1	1			0.0	8000.0		
19847	1	1	4.0	8.0	0.0	8000.0	cluster_2	BO-81Tapyta/BO-81TAPYTA_20250413_223502.wav
19848	1	1			0.0	8000.0		
19849	1	1			0.0	8000.0		
19850	1	1			0.0	8000.0		
19851	1	1			0.0	8000.0		
19852	1	1	46.0	50.0	0.0	8000.0	cluster_2	BO-81Tapyta/BO-81TAPYTA_20250416_053702.wav
19853	1	1			0.0	8000.0		
19854	1	1			0.0	8000.0		
19855	1	1	32.0	36.0	0.0	8000.0	cluster_2	BO-81Tapyta/BO-81TAPYTA_20250411_214002.wav
19856	1	1	12.0	16.0	0.0	8000.0	cluster_2	BO-82Tapyta/BO-82TAPYTA_20250415_223302.wav
19857	1	1			0.0	8000.0		
19858	1	1			0.0	8000.0		
19859	1	1			0.0	8000.0		
19860	1	1			0.0	8000.0		
19861	1	1			0.0	8000.0		
19862	1	1			0.0	8000.0		
19863	1	1			0.0	8000.0		
19864	1	1			0.0	8000.0		
19865	1	1			0.0	8000.0		
19866	1	1	46.0	50.0	0.0	8000.0	cluster_2	BO-82Tapyta/BO-82TAPYTA_20250411_234202.wav
19867	1	1			0.0	8000.0		
19868	1	1			0.0	8000.0		
19869	1	1	48.0	52.0	0.0	8000.0	cluster_2	BO-82Tapyta/BO-82TAPYTA_20250426_194102.wav
19870	1	1	28.0	32.0	0.0	8000.0	cluster_2	BO-82Tapyta/BO-82TAPYTA_20250416_210902.wav
19871	1	1			0.0	8000.0		
19872	1	1			0.0	8000.0		
19873	1	1			0.0	8000.0		
19874	1	1			0.0	8000.0		
19875	1	1			0.0	8000.0		
19876	1	1			0.0	8000.0		
19877	1	1	8.0	12.0	0.0	8000.0	cluster_2	BO-82Tapyta/BO-82TAPYTA_20250416_231202.wav
19878	1	1			0.0	8000.0		
19879	1	1			0.0	8000.0		
19880	1	1			0.0	8000.0		
19881	1	1			0.0	8000.0		
19882	1	1			0.0	8000.0		
19883	1	1			0.0	8000.0		
19884	1	1			0.0	8000.0		
19885	1	1	44.0	48.0	0.0	8000.0	cluster_2	BO-82Tapyta/BO-82TAPYTA_20250417_021202.wav
19886	1	1			0.0	8000.0		
19887	1	1	22.0	26.0	0.0	8000.0	cluster_2	BO-82Tapyta/BO-82TAPYTA_20250502_220902.wav
19888	1	1	22.0	26.0	0.0	8000.0	cluster_2	BO-82Tapyta/BO-82TAPYTA_20250424_234802.wav
19889	1	1	30.0	34.0	0.0	8000.0	cluster_2	BO-82Tapyta/BO-82TAPYTA_20250426_034602.wav
19890	1	1			0.0	8000.0		
19891	1	1	38.0	42.0	0.0	8000.0	cluster_2	BO-82Tapyta/BO-82TAPYTA_20250427_211302.wav
19892	1	1			0.0	8000.0		
19893	1	1			0.0	8000.0		
19894	1	1	28.0	32.0	0.0	8000.0	cluster_2	BO-82Tapyta/BO-82TAPYTA_20250426_202602.wav
19895	1	1			0.0	8000.0		
19896	1	1			0.0	8000.0		
19897	1	1			0.0	8000.0		
19898	1	1			0.0	8000.0		
19899	1	1			0.0	8000.0		
19900	1	1			0.0	8000.0		
19901	1	1			0.0	8000.0		
19902	1	1			0.0	8000.0		
19903	1	1			0.0	8000.0		
19904	1	1			0.0	8000.0		
19905	1	1	30.0	34.0	0.0	8000.0	cluster_2	BO-82Tapyta/BO-82TAPYTA_20250427_000902.wav
19906	1	1	16.0	20.0	0.0	8000.0	cluster_2	BO-82Tapyta/BO-82TAPYTA_20250417_050502.wav
19907	1	1	24.0	28.0	0.0	8000.0	cluster_2	BO-82Tapyta/BO-82TAPYTA_20250426_235302.wav
19908	1	1			0.0	8000.0		
19909	1	1	22.0	26.0	0.0	8000.0	cluster_2	BO-81Tapyta/BO-81TAPYTA_20250415_213202.wav
19910	1	1			0.0	8000.0		
19911	1	1			0.0	8000.0		
19912	1	1			0.0	8000.0		
19913	1	1			0.0	8000.0		
19914	1	1			0.0	8000.0		
19915	1	1			0.0	8000.0		
19916	1	1			0.0	8000.0		
19917	1	1	30.0	34.0	0.0	8000.0	cluster_2	BO-82Tapyta/BO-82TAPYTA_20250425_194502.wav
19918	1	1			0.0	8000.0		
19919	1	1			0.0	8000.0		
19920	1	1			0.0	8000.0		
19921	1	1			0.0	8000.0		
19922	1	1	50.0	54.0	0.0	8000.0	cluster_2	BO-82Tapyta/BO-82TAPYTA_20250502_220102.wav
19923	1	1			0.0	8000.0		
19924	1	1			0.0	8000.0		
19925	1	1			0.0	8000.0		
19926	1	1	14.0	18.0	0.0	8000.0	cluster_2	BO-81Tapyta/BO-81TAPYTA_20250412_005802.wav
19927	1	1			0.0	8000.0		
19928	1	1			0.0	8000.0		
19929	1	1	16.0	20.0	0.0	8000.0	cluster_2	BO-82Tapyta/BO-82TAPYTA_20250425_011102.wav
19930	1	1			0.0	8000.0		
19931	1	1	52.0	56.0	0.0	8000.0	cluster_2	BO-82Tapyta/BO-82TAPYTA_20250415_214202.wav
19932	1	1	48.0	52.0	0.0	8000.0	cluster_2	BO-82Tapyta/BO-82TAPYTA_20250412_042302.wav
19933	1	1			0.0	8000.0		
19934	1	1	48.0	52.0	0.0	8000.0	cluster_2	BO-82Tapyta/BO-82TAPYTA_20250424_201702.wav
19935	1	1	18.0	22.0	0.0	8000.0	cluster_2	BO-82Tapyta/BO-82TAPYTA_20250417_203602.wav
19936	1	1			0.0	8000.0		
19937	1	1			0.0	8000.0		
19938	1	1	2.0	6.0	0.0	8000.0	cluster_2	BO-82Tapyta/BO-82TAPYTA_20250415_201402.wav
19939	1	1			0.0	8000.0		
19940	1	1			0.0	8000.0		
19941	1	1			0.0	8000.0		
19942	1	1			0.0	8000.0		
19943	1	1			0.0	8000.0		
19944	1	1			0.0	8000.0		
19945	1	1			0.0	8000.0		
19946	1	1			0.0	8000.0		
19947	1	1			0.0	8000.0		
19948	1	1	42.0	46.0	0.0	8000.0	cluster_2	BO-82Tapyta/BO-82TAPYTA_20250426_205002.wav
19949	1	1			0.0	8000.0		
19950	1	1			0.0	8000.0		
19951	1	1			0.0	8000.0		
19952	1	1	12.0	16.0	0.0	8000.0	cluster_2	BO-82Tapyta/BO-82TAPYTA_20250424_210402.wav
19953	1	1			0.0	8000.0		
19954	1	1			0.0	8000.0		
19955	1	1			0.0	8000.0		
19956	1	1			0.0	8000.0		
19957	1	1			0.0	8000.0		
19958	1	1			0.0	8000.0		
19959	1	1	52.0	56.0	0.0	8000.0	cluster_2	BO-82Tapyta/BO-82TAPYTA_20250426_002602.wav
19960	1	1			0.0	8000.0		
19961	1	1	52.0	56.0	0.0	8000.0	cluster_2	BO-82Tapyta/BO-82TAPYTA_20250426_040902.wav
19962	1	1	38.0	42.0	0.0	8000.0	cluster_2	BO-82Tapyta/BO-82TAPYTA_20250417_011202.wav
19963	1	1			0.0	8000.0		
19964	1	1	10.0	14.0	0.0	8000.0	cluster_2	BO-82Tapyta/BO-82TAPYTA_20250411_221502.wav
19965	1	1	32.0	36.0	0.0	8000.0	cluster_2	BO-82Tapyta/BO-82TAPYTA_20250426_035502.wav
19966	1	1	40.0	44.0	0.0	8000.0	cluster_2	BO-81Tapyta/BO-81TAPYTA_20250411_224702.wav
19967	1	1			0.0	8000.0		
19968	1	1			0.0	8000.0		
19969	1	1	20.0	24.0	0.0	8000.0	cluster_2	BO-82Tapyta/BO-82TAPYTA_20250418_054102.wav
19970	1	1	20.0	24.0	0.0	8000.0	cluster_2	BO-82Tapyta/BO-82TAPYTA_20250427_012502.wav
19971	1	1	20.0	24.0	0.0	8000.0	cluster_2	BO-82Tapyta/BO-82TAPYTA_20250502_214502.wav
19972	1	1			0.0	8000.0		
19973	1	1			0.0	8000.0		
19974	1	1			0.0	8000.0		
19975	1	1			0.0	8000.0		
19976	1	1			0.0	8000.0		
19977	1	1			0.0	8000.0		
19978	1	1	48.0	52.0	0.0	8000.0	cluster_2	BO-82Tapyta/BO-82TAPYTA_20250426_005202.wav
19979	1	1			0.0	8000.0		
19980	1	1			0.0	8000.0		
19981	1	1			0.0	8000.0		
19982	1	1			0.0	8000.0		
19983	1	1			0.0	8000.0		
19984	1	1	32.0	36.0	0.0	8000.0	cluster_2	BO-82Tapyta/BO-82TAPYTA_20250417_205502.wav
19985	1	1			0.0	8000.0		
19986	1	1			0.0	8000.0		
19987	1	1	52.0	56.0	0.0	8000.0	cluster_2	BO-82Tapyta/BO-82TAPYTA_20250411_220302.wav
19988	1	1			0.0	8000.0		
19989	1	1			0.0	8000.0		
19990	1	1	28.0	32.0	0.0	8000.0	cluster_2	BO-82Tapyta/BO-82TAPYTA_20250426_022402.wav
19991	1	1			0.0	8000.0		
19992	1	1	52.0	56.0	0.0	8000.0	cluster_2	BO-82Tapyta/BO-82TAPYTA_20250427_012702.wav
19993	1	1	46.0	50.0	0.0	8000.0	cluster_2	BO-82Tapyta/BO-82TAPYTA_20250502_203902.wav
19994	1	1			0.0	8000.0		
19995	1	1	8.0	12.0	0.0	8000.0	cluster_2	BO-81Tapyta/BO-81TAPYTA_20250416_030102.wav
19996	1	1	18.0	22.0	0.0	8000.0	cluster_2	BO-82Tapyta/BO-82TAPYTA_20250427_022702.wav
19997	1	1			0.0	8000.0		
19998	1	1			0.0	8000.0		
19999	1	1	38.0	42.0	0.0	8000.0	cluster_2	BO-82Tapyta/BO-82TAPYTA_20250413_205602.wav
20000	1	1			0.0	8000.0		
20001	1	1			0.0	8000.0		
20002	1	1			0.0	8000.0		
20003	1	1			0.0	8000.0		
20004	1	1	36.0	40.0	0.0	8000.0	cluster_2	BO-82Tapyta/BO-82TAPYTA_20250427_025402.wav
20005	1	1			0.0	8000.0		
20006	1	1			0.0	8000.0		
20007	1	1			0.0	8000.0		
20008	1	1			0.0	8000.0		
20009	1	1	12.0	16.0	0.0	8000.0	cluster_2	BO-82Tapyta/BO-82TAPYTA_20250417_002702.wav
20010	1	1	32.0	36.0	0.0	8000.0	cluster_2	BO-82Tapyta/BO-82TAPYTA_20250411_221902.wav
20011	1	1			0.0	8000.0		
20012	1	1	38.0	42.0	0.0	8000.0	cluster_2	BO-82Tapyta/BO-82TAPYTA_20250412_052202.wav
20013	1	1			0.0	8000.0		
20014	1	1			0.0	8000.0		
20015	1	1			0.0	8000.0		
20016	1	1			0.0	8000.0		
20017	1	1			0.0	8000.0		
20018	1	1			0.0	8000.0		
20019	1	1			0.0	8000.0		
20020	1	1			0.0	8000.0		
20021	1	1			0.0	8000.0		
20022	1	1			0.0	8000.0		
20023	1	1			0.0	8000.0		
20024	1	1			0.0	8000.0		
20025	1	1			0.0	8000.0		
20026	1	1			0.0	8000.0		
20027	1	1			0.0	8000.0		
20028	1	1			0.0	8000.0		
20029	1	1	34.0	38.0	0.0	8000.0	cluster_2	BO-81Tapyta/BO-81TAPYTA_20250413_205002.wav
20030	1	1	16.0	20.0	0.0	8000.0	cluster_2	BO-82Tapyta/BO-82TAPYTA_20250418_010702.wav
20031	1	1			0.0	8000.0		
20032	1	1	32.0	36.0	0.0	8000.0	cluster_2	BO-82Tapyta/BO-82TAPYTA_20250413_203102.wav
20033	1	1			0.0	8000.0		
20034	1	1			0.0	8000.0		
20035	1	1	6.0	10.0	0.0	8000.0	cluster_2	BO-82Tapyta/BO-82TAPYTA_20250427_054502.wav
20036	1	1	14.0	18.0	0.0	8000.0	cluster_2	BO-82Tapyta/BO-82TAPYTA_20250418_012302.wav
20037	1	1			0.0	8000.0		
20038	1	1	8.0	12.0	0.0	8000.0	cluster_2	BO-82Tapyta/BO-82TAPYTA_20250414_223202.wav
20039	1	1	0.0	4.0	0.0	8000.0	cluster_2	BO-82Tapyta/BO-82TAPYTA_20250411_202902.wav
20040	1	1			0.0	8000.0		
20041	1	1			0.0	8000.0		
20042	1	1			0.0	8000.0		
20043	1	1			0.0	8000.0		
20044	1	1	46.0	50.0	0.0	8000.0	cluster_2	BO-82Tapyta/BO-82TAPYTA_20250425_023602.wav
20045	1	1			0.0	8000.0		
20046	1	1	10.0	14.0	0.0	8000.0	cluster_2	BO-81Tapyta/BO-81TAPYTA_20250413_221402.wav
20047	1	1			0.0	8000.0		
20048	1	1	38.0	42.0	0.0	8000.0	cluster_2	BO-82Tapyta/BO-82TAPYTA_20250415_221902.wav
20049	1	1			0.0	8000.0		
20050	1	1	14.0	18.0	0.0	8000.0	cluster_2	BO-82Tapyta/BO-82TAPYTA_20250417_214502.wav
20051	1	1			0.0	8000.0		
20052	1	1			0.0	8000.0		
20053	1	1			0.0	8000.0		
20054	1	1			0.0	8000.0		
20055	1	1			0.0	8000.0		
20056	1	1			0.0	8000.0		
20057	1	1			0.0	8000.0		
20058	1	1			0.0	8000.0		
20059	1	1			0.0	8000.0		
20060	1	1			0.0	8000.0		
20061	1	1			0.0	8000.0		
20062	1	1			0.0	8000.0		
20063	1	1			0.0	8000.0		
20064	1	1	2.0	6.0	0.0	8000.0	cluster_2	BO-81Tapyta/BO-81TAPYTA_20250413_220902.wav
20065	1	1			0.0	8000.0		
20066	1	1			0.0	8000.0		
20067	1	1			0.0	8000.0		
20068	1	1	2.0	6.0	0.0	8000.0	cluster_2	BO-82Tapyta/BO-82TAPYTA_20250411_231402.wav
20069	1	1	18.0	22.0	0.0	8000.0	cluster_2	BO-82Tapyta/BO-82TAPYTA_20250425_022302.wav
20070	1	1			0.0	8000.0		
20071	1	1			0.0	8000.0		
20072	1	1			0.0	8000.0		
20073	1	1			0.0	8000.0		
20074	1	1			0.0	8000.0		
20075	1	1	28.0	32.0	0.0	8000.0	cluster_2	BO-81Tapyta/BO-81TAPYTA_20250412_041502.wav
20076	1	1			0.0	8000.0		
20077	1	1			0.0	8000.0		
20078	1	1	28.0	32.0	0.0	8000.0	cluster_2	BO-82Tapyta/BO-82TAPYTA_20250426_001002.wav
20079	1	1			0.0	8000.0		
20080	1	1			0.0	8000.0		
20081	1	1			0.0	8000.0		
20082	1	1			0.0	8000.0		
20083	1	1			0.0	8000.0		
20084	1	1			0.0	8000.0		
20085	1	1			0.0	8000.0		
20086	1	1			0.0	8000.0		
20087	1	1			0.0	8000.0		
20088	1	1			0.0	8000.0		
20089	1	1			0.0	8000.0		
20090	1	1			0.0	8000.0		
20091	1	1			0.0	8000.0		
20092	1	1			0.0	8000.0		
20093	1	1			0.0	8000.0		
20094	1	1			0.0	8000.0		
20095	1	1			0.0	8000.0		
20096	1	1			0.0	8000.0		
20097	1	1			0.0	8000.0		
20098	1	1			0.0	8000.0		
20099	1	1	48.0	52.0	0.0	8000.0	cluster_2	BO-82Tapyta/BO-82TAPYTA_20250411_212702.wav
20100	1	1	18.0	22.0	0.0	8000.0	cluster_2	BO-82Tapyta/BO-82TAPYTA_20250417_203302.wav
20101	1	1			0.0	8000.0		
20102	1	1			0.0	8000.0		
20103	1	1	32.0	36.0	0.0	8000.0	cluster_2	BO-82Tapyta/BO-82TAPYTA_20250427_023502.wav
20104	1	1			0.0	8000.0		
20105	1	1			0.0	8000.0		
20106	1	1			0.0	8000.0		
20107	1	1			0.0	8000.0		
20108	1	1			0.0	8000.0		
20109	1	1			0.0	8000.0		
20110	1	1			0.0	8000.0		
20111	1	1			0.0	8000.0		
20112	1	1			0.0	8000.0		
20113	1	1	46.0	50.0	0.0	8000.0	cluster_2	BO-82Tapyta/BO-82TAPYTA_20250411_200702.wav
20114	1	1	30.0	34.0	0.0	8000.0	cluster_2	BO-82Tapyta/BO-82TAPYTA_20250415_194902.wav
20115	1	1			0.0	8000.0		
20116	1	1			0.0	8000.0		
20117	1	1			0.0	8000.0		
20118	1	1			0.0	8000.0		
20119	1	1	6.0	10.0	0.0	8000.0	cluster_2	BO-81Tapyta/BO-81TAPYTA_20250416_042302.wav
20120	1	1			0.0	8000.0		
20121	1	1			0.0	8000.0		
20122	1	1			0.0	8000.0		
20123	1	1			0.0	8000.0		
20124	1	1	40.0	44.0	0.0	8000.0	cluster_2	BO-81Tapyta/BO-81TAPYTA_20250414_205402.wav
20125	1	1			0.0	8000.0		
20126	1	1			0.0	8000.0		
20127	1	1			0.0	8000.0		
20128	1	1			0.0	8000.0		
20129	1	1			0.0	8000.0		
20130	1	1	20.0	24.0	0.0	8000.0	cluster_2	BO-81Tapyta/BO-81TAPYTA_20250412_004802.wav
20131	1	1			0.0	8000.0		
20132	1	1			0.0	8000.0		
20133	1	1			0.0	8000.0		
20134	1	1			0.0	8000.0		
20135	1	1			0.0	8000.0		
20136	1	1			0.0	8000.0		
20137	1	1			0.0	8000.0		
20138	1	1			0.0	8000.0		
20139	1	1			0.0	8000.0		
20140	1	1	46.0	50.0	0.0	8000.0	cluster_2	BO-82Tapyta/BO-82TAPYTA_20250426_021402.wav
20141	1	1			0.0	8000.0		
20142	1	1			0.0	8000.0		
20143	1	1			0.0	8000.0		
20144	1	1			0.0	8000.0		
20145	1	1			0.0	8000.0		
20146	1	1			0.0	8000.0		
20147	1	1			0.0	8000.0		
20148	1	1			0.0	8000.0		
20149	1	1			0.0	8000.0		
20150	1	1	8.0	12.0	0.0	8000.0	cluster_2	BO-82Tapyta/BO-82TAPYTA_20250417_031202.wav
20151	1	1			0.0	8000.0		
20152	1	1			0.0	8000.0		
20153	1	1			0.0	8000.0		
20154	1	1			0.0	8000.0		
20155	1	1			0.0	8000.0		
20156	1	1			0.0	8000.0		
20157	1	1			0.0	8000.0		
20158	1	1			0.0	8000.0		
20159	1	1			0.0	8000.0		
20160	1	1	16.0	20.0	0.0	8000.0	cluster_2	BO-82Tapyta/BO-82TAPYTA_20250413_200502.wav
20161	1	1			0.0	8000.0		
20162	1	1			0.0	8000.0		
20163	1	1			0.0	8000.0		
20164	1	1			0.0	8000.0		
20165	1	1	52.0	56.0	0.0	8000.0	cluster_2	BO-82Tapyta/BO-82TAPYTA_20250411_225402.wav
20166	1	1			0.0	8000.0		
20167	1	1			0.0	8000.0		
20168	1	1			0.0	8000.0		
20169	1	1			0.0	8000.0		
20170	1	1			0.0	8000.0		
20171	1	1			0.0	8000.0		
20172	1	1			0.0	8000.0		
20173	1	1			0.0	8000.0		
20174	1	1			0.0	8000.0		
20175	1	1			0.0	8000.0		
20176	1	1			0.0	8000.0		
20177	1	1			0.0	8000.0		
20178	1	1			0.0	8000.0		
20179	1	1			0.0	8000.0		
20180	1	1			0.0	8000.0		
20181	1	1			0.0	8000.0		
20182	1	1	26.0	30.0	0.0	8000.0	cluster_2	BO-81Tapyta/BO-81TAPYTA_20250416_044702.wav
20183	1	1			0.0	8000.0		
20184	1	1	12.0	16.0	0.0	8000.0	cluster_2	BO-82Tapyta/BO-82TAPYTA_20250416_211402.wav
20185	1	1	12.0	16.0	0.0	8000.0	cluster_2	BO-82Tapyta/BO-82TAPYTA_20250415_233602.wav
20186	1	1			0.0	8000.0		
20187	1	1	6.0	10.0	0.0	8000.0	cluster_2	BO-82Tapyta/BO-82TAPYTA_20250426_204802.wav
20188	1	1			0.0	8000.0		
20189	1	1			0.0	8000.0		
20190	1	1	22.0	26.0	0.0	8000.0	cluster_2	BO-82Tapyta/BO-82TAPYTA_20250414_201202.wav
20191	1	1			0.0	8000.0		
20192	1	1			0.0	8000.0		
20193	1	1	6.0	10.0	0.0	8000.0	cluster_2	BO-82Tapyta/BO-82TAPYTA_20250418_001902.wav
20194	1	1			0.0	8000.0		
20195	1	1			0.0	8000.0		
20196	1	1			0.0	8000.0		
20197	1	1			0.0	8000.0		
20198	1	1			0.0	8000.0		
20199	1	1			0.0	8000.0		
20200	1	1			0.0	8000.0		
20201	1	1			0.0	8000.0		
20202	1	1	32.0	36.0	0.0	8000.0	cluster_2	BO-82Tapyta/BO-82TAPYTA_20250417_211602.wav
20203	1	1			0.0	8000.0		
20204	1	1			0.0	8000.0		
20205	1	1			0.0	8000.0		
20206	1	1			0.0	8000.0		
20207	1	1			0.0	8000.0		
20208	1	1	12.0	16.0	0.0	8000.0	cluster_2	BO-82Tapyta/BO-82TAPYTA_20250425_204602.wav
20209	1	1			0.0	8000.0		
20210	1	1			0.0	8000.0		
20211	1	1			0.0	8000.0		
20212	1	1			0.0	8000.0		
20213	1	1			0.0	8000.0		
20214	1	1			0.0	8000.0		
20215	1	1	46.0	50.0	0.0	8000.0	cluster_2	BO-82Tapyta/BO-82TAPYTA_20250427_011702.wav
20216	1	1	50.0	54.0	0.0	8000.0	cluster_2	BO-82Tapyta/BO-82TAPYTA_20250415_234202.wav
20217	1	1	34.0	38.0	0.0	8000.0	cluster_2	BO-81Tapyta/BO-81TAPYTA_20250415_194702.wav
20218	1	1			0.0	8000.0		
20219	1	1	20.0	24.0	0.0	8000.0	cluster_2	BO-82Tapyta/BO-82TAPYTA_20250427_032502.wav
20220	1	1			0.0	8000.0		
20221	1	1			0.0	8000.0		
20222	1	1			0.0	8000.0		
20223	1	1	2.0	6.0	0.0	8000.0	cluster_2	BO-82Tapyta/BO-82TAPYTA_20250424_010202.wav
20224	1	1			0.0	8000.0		
20225	1	1			0.0	8000.0		
20226	1	1			0.0	8000.0		
20227	1	1	38.0	42.0	0.0	8000.0	cluster_2	BO-82Tapyta/BO-82TAPYTA_20250427_200202.wav
20228	1	1			0.0	8000.0		
20229	1	1			0.0	8000.0		
20230	1	1			0.0	8000.0		
20231	1	1			0.0	8000.0		
20232	1	1			0.0	8000.0		
20233	1	1			0.0	8000.0		
20234	1	1			0.0	8000.0		
20235	1	1			0.0	8000.0		
20236	1	1	24.0	28.0	0.0	8000.0	cluster_2	BO-82Tapyta/BO-82TAPYTA_20250424_203602.wav
20237	1	1			0.0	8000.0		
20238	1	1			0.0	8000.0		
20239	1	1			0.0	8000.0		
20240	1	1	30.0	34.0	0.0	8000.0	cluster_2	BO-82Tapyta/BO-82TAPYTA_20250412_005102.wav
20241	1	1			0.0	8000.0		
20242	1	1			0.0	8000.0		
20243	1	1	0.0	4.0	0.0	8000.0	cluster_2	BO-82Tapyta/BO-82TAPYTA_20250425_233602.wav
20244	1	1			0.0	8000.0		
20245	1	1	28.0	32.0	0.0	8000.0	cluster_2	BO-82Tapyta/BO-82TAPYTA_20250416_214502.wav
20246	1	1			0.0	8000.0		
20247	1	1	0.0	4.0	0.0	8000.0	cluster_2	BO-82Tapyta/BO-82TAPYTA_20250418_034402.wav
20248	1	1			0.0	8000.0		
20249	1	1	52.0	56.0	0.0	8000.0	cluster_2	BO-82Tapyta/BO-82TAPYTA_20250426_201402.wav
20250	1	1			0.0	8000.0		
20251	1	1			0.0	8000.0		
20252	1	1			0.0	8000.0		
20253	1	1			0.0	8000.0		
20254	1	1			0.0	8000.0		
20255	1	1			0.0	8000.0		
20256	1	1			0.0	8000.0		
20257	1	1	48.0	52.0	0.0	8000.0	cluster_2	BO-82Tapyta/BO-82TAPYTA_20250417_222502.wav
20258	1	1	6.0	10.0	0.0	8000.0	cluster_2	BO-81Tapyta/BO-81TAPYTA_20250416_004102.wav
20259	1	1	12.0	16.0	0.0	8000.0	cluster_2	BO-82Tapyta/BO-82TAPYTA_20250426_003102.wav
20260	1	1			0.0	8000.0		
20261	1	1			0.0	8000.0		
20262	1	1			0.0	8000.0		
20263	1	1			0.0	8000.0		
20264	1	1			0.0	8000.0		
20265	1	1			0.0	8000.0		
20266	1	1			0.0	8000.0		
20267	1	1			0.0	8000.0		
20268	1	1			0.0	8000.0		
20269	1	1			0.0	8000.0		
20270	1	1			0.0	8000.0		
20271	1	1			0.0	8000.0		
20272	1	1			0.0	8000.0		
20273	1	1	16.0	20.0	0.0	8000.0	cluster_2	BO-82Tapyta/BO-82TAPYTA_20250427_000302.wav
20274	1	1			0.0	8000.0		
20275	1	1	36.0	40.0	0.0	8000.0	cluster_2	BO-82Tapyta/BO-82TAPYTA_20250413_194102.wav
20276	1	1	52.0	56.0	0.0	8000.0	cluster_2	BO-82Tapyta/BO-82TAPYTA_20250425_010802.wav
20277	1	1			0.0	8000.0		
20278	1	1	20.0	24.0	0.0	8000.0	cluster_2	BO-82Tapyta/BO-82TAPYTA_20250414_195102.wav
20279	1	1			0.0	8000.0		
20280	1	1			0.0	8000.0		
20281	1	1	6.0	10.0	0.0	8000.0	cluster_2	BO-82Tapyta/BO-82TAPYTA_20250427_195502.wav
20282	1	1			0.0	8000.0		
20283	1	1	8.0	12.0	0.0	8000.0	cluster_2	BO-81Tapyta/BO-81TAPYTA_20250416_025702.wav
20284	1	1			0.0	8000.0		
20285	1	1			0.0	8000.0		
20286	1	1			0.0	8000.0		
20287	1	1			0.0	8000.0		
20288	1	1	8.0	12.0	0.0	8000.0	cluster_2	BO-82Tapyta/BO-82TAPYTA_20250411_192202.wav
20289	1	1			0.0	8000.0		
20290	1	1			0.0	8000.0		
20291	1	1			0.0	8000.0		
20292	1	1			0.0	8000.0		
20293	1	1	4.0	8.0	0.0	8000.0	cluster_2	BO-82Tapyta/BO-82TAPYTA_20250417_013902.wav
20294	1	1			0.0	8000.0		
20295	1	1			0.0	8000.0		
20296	1	1			0.0	8000.0		
20297	1	1			0.0	8000.0		
20298	1	1			0.0	8000.0		
20299	1	1			0.0	8000.0		
20300	1	1			0.0	8000.0		
20301	1	1			0.0	8000.0		
20302	1	1			0.0	8000.0		
20303	1	1			0.0	8000.0		
20304	1	1			0.0	8000.0		
20305	1	1			0.0	8000.0		
20306	1	1	40.0	44.0	0.0	8000.0	cluster_2	BO-82Tapyta/BO-82TAPYTA_20250412_051102.wav
20307	1	1			0.0	8000.0		
20308	1	1	50.0	54.0	0.0	8000.0	cluster_2	BO-82Tapyta/BO-82TAPYTA_20250412_013902.wav
20309	1	1			0.0	8000.0		
20310	1	1			0.0	8000.0		
20311	1	1			0.0	8000.0		
20312	1	1			0.0	8000.0		
20313	1	1			0.0	8000.0		
20314	1	1			0.0	8000.0		
20315	1	1			0.0	8000.0		
20316	1	1			0.0	8000.0		
20317	1	1	28.0	32.0	0.0	8000.0	cluster_2	BO-81Tapyta/BO-81TAPYTA_20250415_220102.wav
20318	1	1			0.0	8000.0		
20319	1	1	48.0	52.0	0.0	8000.0	cluster_2	BO-82Tapyta/BO-82TAPYTA_20250426_051102.wav
20320	1	1			0.0	8000.0		
20321	1	1			0.0	8000.0		
20322	1	1	8.0	12.0	0.0	8000.0	cluster_2	BO-82Tapyta/BO-82TAPYTA_20250411_222102.wav
20323	1	1			0.0	8000.0		
20324	1	1			0.0	8000.0		
20325	1	1			0.0	8000.0		
20326	1	1	30.0	34.0	0.0	8000.0	cluster_2	BO-82Tapyta/BO-82TAPYTA_20250427_000402.wav
20327	1	1			0.0	8000.0		
20328	1	1	50.0	54.0	0.0	8000.0	cluster_2	BO-82Tapyta/BO-82TAPYTA_20250416_003102.wav
20329	1	1	18.0	22.0	0.0	8000.0	cluster_2	BO-82Tapyta/BO-82TAPYTA_20250416_235502.wav
20330	1	1	0.0	4.0	0.0	8000.0	cluster_2	BO-82Tapyta/BO-82TAPYTA_20250413_220202.wav
20331	1	1			0.0	8000.0		
20332	1	1			0.0	8000.0		
20333	1	1			0.0	8000.0		
20334	1	1			0.0	8000.0		
20335	1	1	36.0	40.0	0.0	8000.0	cluster_2	BO-82Tapyta/BO-82TAPYTA_20250426_192702.wav
20336	1	1	34.0	38.0	0.0	8000.0	cluster_2	BO-82Tapyta/BO-82TAPYTA_20250415_205502.wav
20337	1	1			0.0	8000.0		
20338	1	1			0.0	8000.0		
20339	1	1			0.0	8000.0		
20340	1	1			0.0	8000.0		
20341	1	1			0.0	8000.0		
20342	1	1			0.0	8000.0		
20343	1	1	20.0	24.0	0.0	8000.0	cluster_2	BO-81Tapyta/BO-81TAPYTA_20250414_214602.wav
20344	1	1			0.0	8000.0		
20345	1	1			0.0	8000.0		
20346	1	1			0.0	8000.0		
20347	1	1			0.0	8000.0		
20348	1	1			0.0	8000.0		
20349	1	1			0.0	8000.0		
20350	1	1			0.0	8000.0		
20351	1	1			0.0	8000.0		
20352	1	1			0.0	8000.0		
20353	1	1			0.0	8000.0		
20354	1	1			0.0	8000.0		
20355	1	1			0.0	8000.0		
20356	1	1			0.0	8000.0		
20357	1	1			0.0	8000.0		
20358	1	1			0.0	8000.0		
20359	1	1			0.0	8000.0		
20360	1	1			0.0	8000.0		
20361	1	1			0.0	8000.0		
20362	1	1			0.0	8000.0		
20363	1	1			0.0	8000.0		
20364	1	1			0.0	8000.0		
20365	1	1	8.0	12.0	0.0	8000.0	cluster_2	BO-82Tapyta/BO-82TAPYTA_20250425_210502.wav
20366	1	1	6.0	10.0	0.0	8000.0	cluster_2	BO-81Tapyta/BO-81TAPYTA_20250415_234302.wav
20367	1	1			0.0	8000.0		
20368	1	1			0.0	8000.0		
20369	1	1			0.0	8000.0		
20370	1	1	44.0	48.0	0.0	8000.0	cluster_2	BO-82Tapyta/BO-82TAPYTA_20250425_212902.wav
20371	1	1	6.0	10.0	0.0	8000.0	cluster_2	BO-82Tapyta/BO-82TAPYTA_20250426_191602.wav
20372	1	1			0.0	8000.0		
20373	1	1			0.0	8000.0		
20374	1	1			0.0	8000.0		
20375	1	1			0.0	8000.0		
20376	1	1			0.0	8000.0		
20377	1	1	20.0	24.0	0.0	8000.0	cluster_2	BO-82Tapyta/BO-82TAPYTA_20250417_000902.wav
20378	1	1	34.0	38.0	0.0	8000.0	cluster_2	BO-82Tapyta/BO-82TAPYTA_20250413_210902.wav
20379	1	1	6.0	10.0	0.0	8000.0	cluster_2	BO-82Tapyta/BO-82TAPYTA_20250417_013602.wav
20380	1	1	30.0	34.0	0.0	8000.0	cluster_2	BO-82Tapyta/BO-82TAPYTA_20250411_191502.wav
20381	1	1			0.0	8000.0		
20382	1	1	38.0	42.0	0.0	8000.0	cluster_2	BO-81Tapyta/BO-81TAPYTA_20250413_223202.wav
20383	1	1			0.0	8000.0		
20384	1	1			0.0	8000.0		
20385	1	1			0.0	8000.0		
20386	1	1	52.0	56.0	0.0	8000.0	cluster_2	BO-81Tapyta/BO-81TAPYTA_20250412_005902.wav
20387	1	1	30.0	34.0	0.0	8000.0	cluster_2	BO-81Tapyta/BO-81TAPYTA_20250416_055702.wav
20388	1	1			0.0	8000.0		
20389	1	1			0.0	8000.0		
20390	1	1			0.0	8000.0		
20391	1	1			0.0	8000.0		
20392	1	1			0.0	8000.0		
20393	1	1			0.0	8000.0		
20394	1	1			0.0	8000.0		
20395	1	1			0.0	8000.0		
20396	1	1	2.0	6.0	0.0	8000.0	cluster_2	BO-82Tapyta/BO-82TAPYTA_20250413_220602.wav
20397	1	1			0.0	8000.0		
20398	1	1			0.0	8000.0		
20399	1	1			0.0	8000.0		
20400	1	1			0.0	8000.0		
20401	1	1			0.0	8000.0		
20402	1	1			0.0	8000.0		
20403	1	1			0.0	8000.0		
20404	1	1	44.0	48.0	0.0	8000.0	cluster_2	BO-82Tapyta/BO-82TAPYTA_20250417_201602.wav
20405	1	1			0.0	8000.0		
20406	1	1			0.0	8000.0		
20407	1	1			0.0	8000.0		
20408	1	1			0.0	8000.0		
20409	1	1			0.0	8000.0		
20410	1	1			0.0	8000.0		
20411	1	1			0.0	8000.0		
20412	1	1			0.0	8000.0		
20413	1	1			0.0	8000.0		
20414	1	1			0.0	8000.0		
20415	1	1			0.0	8000.0		
20416	1	1			0.0	8000.0		
20417	1	1			0.0	8000.0		
20418	1	1			0.0	8000.0		
20419	1	1			0.0	8000.0		
20420	1	1			0.0	8000.0		
20421	1	1			0.0	8000.0		
20422	1	1			0.0	8000.0		
20423	1	1			0.0	8000.0		
20424	1	1			0.0	8000.0		
20425	1	1			0.0	8000.0		
20426	1	1	46.0	50.0	0.0	8000.0	cluster_2	BO-82Tapyta/BO-82TAPYTA_20250426_225502.wav
20427	1	1			0.0	8000.0		
20428	1	1			0.0	8000.0		
20429	1	1	44.0	48.0	0.0	8000.0	cluster_2	BO-82Tapyta/BO-82TAPYTA_20250417_014602.wav
20430	1	1			0.0	8000.0		
20431	1	1			0.0	8000.0		
20432	1	1	8.0	12.0	0.0	8000.0	cluster_2	BO-82Tapyta/BO-82TAPYTA_20250411_235002.wav
20433	1	1	34.0	38.0	0.0	8000.0	cluster_2	BO-82Tapyta/BO-82TAPYTA_20250417_010002.wav
20434	1	1			0.0	8000.0		
20435	1	1	26.0	30.0	0.0	8000.0	cluster_2	BO-82Tapyta/BO-82TAPYTA_20250418_034702.wav
20436	1	1	52.0	56.0	0.0	8000.0	cluster_2	BO-82Tapyta/BO-82TAPYTA_20250416_233702.wav
20437	1	1			0.0	8000.0		
20438	1	1			0.0	8000.0		
20439	1	1			0.0	8000.0		
20440	1	1			0.0	8000.0		
20441	1	1			0.0	8000.0		
20442	1	1			0.0	8000.0		
20443	1	1	50.0	54.0	0.0	8000.0	cluster_2	BO-82Tapyta/BO-82TAPYTA_20250425_014602.wav
20444	1	1			0.0	8000.0		
20445	1	1			0.0	8000.0		
20446	1	1			0.0	8000.0		
20447	1	1			0.0	8000.0		
20448	1	1			0.0	8000.0		
20449	1	1			0.0	8000.0		
20450	1	1	40.0	44.0	0.0	8000.0	cluster_2	BO-82Tapyta/BO-82TAPYTA_20250417_235002.wav
20451	1	1			0.0	8000.0		
20452	1	1			0.0	8000.0		
20453	1	1			0.0	8000.0		
20454	1	1			0.0	8000.0		
20455	1	1			0.0	8000.0		
20456	1	1			0.0	8000.0		
20457	1	1			0.0	8000.0		
20458	1	1	20.0	24.0	0.0	8000.0	cluster_2	BO-82Tapyta/BO-82TAPYTA_20250426_055302.wav
20459	1	1			0.0	8000.0		
20460	1	1			0.0	8000.0		
20461	1	1	6.0	10.0	0.0	8000.0	cluster_2	BO-82Tapyta/BO-82TAPYTA_20250426_042402.wav
20462	1	1			0.0	8000.0		
20463	1	1			0.0	8000.0		
20464	1	1			0.0	8000.0		
20465	1	1			0.0	8000.0		
20466	1	1	14.0	18.0	0.0	8000.0	cluster_2	BO-82Tapyta/BO-82TAPYTA_20250415_212902.wav
20467	1	1			0.0	8000.0		
20468	1	1			0.0	8000.0		
20469	1	1			0.0	8000.0		
20470	1	1	20.0	24.0	0.0	8000.0	cluster_2	BO-82Tapyta/BO-82TAPYTA_20250416_195302.wav
20471	1	1			0.0	8000.0		
20472	1	1			0.0	8000.0		
20473	1	1			0.0	8000.0		
20474	1	1			0.0	8000.0		
20475	1	1			0.0	8000.0		
20476	1	1			0.0	8000.0		
20477	1	1			0.0	8000.0		
20478	1	1	4.0	8.0	0.0	8000.0	cluster_2	BO-82Tapyta/BO-82TAPYTA_20250425_005802.wav
20479	1	1			0.0	8000.0		
20480	1	1			0.0	8000.0		
20481	1	1			0.0	8000.0		
20482	1	1			0.0	8000.0		
20483	1	1			0.0	8000.0		
20484	1	1			0.0	8000.0		
20485	1	1	26.0	30.0	0.0	8000.0	cluster_2	BO-81Tapyta/BO-81TAPYTA_20250416_011202.wav
20486	1	1			0.0	8000.0		
20487	1	1			0.0	8000.0		
20488	1	1			0.0	8000.0		
20489	1	1	12.0	16.0	0.0	8000.0	cluster_2	BO-82Tapyta/BO-82TAPYTA_20250417_003202.wav
20490	1	1			0.0	8000.0		
20491	1	1			0.0	8000.0		
20492	1	1			0.0	8000.0		
20493	1	1			0.0	8000.0		
20494	1	1	26.0	30.0	0.0	8000.0	cluster_2	BO-82Tapyta/BO-82TAPYTA_20250415_202202.wav
20495	1	1	46.0	50.0	0.0	8000.0	cluster_2	BO-82Tapyta/BO-82TAPYTA_20250427_210202.wav
20496	1	1			0.0	8000.0		
20497	1	1			0.0	8000.0		
20498	1	1	34.0	38.0	0.0	8000.0	cluster_2	BO-82Tapyta/BO-82TAPYTA_20250410_192102.wav
20499	1	1			0.0	8000.0		
20500	1	1	30.0	34.0	0.0	8000.0	cluster_2	BO-82Tapyta/BO-82TAPYTA_20250417_004802.wav
20501	1	1			0.0	8000.0		
20502	1	1			0.0	8000.0		
20503	1	1	20.0	24.0	0.0	8000.0	cluster_2	BO-82Tapyta/BO-82TAPYTA_20250427_052502.wav
20504	1	1			0.0	8000.0		
20505	1	1			0.0	8000.0		
20506	1	1			0.0	8000.0		
20507	1	1			0.0	8000.0		
20508	1	1			0.0	8000.0		
20509	1	1			0.0	8000.0		
20510	1	1			0.0	8000.0		
20511	1	1	30.0	34.0	0.0	8000.0	cluster_2	BO-82Tapyta/BO-82TAPYTA_20250427_054002.wav
20512	1	1			0.0	8000.0		
20513	1	1			0.0	8000.0		
20514	1	1			0.0	8000.0		
20515	1	1			0.0	8000.0		
20516	1	1			0.0	8000.0		
20517	1	1			0.0	8000.0		
20518	1	1	50.0	54.0	0.0	8000.0	cluster_2	BO-82Tapyta/BO-82TAPYTA_20250417_024802.wav
20519	1	1			0.0	8000.0		
20520	1	1			0.0	8000.0		
20521	1	1	32.0	36.0	0.0	8000.0	cluster_2	BO-82Tapyta/BO-82TAPYTA_20250414_222002.wav
20522	1	1			0.0	8000.0		
20523	1	1			0.0	8000.0		
20524	1	1			0.0	8000.0		
20525	1	1			0.0	8000.0		
20526	1	1			0.0	8000.0		
20527	1	1			0.0	8000.0		
20528	1	1			0.0	8000.0		
20529	1	1	32.0	36.0	0.0	8000.0	cluster_2	BO-82Tapyta/BO-82TAPYTA_20250412_035702.wav
20530	1	1	44.0	48.0	0.0	8000.0	cluster_2	BO-82Tapyta/BO-82TAPYTA_20250426_195502.wav
20531	1	1	38.0	42.0	0.0	8000.0	cluster_2	BO-82Tapyta/BO-82TAPYTA_20250415_213302.wav
20532	1	1			0.0	8000.0		
20533	1	1			0.0	8000.0		
20534	1	1	42.0	46.0	0.0	8000.0	cluster_2	BO-82Tapyta/BO-82TAPYTA_20250418_052702.wav
20535	1	1	44.0	48.0	0.0	8000.0	cluster_2	BO-82Tapyta/BO-82TAPYTA_20250425_212402.wav
20536	1	1			0.0	8000.0		
20537	1	1	0.0	4.0	0.0	8000.0	cluster_2	BO-82Tapyta/BO-82TAPYTA_20250425_213902.wav
20538	1	1			0.0	8000.0		
20539	1	1			0.0	8000.0		
20540	1	1	34.0	38.0	0.0	8000.0	cluster_2	BO-82Tapyta/BO-82TAPYTA_20250417_040102.wav
20541	1	1			0.0	8000.0		
20542	1	1	30.0	34.0	0.0	8000.0	cluster_2	BO-81Tapyta/BO-81TAPYTA_20250416_005002.wav
20543	1	1	2.0	6.0	0.0	8000.0	cluster_2	BO-82Tapyta/BO-82TAPYTA_20250427_012302.wav
20544	1	1			0.0	8000.0		
20545	1	1			0.0	8000.0		
20546	1	1	50.0	54.0	0.0	8000.0	cluster_2	BO-82Tapyta/BO-82TAPYTA_20250416_204002.wav
20547	1	1			0.0	8000.0		
20548	1	1			0.0	8000.0		
20549	1	1			0.0	8000.0		
20550	1	1	0.0	4.0	0.0	8000.0	cluster_2	BO-82Tapyta/BO-82TAPYTA_20250412_012702.wav
20551	1	1			0.0	8000.0		
20552	1	1			0.0	8000.0		
20553	1	1			0.0	8000.0		
20554	1	1	40.0	44.0	0.0	8000.0	cluster_2	BO-82Tapyta/BO-82TAPYTA_20250418_005302.wav
20555	1	1			0.0	8000.0		
20556	1	1			0.0	8000.0		
20557	1	1			0.0	8000.0		
20558	1	1			0.0	8000.0		
20559	1	1			0.0	8000.0		
20560	1	1	32.0	36.0	0.0	8000.0	cluster_2	BO-82Tapyta/BO-82TAPYTA_20250418_041402.wav
20561	1	1			0.0	8000.0		
20562	1	1			0.0	8000.0		
20563	1	1			0.0	8000.0		
20564	1	1			0.0	8000.0		
20565	1	1			0.0	8000.0		
20566	1	1			0.0	8000.0		
20567	1	1			0.0	8000.0		
20568	1	1			0.0	8000.0		
20569	1	1	36.0	40.0	0.0	8000.0	cluster_2	BO-82Tapyta/BO-82TAPYTA_20250425_235602.wav
20570	1	1	24.0	28.0	0.0	8000.0	cluster_2	BO-82Tapyta/BO-82TAPYTA_20250502_221202.wav
20571	1	1	42.0	46.0	0.0	8000.0	cluster_2	BO-82Tapyta/BO-82TAPYTA_20250412_024502.wav
20572	1	1	36.0	40.0	0.0	8000.0	cluster_2	BO-82Tapyta/BO-82TAPYTA_20250411_223302.wav
20573	1	1			0.0	8000.0		
20574	1	1			0.0	8000.0		
20575	1	1			0.0	8000.0		
20576	1	1	12.0	16.0	0.0	8000.0	cluster_2	BO-82Tapyta/BO-82TAPYTA_20250424_201802.wav
20577	1	1	44.0	48.0	0.0	8000.0	cluster_2	BO-82Tapyta/BO-82TAPYTA_20250416_225402.wav
20578	1	1	28.0	32.0	0.0	8000.0	cluster_2	BO-82Tapyta/BO-82TAPYTA_20250425_222202.wav
20579	1	1			0.0	8000.0		
20580	1	1			0.0	8000.0		
20581	1	1			0.0	8000.0		
20582	1	1			0.0	8000.0		
20583	1	1			0.0	8000.0		
20584	1	1			0.0	8000.0		
20585	1	1	2.0	6.0	0.0	8000.0	cluster_2	BO-82Tapyta/BO-82TAPYTA_20250502_214902.wav
20586	1	1			0.0	8000.0		
20587	1	1			0.0	8000.0		
20588	1	1			0.0	8000.0		
20589	1	1			0.0	8000.0		
20590	1	1			0.0	8000.0		
20591	1	1			0.0	8000.0		
20592	1	1	22.0	26.0	0.0	8000.0	cluster_2	BO-82Tapyta/BO-82TAPYTA_20250424_233002.wav
20593	1	1			0.0	8000.0		
20594	1	1	32.0	36.0	0.0	8000.0	cluster_2	BO-82Tapyta/BO-82TAPYTA_20250416_223702.wav
20595	1	1			0.0	8000.0		
20596	1	1	48.0	52.0	0.0	8000.0	cluster_2	BO-82Tapyta/BO-82TAPYTA_20250502_205802.wav
20597	1	1			0.0	8000.0		
20598	1	1			0.0	8000.0		
20599	1	1			0.0	8000.0		
20600	1	1			0.0	8000.0		
20601	1	1	46.0	50.0	0.0	8000.0	cluster_2	BO-82Tapyta/BO-82TAPYTA_20250413_222402.wav
20602	1	1			0.0	8000.0		
20603	1	1			0.0	8000.0		
20604	1	1	2.0	6.0	0.0	8000.0	cluster_2	BO-82Tapyta/BO-82TAPYTA_20250426_004302.wav
20605	1	1			0.0	8000.0		
20606	1	1	4.0	8.0	0.0	8000.0	cluster_2	BO-82Tapyta/BO-82TAPYTA_20250417_034602.wav
20607	1	1			0.0	8000.0		
20608	1	1	22.0	26.0	0.0	8000.0	cluster_2	BO-82Tapyta/BO-82TAPYTA_20250415_195002.wav
20609	1	1			0.0	8000.0		
20610	1	1			0.0	8000.0		
20611	1	1			0.0	8000.0		
20612	1	1	6.0	10.0	0.0	8000.0	cluster_2	BO-81Tapyta/BO-81TAPYTA_20250416_045402.wav
20613	1	1			0.0	8000.0		
20614	1	1	30.0	34.0	0.0	8000.0	cluster_2	BO-81Tapyta/BO-81TAPYTA_20250416_024402.wav
20615	1	1			0.0	8000.0		
20616	1	1	16.0	20.0	0.0	8000.0	cluster_2	BO-82Tapyta/BO-82TAPYTA_20250424_222602.wav
20617	1	1	12.0	16.0	0.0	8000.0	cluster_2	BO-82Tapyta/BO-82TAPYTA_20250424_223702.wav
20618	1	1			0.0	8000.0		
20619	1	1			0.0	8000.0		
20620	1	1			0.0	8000.0		
20621	1	1			0.0	8000.0		
20622	1	1	2.0	6.0	0.0	8000.0	cluster_2	BO-81Tapyta/BO-81TAPYTA_20250412_003402.wav
20623	1	1			0.0	8000.0		
20624	1	1			0.0	8000.0		
20625	1	1			0.0	8000.0		
20626	1	1			0.0	8000.0		
20627	1	1			0.0	8000.0		
20628	1	1			0.0	8000.0		
20629	1	1			0.0	8000.0		
20630	1	1			0.0	8000.0		
20631	1	1	24.0	28.0	0.0	8000.0	cluster_2	BO-82Tapyta/BO-82TAPYTA_20250417_203902.wav
20632	1	1	8.0	12.0	0.0	8000.0	cluster_2	BO-82Tapyta/BO-82TAPYTA_20250418_035402.wav
20633	1	1			0.0	8000.0		
20634	1	1	46.0	50.0	0.0	8000.0	cluster_2	BO-82Tapyta/BO-82TAPYTA_20250416_233502.wav
20635	1	1			0.0	8000.0		
20636	1	1	18.0	22.0	0.0	8000.0	cluster_2	BO-82Tapyta/BO-82TAPYTA_20250424_202702.wav
20637	1	1			0.0	8000.0		
20638	1	1			0.0	8000.0		
20639	1	1			0.0	8000.0		
20640	1	1			0.0	8000.0		
20641	1	1			0.0	8000.0		
20642	1	1	2.0	6.0	0.0	8000.0	cluster_2	BO-82Tapyta/BO-82TAPYTA_20250427_212302.wav
20643	1	1			0.0	8000.0		
20644	1	1			0.0	8000.0		
20645	1	1	34.0	38.0	0.0	8000.0	cluster_2	BO-82Tapyta/BO-82TAPYTA_20250414_203402.wav
20646	1	1			0.0	8000.0		
20647	1	1			0.0	8000.0		
20648	1	1			0.0	8000.0		
20649	1	1			0.0	8000.0		
20650	1	1			0.0	8000.0		
20651	1	1			0.0	8000.0		
20652	1	1			0.0	8000.0		
20653	1	1			0.0	8000.0		
20654	1	1	16.0	20.0	0.0	8000.0	cluster_2	BO-82Tapyta/BO-82TAPYTA_20250426_051002.wav
20655	1	1			0.0	8000.0		
20656	1	1			0.0	8000.0		
20657	1	1			0.0	8000.0		
20658	1	1	6.0	10.0	0.0	8000.0	cluster_2	BO-82Tapyta/BO-82TAPYTA_20250411_203002.wav
20659	1	1			0.0	8000.0		
20660	1	1			0.0	8000.0		
20661	1	1			0.0	8000.0		
20662	1	1	16.0	20.0	0.0	8000.0	cluster_2	BO-82Tapyta/BO-82TAPYTA_20250418_034402.wav
20663	1	1			0.0	8000.0		
20664	1	1			0.0	8000.0		
20665	1	1	0.0	4.0	0.0	8000.0	cluster_2	BO-82Tapyta/BO-82TAPYTA_20250412_053002.wav
20666	1	1			0.0	8000.0		
20667	1	1	48.0	52.0	0.0	8000.0	cluster_2	BO-82Tapyta/BO-82TAPYTA_20250418_052802.wav
20668	1	1			0.0	8000.0		
20669	1	1			0.0	8000.0		
20670	1	1			0.0	8000.0		
20671	1	1			0.0	8000.0		
20672	1	1			0.0	8000.0		
20673	1	1			0.0	8000.0		
20674	1	1			0.0	8000.0		
20675	1	1			0.0	8000.0		
20676	1	1			0.0	8000.0		
20677	1	1			0.0	8000.0		
20678	1	1			0.0	8000.0		
20679	1	1	12.0	16.0	0.0	8000.0	cluster_2	BO-82Tapyta/BO-82TAPYTA_20250411_210102.wav
20680	1	1			0.0	8000.0		
20681	1	1			0.0	8000.0		
20682	1	1	46.0	50.0	0.0	8000.0	cluster_2	BO-82Tapyta/BO-82TAPYTA_20250418_002402.wav
20683	1	1			0.0	8000.0		
20684	1	1			0.0	8000.0		
20685	1	1	6.0	10.0	0.0	8000.0	cluster_2	BO-82Tapyta/BO-82TAPYTA_20250415_213902.wav
20686	1	1			0.0	8000.0		
20687	1	1			0.0	8000.0		
20688	1	1			0.0	8000.0		
20689	1	1			0.0	8000.0		
20690	1	1			0.0	8000.0		
20691	1	1	42.0	46.0	0.0	8000.0	cluster_2	BO-82Tapyta/BO-82TAPYTA_20250427_015102.wav
20692	1	1	32.0	36.0	0.0	8000.0	cluster_2	BO-82Tapyta/BO-82TAPYTA_20250427_032302.wav
20693	1	1			0.0	8000.0		
20694	1	1			0.0	8000.0		
20695	1	1			0.0	8000.0		
20696	1	1			0.0	8000.0		
20697	1	1			0.0	8000.0		
20698	1	1	52.0	56.0	0.0	8000.0	cluster_2	BO-82Tapyta/BO-82TAPYTA_20250417_015702.wav
20699	1	1	36.0	40.0	0.0	8000.0	cluster_2	BO-82Tapyta/BO-82TAPYTA_20250426_041002.wav
20700	1	1			0.0	8000.0		
20701	1	1	36.0	40.0	0.0	8000.0	cluster_2	BO-82Tapyta/BO-82TAPYTA_20250418_002502.wav
20702	1	1			0.0	8000.0		
20703	1	1			0.0	8000.0		
20704	1	1			0.0	8000.0		
20705	1	1			0.0	8000.0		
20706	1	1			0.0	8000.0		
20707	1	1			0.0	8000.0		
20708	1	1			0.0	8000.0		
20709	1	1			0.0	8000.0		
20710	1	1			0.0	8000.0		
20711	1	1			0.0	8000.0		
20712	1	1			0.0	8000.0		
20713	1	1			0.0	8000.0		
20714	1	1	12.0	16.0	0.0	8000.0	cluster_2	BO-82Tapyta/BO-82TAPYTA_20250415_221502.wav
20715	1	1			0.0	8000.0		
20716	1	1			0.0	8000.0		
20717	1	1			0.0	8000.0		
20718	1	1			0.0	8000.0		
20719	1	1			0.0	8000.0		
20720	1	1	52.0	56.0	0.0	8000.0	cluster_2	BO-82Tapyta/BO-82TAPYTA_20250427_052902.wav
20721	1	1			0.0	8000.0		
20722	1	1			0.0	8000.0		
20723	1	1			0.0	8000.0		
20724	1	1	26.0	30.0	0.0	8000.0	cluster_2	BO-82Tapyta/BO-82TAPYTA_20250417_033402.wav
20725	1	1			0.0	8000.0		
20726	1	1			0.0	8000.0		
20727	1	1			0.0	8000.0		
20728	1	1			0.0	8000.0		
20729	1	1			0.0	8000.0		
20730	1	1			0.0	8000.0		
20731	1	1	20.0	24.0	0.0	8000.0	cluster_2	BO-82Tapyta/BO-82TAPYTA_20250415_235102.wav
20732	1	1			0.0	8000.0		
20733	1	1			0.0	8000.0		
20734	1	1			0.0	8000.0		
20735	1	1			0.0	8000.0		
20736	1	1	8.0	12.0	0.0	8000.0	cluster_2	BO-82Tapyta/BO-82TAPYTA_20250418_024602.wav
20737	1	1			0.0	8000.0		
20738	1	1	34.0	38.0	0.0	8000.0	cluster_2	BO-82Tapyta/BO-82TAPYTA_20250426_040202.wav
20739	1	1			0.0	8000.0		
20740	1	1			0.0	8000.0		
20741	1	1			0.0	8000.0		
20742	1	1			0.0	8000.0		
20743	1	1			0.0	8000.0		
20744	1	1			0.0	8000.0		
20745	1	1			0.0	8000.0		
20746	1	1			0.0	8000.0		
20747	1	1			0.0	8000.0		
20748	1	1	28.0	32.0	0.0	8000.0	cluster_2	BO-82Tapyta/BO-82TAPYTA_20250417_035802.wav
20749	1	1	48.0	52.0	0.0	8000.0	cluster_2	BO-81Tapyta/BO-81TAPYTA_20250413_211702.wav
20750	1	1			0.0	8000.0		
20751	1	1	50.0	54.0	0.0	8000.0	cluster_2	BO-82Tapyta/BO-82TAPYTA_20250427_233202.wav
20752	1	1			0.0	8000.0		
20753	1	1			0.0	8000.0		
20754	1	1			0.0	8000.0		
20755	1	1			0.0	8000.0		
20756	1	1			0.0	8000.0		
20757	1	1	24.0	28.0	0.0	8000.0	cluster_2	BO-82Tapyta/BO-82TAPYTA_20250416_194902.wav
20758	1	1	42.0	46.0	0.0	8000.0	cluster_2	BO-82Tapyta/BO-82TAPYTA_20250426_011202.wav
20759	1	1			0.0	8000.0		
20760	1	1	2.0	6.0	0.0	8000.0	cluster_2	BO-82Tapyta/BO-82TAPYTA_20250425_201602.wav
20761	1	1			0.0	8000.0		
20762	1	1			0.0	8000.0		
20763	1	1			0.0	8000.0		
20764	1	1			0.0	8000.0		
20765	1	1			0.0	8000.0		
20766	1	1			0.0	8000.0		
20767	1	1			0.0	8000.0		
20768	1	1			0.0	8000.0		
20769	1	1	8.0	12.0	0.0	8000.0	cluster_2	BO-82Tapyta/BO-82TAPYTA_20250426_193502.wav
20770	1	1			0.0	8000.0		
20771	1	1			0.0	8000.0		
20772	1	1			0.0	8000.0		
20773	1	1			0.0	8000.0		
20774	1	1			0.0	8000.0		
20775	1	1			0.0	8000.0		
20776	1	1			0.0	8000.0		
20777	1	1			0.0	8000.0		
20778	1	1			0.0	8000.0		
20779	1	1			0.0	8000.0		
20780	1	1			0.0	8000.0		
20781	1	1			0.0	8000.0		
20782	1	1			0.0	8000.0		
20783	1	1	0.0	4.0	0.0	8000.0	cluster_2	BO-82Tapyta/BO-82TAPYTA_20250425_201802.wav
20784	1	1			0.0	8000.0		
20785	1	1			0.0	8000.0		
20786	1	1	46.0	50.0	0.0	8000.0	cluster_2	BO-82Tapyta/BO-82TAPYTA_20250427_211202.wav
20787	1	1	24.0	28.0	0.0	8000.0	cluster_2	BO-82Tapyta/BO-82TAPYTA_20250412_030802.wav
20788	1	1	50.0	54.0	0.0	8000.0	cluster_2	BO-82Tapyta/BO-82TAPYTA_20250415_230802.wav
20789	1	1	10.0	14.0	0.0	8000.0	cluster_2	BO-82Tapyta/BO-82TAPYTA_20250427_013202.wav
20790	1	1	38.0	42.0	0.0	8000.0	cluster_2	BO-82Tapyta/BO-82TAPYTA_20250426_225302.wav
20791	1	1			0.0	8000.0		
20792	1	1			0.0	8000.0		
20793	1	1			0.0	8000.0		
20794	1	1	40.0	44.0	0.0	8000.0	cluster_2	BO-82Tapyta/BO-82TAPYTA_20250416_052502.wav
20795	1	1			0.0	8000.0		
20796	1	1			0.0	8000.0		
20797	1	1			0.0	8000.0		
20798	1	1	32.0	36.0	0.0	8000.0	cluster_2	BO-82Tapyta/BO-82TAPYTA_20250416_213202.wav
20799	1	1			0.0	8000.0		
20800	1	1			0.0	8000.0		
20801	1	1			0.0	8000.0		
20802	1	1			0.0	8000.0		
20803	1	1			0.0	8000.0		
20804	1	1			0.0	8000.0		
20805	1	1	22.0	26.0	0.0	8000.0	cluster_2	BO-82Tapyta/BO-82TAPYTA_20250412_024802.wav
20806	1	1			0.0	8000.0		
20807	1	1			0.0	8000.0		
20808	1	1			0.0	8000.0		
20809	1	1			0.0	8000.0		
20810	1	1	52.0	56.0	0.0	8000.0	cluster_2	BO-82Tapyta/BO-82TAPYTA_20250416_003602.wav
20811	1	1			0.0	8000.0		
20812	1	1			0.0	8000.0		
20813	1	1			0.0	8000.0		
20814	1	1			0.0	8000.0		
20815	1	1			0.0	8000.0		
20816	1	1			0.0	8000.0		
20817	1	1	8.0	12.0	0.0	8000.0	cluster_2	BO-82Tapyta/BO-82TAPYTA_20250425_235102.wav
20818	1	1			0.0	8000.0		
20819	1	1	12.0	16.0	0.0	8000.0	cluster_2	BO-82Tapyta/BO-82TAPYTA_20250424_200702.wav
20820	1	1			0.0	8000.0		
20821	1	1			0.0	8000.0		
20822	1	1			0.0	8000.0		
20823	1	1	30.0	34.0	0.0	8000.0	cluster_2	BO-82Tapyta/BO-82TAPYTA_20250418_041802.wav
20824	1	1			0.0	8000.0		
20825	1	1			0.0	8000.0		
20826	1	1			0.0	8000.0		
20827	1	1			0.0	8000.0		
20828	1	1			0.0	8000.0		
20829	1	1			0.0	8000.0		
20830	1	1			0.0	8000.0		
20831	1	1			0.0	8000.0		
20832	1	1			0.0	8000.0		
20833	1	1	18.0	22.0	0.0	8000.0	cluster_2	BO-82Tapyta/BO-82TAPYTA_20250424_223702.wav
20834	1	1			0.0	8000.0		
20835	1	1			0.0	8000.0		
20836	1	1			0.0	8000.0		
20837	1	1			0.0	8000.0		
20838	1	1			0.0	8000.0		
20839	1	1			0.0	8000.0		
20840	1	1			0.0	8000.0		
20841	1	1	40.0	44.0	0.0	8000.0	cluster_2	BO-82Tapyta/BO-82TAPYTA_20250417_214402.wav
20842	1	1	40.0	44.0	0.0	8000.0	cluster_2	BO-82Tapyta/BO-82TAPYTA_20250412_044702.wav
20843	1	1			0.0	8000.0		
20844	1	1	38.0	42.0	0.0	8000.0	cluster_2	BO-82Tapyta/BO-82TAPYTA_20250427_043302.wav
20845	1	1			0.0	8000.0		
20846	1	1			0.0	8000.0		
20847	1	1			0.0	8000.0		
20848	1	1	30.0	34.0	0.0	8000.0	cluster_2	BO-82Tapyta/BO-82TAPYTA_20250424_002502.wav
20849	1	1	30.0	34.0	0.0	8000.0	cluster_2	BO-82Tapyta/BO-82TAPYTA_20250417_202702.wav
20850	1	1			0.0	8000.0		
20851	1	1			0.0	8000.0		
20852	1	1			0.0	8000.0		
20853	1	1			0.0	8000.0		
20854	1	1			0.0	8000.0		
20855	1	1			0.0	8000.0		
20856	1	1			0.0	8000.0		
20857	1	1			0.0	8000.0		
20858	1	1	22.0	26.0	0.0	8000.0	cluster_2	BO-82Tapyta/BO-82TAPYTA_20250418_052402.wav
20859	1	1			0.0	8000.0		
20860	1	1	52.0	56.0	0.0	8000.0	cluster_2	BO-82Tapyta/BO-82TAPYTA_20250416_212402.wav
20861	1	1			0.0	8000.0		
20862	1	1			0.0	8000.0		
20863	1	1			0.0	8000.0		
20864	1	1			0.0	8000.0		
20865	1	1			0.0	8000.0		
20866	1	1			0.0	8000.0		
20867	1	1	34.0	38.0	0.0	8000.0	cluster_2	BO-82Tapyta/BO-82TAPYTA_20250417_040002.wav
20868	1	1			0.0	8000.0		
20869	1	1			0.0	8000.0		
20870	1	1			0.0	8000.0		
20871	1	1			0.0	8000.0		
20872	1	1	0.0	4.0	0.0	8000.0	cluster_2	BO-81Tapyta/BO-81TAPYTA_20250415_221502.wav
20873	1	1			0.0	8000.0		
20874	1	1			0.0	8000.0		
20875	1	1			0.0	8000.0		
20876	1	1			0.0	8000.0		
20877	1	1			0.0	8000.0		
20878	1	1			0.0	8000.0		
20879	1	1			0.0	8000.0		
20880	1	1	28.0	32.0	0.0	8000.0	cluster_2	BO-82Tapyta/BO-82TAPYTA_20250415_193702.wav
20881	1	1	24.0	28.0	0.0	8000.0	cluster_2	BO-81Tapyta/BO-81TAPYTA_20250413_211502.wav
20882	1	1			0.0	8000.0		
20883	1	1			0.0	8000.0		
20884	1	1	40.0	44.0	0.0	8000.0	cluster_2	BO-82Tapyta/BO-82TAPYTA_20250417_021402.wav
20885	1	1	36.0	40.0	0.0	8000.0	cluster_2	BO-81Tapyta/BO-81TAPYTA_20250416_040302.wav
20886	1	1	8.0	12.0	0.0	8000.0	cluster_2	BO-81Tapyta/BO-81TAPYTA_20250416_041502.wav
20887	1	1			0.0	8000.0		
20888	1	1			0.0	8000.0		
20889	1	1			0.0	8000.0		
20890	1	1			0.0	8000.0		
20891	1	1			0.0	8000.0		
20892	1	1			0.0	8000.0		
20893	1	1			0.0	8000.0		
20894	1	1	50.0	54.0	0.0	8000.0	cluster_2	BO-82Tapyta/BO-82TAPYTA_20250412_044502.wav
20895	1	1			0.0	8000.0		
20896	1	1			0.0	8000.0		
20897	1	1			0.0	8000.0		
20898	1	1			0.0	8000.0		
20899	1	1			0.0	8000.0		
20900	1	1			0.0	8000.0		
20901	1	1			0.0	8000.0		
20902	1	1			0.0	8000.0		
20903	1	1	38.0	42.0	0.0	8000.0	cluster_2	BO-82Tapyta/BO-82TAPYTA_20250412_030102.wav
20904	1	1			0.0	8000.0		
20905	1	1			0.0	8000.0		
20906	1	1			0.0	8000.0		
20907	1	1			0.0	8000.0		
20908	1	1			0.0	8000.0		
20909	1	1	26.0	30.0	0.0	8000.0	cluster_2	BO-82Tapyta/BO-82TAPYTA_20250426_021202.wav
20910	1	1	2.0	6.0	0.0	8000.0	cluster_2	BO-82Tapyta/BO-82TAPYTA_20250425_210702.wav
20911	1	1			0.0	8000.0		
20912	1	1			0.0	8000.0		
20913	1	1			0.0	8000.0		
20914	1	1			0.0	8000.0		
20915	1	1			0.0	8000.0		
20916	1	1			0.0	8000.0		
20917	1	1			0.0	8000.0		
20918	1	1			0.0	8000.0		
20919	1	1			0.0	8000.0		
20920	1	1			0.0	8000.0		
20921	1	1	14.0	18.0	0.0	8000.0	cluster_2	BO-82Tapyta/BO-82TAPYTA_20250501_194002.wav
20922	1	1			0.0	8000.0		
20923	1	1			0.0	8000.0		
20924	1	1			0.0	8000.0		
20925	1	1			0.0	8000.0		
20926	1	1			0.0	8000.0		
20927	1	1			0.0	8000.0		
20928	1	1	4.0	8.0	0.0	8000.0	cluster_2	BO-82Tapyta/BO-82TAPYTA_20250416_032602.wav
20929	1	1			0.0	8000.0		
20930	1	1	38.0	42.0	0.0	8000.0	cluster_2	BO-81Tapyta/BO-81TAPYTA_20250413_210702.wav
20931	1	1	4.0	8.0	0.0	8000.0	cluster_2	BO-82Tapyta/BO-82TAPYTA_20250415_191802.wav
20932	1	1			0.0	8000.0		
20933	1	1			0.0	8000.0		
20934	1	1			0.0	8000.0		
20935	1	1	50.0	54.0	0.0	8000.0	cluster_2	BO-81Tapyta/BO-81TAPYTA_20250414_205902.wav
20936	1	1	38.0	42.0	0.0	8000.0	cluster_2	BO-82Tapyta/BO-82TAPYTA_20250417_033002.wav
20937	1	1			0.0	8000.0		
20938	1	1	20.0	24.0	0.0	8000.0	cluster_2	BO-81Tapyta/BO-81TAPYTA_20250412_040102.wav
20939	1	1	52.0	56.0	0.0	8000.0	cluster_2	BO-82Tapyta/BO-82TAPYTA_20250418_010202.wav
20940	1	1			0.0	8000.0		
20941	1	1			0.0	8000.0		
20942	1	1			0.0	8000.0		
20943	1	1			0.0	8000.0		
20944	1	1			0.0	8000.0		
20945	1	1	34.0	38.0	0.0	8000.0	cluster_2	BO-82Tapyta/BO-82TAPYTA_20250418_023902.wav
20946	1	1	16.0	20.0	0.0	8000.0	cluster_2	BO-82Tapyta/BO-82TAPYTA_20250425_000602.wav
20947	1	1			0.0	8000.0		
20948	1	1	28.0	32.0	0.0	8000.0	cluster_2	BO-82Tapyta/BO-82TAPYTA_20250414_201402.wav
20949	1	1	26.0	30.0	0.0	8000.0	cluster_2	BO-82Tapyta/BO-82TAPYTA_20250411_204802.wav
20950	1	1			0.0	8000.0		
20951	1	1			0.0	8000.0		
20952	1	1			0.0	8000.0		
20953	1	1			0.0	8000.0		
20954	1	1			0.0	8000.0		
20955	1	1	18.0	22.0	0.0	8000.0	cluster_2	BO-81Tapyta/BO-81TAPYTA_20250413_210402.wav
20956	1	1	36.0	40.0	0.0	8000.0	cluster_2	BO-82Tapyta/BO-82TAPYTA_20250414_215702.wav
20957	1	1			0.0	8000.0		
20958	1	1			0.0	8000.0		
20959	1	1			0.0	8000.0		
20960	1	1			0.0	8000.0		
20961	1	1	40.0	44.0	0.0	8000.0	cluster_2	BO-82Tapyta/BO-82TAPYTA_20250416_012902.wav
20962	1	1			0.0	8000.0		
20963	1	1			0.0	8000.0		
20964	1	1			0.0	8000.0		
20965	1	1			0.0	8000.0		
20966	1	1			0.0	8000.0		
20967	1	1	34.0	38.0	0.0	8000.0	cluster_2	BO-82Tapyta/BO-82TAPYTA_20250427_052202.wav
20968	1	1			0.0	8000.0		
20969	1	1			0.0	8000.0		
20970	1	1			0.0	8000.0		
20971	1	1			0.0	8000.0		
20972	1	1	14.0	18.0	0.0	8000.0	cluster_2	BO-81Tapyta/BO-81TAPYTA_20250412_042802.wav
20973	1	1			0.0	8000.0		
20974	1	1			0.0	8000.0		
20975	1	1			0.0	8000.0		
20976	1	1			0.0	8000.0		
20977	1	1	0.0	4.0	0.0	8000.0	cluster_2	BO-81Tapyta/BO-81TAPYTA_20250412_003902.wav
20978	1	1			0.0	8000.0		
20979	1	1			0.0	8000.0		
20980	1	1			0.0	8000.0		
20981	1	1	12.0	16.0	0.0	8000.0	cluster_2	BO-82Tapyta/BO-82TAPYTA_20250417_230802.wav
20982	1	1			0.0	8000.0		
20983	1	1	52.0	56.0	0.0	8000.0	cluster_2	BO-82Tapyta/BO-82TAPYTA_20250411_231402.wav
20984	1	1			0.0	8000.0		
20985	1	1			0.0	8000.0		
20986	1	1	44.0	48.0	0.0	8000.0	cluster_2	BO-82Tapyta/BO-82TAPYTA_20250426_233302.wav
20987	1	1			0.0	8000.0		
20988	1	1			0.0	8000.0		
20989	1	1			0.0	8000.0		
20990	1	1			0.0	8000.0		
20991	1	1			0.0	8000.0		
20992	1	1			0.0	8000.0		
20993	1	1			0.0	8000.0		
20994	1	1			0.0	8000.0		
20995	1	1			0.0	8000.0		
20996	1	1	4.0	8.0	0.0	8000.0	cluster_2	BO-82Tapyta/BO-82TAPYTA_20250427_010602.wav
20997	1	1	8.0	12.0	0.0	8000.0	cluster_2	BO-82Tapyta/BO-82TAPYTA_20250413_202102.wav
20998	1	1			0.0	8000.0		
20999	1	1			0.0	8000.0		
21000	1	1	40.0	44.0	0.0	8000.0	cluster_2	BO-82Tapyta/BO-82TAPYTA_20250416_033602.wav
21001	1	1	40.0	44.0	0.0	8000.0	cluster_2	BO-81Tapyta/BO-81TAPYTA_20250412_004402.wav
21002	1	1			0.0	8000.0		
21003	1	1			0.0	8000.0		
21004	1	1			0.0	8000.0		
21005	1	1			0.0	8000.0		
21006	1	1			0.0	8000.0		
21007	1	1			0.0	8000.0		
21008	1	1			0.0	8000.0		
21009	1	1	32.0	36.0	0.0	8000.0	cluster_2	BO-81Tapyta/BO-81TAPYTA_20250412_024502.wav
21010	1	1			0.0	8000.0		
21011	1	1			0.0	8000.0		
21012	1	1			0.0	8000.0		
21013	1	1			0.0	8000.0		
21014	1	1	4.0	8.0	0.0	8000.0	cluster_2	BO-82Tapyta/BO-82TAPYTA_20250417_015802.wav
21015	1	1			0.0	8000.0		
21016	1	1			0.0	8000.0		
21017	1	1			0.0	8000.0		
21018	1	1			0.0	8000.0		
21019	1	1	44.0	48.0	0.0	8000.0	cluster_2	BO-82Tapyta/BO-82TAPYTA_20250417_230802.wav
21020	1	1	18.0	22.0	0.0	8000.0	cluster_2	BO-81Tapyta/BO-81TAPYTA_20250416_025802.wav
21021	1	1	0.0	4.0	0.0	8000.0	cluster_2	BO-82Tapyta/BO-82TAPYTA_20250424_213502.wav
21022	1	1			0.0	8000.0		
21023	1	1			0.0	8000.0		
21024	1	1	26.0	30.0	0.0	8000.0	cluster_2	BO-82Tapyta/BO-82TAPYTA_20250417_005102.wav
21025	1	1			0.0	8000.0		
21026	1	1			0.0	8000.0		
21027	1	1			0.0	8000.0		
21028	1	1			0.0	8000.0		
21029	1	1	6.0	10.0	0.0	8000.0	cluster_2	BO-82Tapyta/BO-82TAPYTA_20250416_032702.wav
21030	1	1			0.0	8000.0		
21031	1	1			0.0	8000.0		
21032	1	1			0.0	8000.0		
21033	1	1	6.0	10.0	0.0	8000.0	cluster_2	BO-81Tapyta/BO-81TAPYTA_20250411_222402.wav
21034	1	1	20.0	24.0	0.0	8000.0	cluster_2	BO-82Tapyta/BO-82TAPYTA_20250427_231202.wav
21035	1	1	32.0	36.0	0.0	8000.0	cluster_2	BO-82Tapyta/BO-82TAPYTA_20250501_182602.wav
21036	1	1			0.0	8000.0		
21037	1	1	46.0	50.0	0.0	8000.0	cluster_2	BO-82Tapyta/BO-82TAPYTA_20250414_211802.wav
21038	1	1	30.0	34.0	0.0	8000.0	cluster_2	BO-82Tapyta/BO-82TAPYTA_20250416_200602.wav
21039	1	1			0.0	8000.0		
21040	1	1			0.0	8000.0		
21041	1	1	4.0	8.0	0.0	8000.0	cluster_2	BO-81Tapyta/BO-81TAPYTA_20250416_031702.wav
21042	1	1			0.0	8000.0		
21043	1	1	22.0	26.0	0.0	8000.0	cluster_2	BO-82Tapyta/BO-82TAPYTA_20250502_203202.wav
21044	1	1	52.0	56.0	0.0	8000.0	cluster_2	BO-82Tapyta/BO-82TAPYTA_20250413_194502.wav
21045	1	1			0.0	8000.0		
21046	1	1	24.0	28.0	0.0	8000.0	cluster_2	BO-82Tapyta/BO-82TAPYTA_20250426_004802.wav
21047	1	1			0.0	8000.0		
21048	1	1			0.0	8000.0		
21049	1	1			0.0	8000.0		
21050	1	1	14.0	18.0	0.0	8000.0	cluster_2	BO-82Tapyta/BO-82TAPYTA_20250412_022902.wav
21051	1	1			0.0	8000.0		
21052	1	1			0.0	8000.0		
21053	1	1	52.0	56.0	0.0	8000.0	cluster_2	BO-82Tapyta/BO-82TAPYTA_20250426_212002.wav
21054	1	1			0.0	8000.0		
21055	1	1	12.0	16.0	0.0	8000.0	cluster_2	BO-81Tapyta/BO-81TAPYTA_20250416_053502.wav
21056	1	1			0.0	8000.0		
21057	1	1			0.0	8000.0		
21058	1	1			0.0	8000.0		
21059	1	1			0.0	8000.0		
21060	1	1	18.0	22.0	0.0	8000.0	cluster_2	BO-82Tapyta/BO-82TAPYTA_20250415_201202.wav
21061	1	1			0.0	8000.0		
21062	1	1			0.0	8000.0		
21063	1	1			0.0	8000.0		
21064	1	1			0.0	8000.0		
21065	1	1			0.0	8000.0		
21066	1	1			0.0	8000.0		
21067	1	1			0.0	8000.0		
21068	1	1			0.0	8000.0		
21069	1	1			0.0	8000.0		
21070	1	1	28.0	32.0	0.0	8000.0	cluster_2	BO-82Tapyta/BO-82TAPYTA_20250416_050002.wav
21071	1	1			0.0	8000.0		
21072	1	1	22.0	26.0	0.0	8000.0	cluster_2	BO-81Tapyta/BO-81TAPYTA_20250416_013502.wav
21073	1	1	28.0	32.0	0.0	8000.0	cluster_2	BO-82Tapyta/BO-82TAPYTA_20250416_225302.wav
21074	1	1			0.0	8000.0		
21075	1	1			0.0	8000.0		
21076	1	1			0.0	8000.0		
21077	1	1	52.0	56.0	0.0	8000.0	cluster_2	BO-82Tapyta/BO-82TAPYTA_20250427_011402.wav
21078	1	1			0.0	8000.0		
21079	1	1			0.0	8000.0		
21080	1	1			0.0	8000.0		
21081	1	1			0.0	8000.0		
21082	1	1			0.0	8000.0		
21083	1	1			0.0	8000.0		
21084	1	1			0.0	8000.0		
21085	1	1			0.0	8000.0		
21086	1	1			0.0	8000.0		
21087	1	1			0.0	8000.0		
21088	1	1			0.0	8000.0		
21089	1	1			0.0	8000.0		
21090	1	1	22.0	26.0	0.0	8000.0	cluster_2	BO-82Tapyta/BO-82TAPYTA_20250412_040202.wav
21091	1	1	32.0	36.0	0.0	8000.0	cluster_2	BO-82Tapyta/BO-82TAPYTA_20250412_010902.wav
21092	1	1	18.0	22.0	0.0	8000.0	cluster_2	BO-82Tapyta/BO-82TAPYTA_20250416_024402.wav
21093	1	1			0.0	8000.0		
21094	1	1	6.0	10.0	0.0	8000.0	cluster_2	BO-82Tapyta/BO-82TAPYTA_20250426_195602.wav
21095	1	1			0.0	8000.0		
21096	1	1	0.0	4.0	0.0	8000.0	cluster_2	BO-82Tapyta/BO-82TAPYTA_20250425_000302.wav
21097	1	1			0.0	8000.0		
21098	1	1			0.0	8000.0		
21099	1	1			0.0	8000.0		
21100	1	1			0.0	8000.0		
21101	1	1	48.0	52.0	0.0	8000.0	cluster_2	BO-82Tapyta/BO-82TAPYTA_20250502_191802.wav
21102	1	1			0.0	8000.0		
21103	1	1			0.0	8000.0		
21104	1	1			0.0	8000.0		
21105	1	1			0.0	8000.0		
21106	1	1	6.0	10.0	0.0	8000.0	cluster_2	BO-82Tapyta/BO-82TAPYTA_20250416_015802.wav
21107	1	1			0.0	8000.0		
21108	1	1			0.0	8000.0		
21109	1	1			0.0	8000.0		
21110	1	1			0.0	8000.0		
21111	1	1	52.0	56.0	0.0	8000.0	cluster_2	BO-82Tapyta/BO-82TAPYTA_20250411_224202.wav
21112	1	1	24.0	28.0	0.0	8000.0	cluster_2	BO-81Tapyta/BO-81TAPYTA_20250412_040002.wav
21113	1	1			0.0	8000.0		
21114	1	1			0.0	8000.0		
21115	1	1			0.0	8000.0		
21116	1	1	30.0	34.0	0.0	8000.0	cluster_2	BO-82Tapyta/BO-82TAPYTA_20250502_231402.wav
21117	1	1			0.0	8000.0		
21118	1	1			0.0	8000.0		
21119	1	1			0.0	8000.0		
21120	1	1			0.0	8000.0		
21121	1	1			0.0	8000.0		
21122	1	1	32.0	36.0	0.0	8000.0	cluster_2	BO-82Tapyta/BO-82TAPYTA_20250417_222002.wav
21123	1	1	48.0	52.0	0.0	8000.0	cluster_2	BO-82Tapyta/BO-82TAPYTA_20250412_000202.wav
21124	1	1			0.0	8000.0		
21125	1	1			0.0	8000.0		
21126	1	1			0.0	8000.0		
21127	1	1	28.0	32.0	0.0	8000.0	cluster_2	BO-82Tapyta/BO-82TAPYTA_20250426_045102.wav
21128	1	1			0.0	8000.0		
21129	1	1			0.0	8000.0		
21130	1	1			0.0	8000.0		
21131	1	1	46.0	50.0	0.0	8000.0	cluster_2	BO-82Tapyta/BO-82TAPYTA_20250411_201002.wav
21132	1	1			0.0	8000.0		
21133	1	1			0.0	8000.0		
21134	1	1	44.0	48.0	0.0	8000.0	cluster_2	BO-82Tapyta/BO-82TAPYTA_20250426_012802.wav
21135	1	1			0.0	8000.0		
21136	1	1			0.0	8000.0		
21137	1	1			0.0	8000.0		
21138	1	1			0.0	8000.0		
21139	1	1			0.0	8000.0		
21140	1	1	14.0	18.0	0.0	8000.0	cluster_2	BO-82Tapyta/BO-82TAPYTA_20250416_214302.wav
21141	1	1			0.0	8000.0		
21142	1	1	52.0	56.0	0.0	8000.0	cluster_2	BO-81Tapyta/BO-81TAPYTA_20250414_212002.wav
21143	1	1			0.0	8000.0		
21144	1	1			0.0	8000.0		
21145	1	1			0.0	8000.0		
21146	1	1			0.0	8000.0		
21147	1	1	50.0	54.0	0.0	8000.0	cluster_2	BO-82Tapyta/BO-82TAPYTA_20250412_002402.wav
21148	1	1			0.0	8000.0		
21149	1	1			0.0	8000.0		
21150	1	1			0.0	8000.0		
21151	1	1			0.0	8000.0		
21152	1	1			0.0	8000.0		
21153	1	1			0.0	8000.0		
21154	1	1	48.0	52.0	0.0	8000.0	cluster_2	BO-82Tapyta/BO-82TAPYTA_20250425_001602.wav
21155	1	1	46.0	50.0	0.0	8000.0	cluster_2	BO-82Tapyta/BO-82TAPYTA_20250427_032602.wav
21156	1	1			0.0	8000.0		
21157	1	1			0.0	8000.0		
21158	1	1			0.0	8000.0		
21159	1	1			0.0	8000.0		
21160	1	1			0.0	8000.0		
21161	1	1			0.0	8000.0		
21162	1	1			0.0	8000.0		
21163	1	1			0.0	8000.0		
21164	1	1	22.0	26.0	0.0	8000.0	cluster_2	BO-82Tapyta/BO-82TAPYTA_20250417_215502.wav
21165	1	1			0.0	8000.0		
21166	1	1			0.0	8000.0		
21167	1	1			0.0	8000.0		
21168	1	1	32.0	36.0	0.0	8000.0	cluster_2	BO-82Tapyta/BO-82TAPYTA_20250416_021002.wav
21169	1	1			0.0	8000.0		
21170	1	1			0.0	8000.0		
21171	1	1			0.0	8000.0		
21172	1	1			0.0	8000.0		
21173	1	1			0.0	8000.0		
21174	1	1			0.0	8000.0		
21175	1	1			0.0	8000.0		
21176	1	1			0.0	8000.0		
21177	1	1			0.0	8000.0		
21178	1	1	30.0	34.0	0.0	8000.0	cluster_2	BO-82Tapyta/BO-82TAPYTA_20250426_221002.wav
21179	1	1			0.0	8000.0		
21180	1	1			0.0	8000.0		
21181	1	1			0.0	8000.0		
21182	1	1			0.0	8000.0		
21183	1	1			0.0	8000.0		
21184	1	1			0.0	8000.0		
21185	1	1	2.0	6.0	0.0	8000.0	cluster_2	BO-82Tapyta/BO-82TAPYTA_20250417_192302.wav
21186	1	1			0.0	8000.0		
21187	1	1	38.0	42.0	0.0	8000.0	cluster_2	BO-82Tapyta/BO-82TAPYTA_20250411_235502.wav
21188	1	1			0.0	8000.0		
21189	1	1			0.0	8000.0		
21190	1	1			0.0	8000.0		
21191	1	1			0.0	8000.0		
21192	1	1			0.0	8000.0		
21193	1	1			0.0	8000.0		
21194	1	1	18.0	22.0	0.0	8000.0	cluster_2	BO-82Tapyta/BO-82TAPYTA_20250416_012902.wav
21195	1	1			0.0	8000.0		
21196	1	1			0.0	8000.0		
21197	1	1			0.0	8000.0		
21198	1	1			0.0	8000.0		
21199	1	1			0.0	8000.0		
21200	1	1			0.0	8000.0		
21201	1	1			0.0	8000.0		
21202	1	1			0.0	8000.0		
21203	1	1			0.0	8000.0		
21204	1	1			0.0	8000.0		
21205	1	1	28.0	32.0	0.0	8000.0	cluster_2	BO-82Tapyta/BO-82TAPYTA_20250411_233202.wav
21206	1	1	26.0	30.0	0.0	8000.0	cluster_2	BO-82Tapyta/BO-82TAPYTA_20250416_030202.wav
21207	1	1			0.0	8000.0		
21208	1	1	34.0	38.0	0.0	8000.0	cluster_2	BO-82Tapyta/BO-82TAPYTA_20250411_235602.wav
21209	1	1	20.0	24.0	0.0	8000.0	cluster_2	BO-81Tapyta/BO-81TAPYTA_20250411_225702.wav
21210	1	1			0.0	8000.0		
21211	1	1			0.0	8000.0		
21212	1	1	14.0	18.0	0.0	8000.0	cluster_2	BO-82Tapyta/BO-82TAPYTA_20250417_052002.wav
21213	1	1			0.0	8000.0		
21214	1	1			0.0	8000.0		
21215	1	1			0.0	8000.0		
21216	1	1			0.0	8000.0		
21217	1	1			0.0	8000.0		
21218	1	1	52.0	56.0	0.0	8000.0	cluster_2	BO-82Tapyta/BO-82TAPYTA_20250417_232502.wav
21219	1	1			0.0	8000.0		
21220	1	1			0.0	8000.0		
21221	1	1	6.0	10.0	0.0	8000.0	cluster_2	BO-81Tapyta/BO-81TAPYTA_20250411_215702.wav
21222	1	1			0.0	8000.0		
21223	1	1			0.0	8000.0		
21224	1	1	30.0	34.0	0.0	8000.0	cluster_2	BO-82Tapyta/BO-82TAPYTA_20250415_231802.wav
21225	1	1			0.0	8000.0		
21226	1	1			0.0	8000.0		
21227	1	1	46.0	50.0	0.0	8000.0	cluster_2	BO-82Tapyta/BO-82TAPYTA_20250425_193102.wav
21228	1	1			0.0	8000.0		
21229	1	1			0.0	8000.0		
21230	1	1			0.0	8000.0		
21231	1	1	26.0	30.0	0.0	8000.0	cluster_2	BO-82Tapyta/BO-82TAPYTA_20250416_043702.wav
21232	1	1	46.0	50.0	0.0	8000.0	cluster_2	BO-81Tapyta/BO-81TAPYTA_20250415_194602.wav
21233	1	1			0.0	8000.0		
21234	1	1	36.0	40.0	0.0	8000.0	cluster_2	BO-81Tapyta/BO-81TAPYTA_20250416_004302.wav
21235	1	1			0.0	8000.0		
21236	1	1	2.0	6.0	0.0	8000.0	cluster_2	BO-82Tapyta/BO-82TAPYTA_20250417_000202.wav
21237	1	1			0.0	8000.0		
21238	1	1	22.0	26.0	0.0	8000.0	cluster_2	BO-82Tapyta/BO-82TAPYTA_20250427_210302.wav
21239	1	1			0.0	8000.0		
21240	1	1			0.0	8000.0		
21241	1	1	42.0	46.0	0.0	8000.0	cluster_2	BO-82Tapyta/BO-82TAPYTA_20250427_223602.wav
21242	1	1			0.0	8000.0		
21243	1	1	38.0	42.0	0.0	8000.0	cluster_2	BO-82Tapyta/BO-82TAPYTA_20250424_200302.wav
21244	1	1	6.0	10.0	0.0	8000.0	cluster_2	BO-82Tapyta/BO-82TAPYTA_20250412_000802.wav
21245	1	1			0.0	8000.0		
21246	1	1	32.0	36.0	0.0	8000.0	cluster_2	BO-82Tapyta/BO-82TAPYTA_20250423_220602.wav
21247	1	1			0.0	8000.0		
21248	1	1			0.0	8000.0		
21249	1	1			0.0	8000.0		
21250	1	1			0.0	8000.0		
21251	1	1			0.0	8000.0		
21252	1	1			0.0	8000.0		
21253	1	1			0.0	8000.0		
21254	1	1			0.0	8000.0		
21255	1	1			0.0	8000.0		
21256	1	1			0.0	8000.0		
21257	1	1			0.0	8000.0		
21258	1	1			0.0	8000.0		
21259	1	1	36.0	40.0	0.0	8000.0	cluster_2	BO-82Tapyta/BO-82TAPYTA_20250415_193102.wav
21260	1	1	8.0	12.0	0.0	8000.0	cluster_2	BO-81Tapyta/BO-81TAPYTA_20250416_052802.wav
21261	1	1			0.0	8000.0		
21262	1	1			0.0	8000.0		
21263	1	1			0.0	8000.0		
21264	1	1			0.0	8000.0		
21265	1	1			0.0	8000.0		
21266	1	1			0.0	8000.0		
21267	1	1	6.0	10.0	0.0	8000.0	cluster_2	BO-82Tapyta/BO-82TAPYTA_20250423_234902.wav
21268	1	1			0.0	8000.0		
21269	1	1			0.0	8000.0		
21270	1	1	28.0	32.0	0.0	8000.0	cluster_2	BO-82Tapyta/BO-82TAPYTA_20250502_191302.wav
21271	1	1			0.0	8000.0		
21272	1	1			0.0	8000.0		
21273	1	1			0.0	8000.0		
21274	1	1			0.0	8000.0		
21275	1	1	42.0	46.0	0.0	8000.0	cluster_2	BO-82Tapyta/BO-82TAPYTA_20250417_025402.wav
21276	1	1	10.0	14.0	0.0	8000.0	cluster_2	BO-81Tapyta/BO-81TAPYTA_20250411_203002.wav
21277	1	1	42.0	46.0	0.0	8000.0	cluster_2	BO-82Tapyta/BO-82TAPYTA_20250427_031802.wav
21278	1	1			0.0	8000.0		
21279	1	1			0.0	8000.0		
21280	1	1			0.0	8000.0		
21281	1	1			0.0	8000.0		
21282	1	1			0.0	8000.0		
21283	1	1			0.0	8000.0		
21284	1	1			0.0	8000.0		
21285	1	1			0.0	8000.0		
21286	1	1			0.0	8000.0		
21287	1	1			0.0	8000.0		
21288	1	1	36.0	40.0	0.0	8000.0	cluster_2	BO-82Tapyta/BO-82TAPYTA_20250414_205902.wav
21289	1	1			0.0	8000.0		
21290	1	1			0.0	8000.0		
21291	1	1			0.0	8000.0		
21292	1	1			0.0	8000.0		
21293	1	1			0.0	8000.0		
21294	1	1			0.0	8000.0		
21295	1	1	48.0	52.0	0.0	8000.0	cluster_2	BO-82Tapyta/BO-82TAPYTA_20250412_043502.wav
21296	1	1	34.0	38.0	0.0	8000.0	cluster_2	BO-82Tapyta/BO-82TAPYTA_20250417_022302.wav
21297	1	1			0.0	8000.0		
21298	1	1			0.0	8000.0		
21299	1	1	0.0	4.0	0.0	8000.0	cluster_2	BO-82Tapyta/BO-82TAPYTA_20250417_042002.wav
21300	1	1			0.0	8000.0		
21301	1	1			0.0	8000.0		
21302	1	1	16.0	20.0	0.0	8000.0	cluster_2	BO-82Tapyta/BO-82TAPYTA_20250415_202102.wav
21303	1	1	22.0	26.0	0.0	8000.0	cluster_2	BO-82Tapyta/BO-82TAPYTA_20250418_003502.wav
21304	1	1			0.0	8000.0		
21305	1	1	26.0	30.0	0.0	8000.0	cluster_2	BO-82Tapyta/BO-82TAPYTA_20250411_205002.wav
21306	1	1			0.0	8000.0		
21307	1	1			0.0	8000.0		
21308	1	1			0.0	8000.0		
21309	1	1			0.0	8000.0		
21310	1	1			0.0	8000.0		
21311	1	1			0.0	8000.0		
21312	1	1			0.0	8000.0		
21313	1	1			0.0	8000.0		
21314	1	1			0.0	8000.0		
21315	1	1			0.0	8000.0		
21316	1	1			0.0	8000.0		
21317	1	1			0.0	8000.0		
21318	1	1			0.0	8000.0		
21319	1	1			0.0	8000.0		
21320	1	1			0.0	8000.0		
21321	1	1			0.0	8000.0		
21322	1	1			0.0	8000.0		
21323	1	1			0.0	8000.0		
21324	1	1	24.0	28.0	0.0	8000.0	cluster_2	BO-82Tapyta/BO-82TAPYTA_20250418_033402.wav
21325	1	1			0.0	8000.0		
21326	1	1			0.0	8000.0		
21327	1	1	16.0	20.0	0.0	8000.0	cluster_2	BO-81Tapyta/BO-81TAPYTA_20250416_053402.wav
21328	1	1			0.0	8000.0		
21329	1	1	12.0	16.0	0.0	8000.0	cluster_2	BO-82Tapyta/BO-82TAPYTA_20250417_034902.wav
21330	1	1			0.0	8000.0		
21331	1	1	34.0	38.0	0.0	8000.0	cluster_2	BO-82Tapyta/BO-82TAPYTA_20250426_032502.wav
21332	1	1	20.0	24.0	0.0	8000.0	cluster_2	BO-81Tapyta/BO-81TAPYTA_20250413_204502.wav
21333	1	1			0.0	8000.0		
21334	1	1	20.0	24.0	0.0	8000.0	cluster_2	BO-82Tapyta/BO-82TAPYTA_20250424_022302.wav
21335	1	1			0.0	8000.0		
21336	1	1	32.0	36.0	0.0	8000.0	cluster_2	BO-82Tapyta/BO-82TAPYTA_20250426_224702.wav
21337	1	1	14.0	18.0	0.0	8000.0	cluster_2	BO-82Tapyta/BO-82TAPYTA_20250424_194402.wav
21338	1	1			0.0	8000.0		
21339	1	1			0.0	8000.0		
21340	1	1			0.0	8000.0		
21341	1	1	16.0	20.0	0.0	8000.0	cluster_2	BO-82Tapyta/BO-82TAPYTA_20250411_185802.wav
21342	1	1			0.0	8000.0		
21343	1	1			0.0	8000.0		
21344	1	1			0.0	8000.0		
21345	1	1			0.0	8000.0		
21346	1	1			0.0	8000.0		
21347	1	1			0.0	8000.0		
21348	1	1	12.0	16.0	0.0	8000.0	cluster_2	BO-82Tapyta/BO-82TAPYTA_20250424_203102.wav
21349	1	1			0.0	8000.0		
21350	1	1	36.0	40.0	0.0	8000.0	cluster_2	BO-82Tapyta/BO-82TAPYTA_20250417_193902.wav
21351	1	1			0.0	8000.0		
21352	1	1			0.0	8000.0		
21353	1	1	10.0	14.0	0.0	8000.0	cluster_2	BO-82Tapyta/BO-82TAPYTA_20250423_211302.wav
21354	1	1	44.0	48.0	0.0	8000.0	cluster_2	BO-82Tapyta/BO-82TAPYTA_20250411_201102.wav
21355	1	1			0.0	8000.0		
21356	1	1			0.0	8000.0		
21357	1	1	42.0	46.0	0.0	8000.0	cluster_2	BO-82Tapyta/BO-82TAPYTA_20250426_222402.wav
21358	1	1			0.0	8000.0		
21359	1	1			0.0	8000.0		
21360	1	1			0.0	8000.0		
21361	1	1			0.0	8000.0		
21362	1	1			0.0	8000.0		
21363	1	1			0.0	8000.0		
21364	1	1			0.0	8000.0		
21365	1	1			0.0	8000.0		
21366	1	1			0.0	8000.0		
21367	1	1			0.0	8000.0		
21368	1	1			0.0	8000.0		
21369	1	1			0.0	8000.0		
21370	1	1			0.0	8000.0		
21371	1	1			0.0	8000.0		
21372	1	1			0.0	8000.0		
21373	1	1	6.0	10.0	0.0	8000.0	cluster_2	BO-81Tapyta/BO-81TAPYTA_20250413_224002.wav
21374	1	1			0.0	8000.0		
21375	1	1			0.0	8000.0		
21376	1	1			0.0	8000.0		
21377	1	1			0.0	8000.0		
21378	1	1			0.0	8000.0		
21379	1	1	22.0	26.0	0.0	8000.0	cluster_2	BO-82Tapyta/BO-82TAPYTA_20250418_035902.wav
21380	1	1	44.0	48.0	0.0	8000.0	cluster_2	BO-82Tapyta/BO-82TAPYTA_20250416_032802.wav
21381	1	1	8.0	12.0	0.0	8000.0	cluster_2	BO-82Tapyta/BO-82TAPYTA_20250417_210002.wav
21382	1	1	14.0	18.0	0.0	8000.0	cluster_2	BO-81Tapyta/BO-81TAPYTA_20250416_032702.wav
21383	1	1			0.0	8000.0		
21384	1	1	0.0	4.0	0.0	8000.0	cluster_2	BO-82Tapyta/BO-82TAPYTA_20250502_201202.wav
21385	1	1			0.0	8000.0		
21386	1	1	24.0	28.0	0.0	8000.0	cluster_2	BO-82Tapyta/BO-82TAPYTA_20250427_015902.wav
21387	1	1			0.0	8000.0		
21388	1	1			0.0	8000.0		
21389	1	1			0.0	8000.0		
21390	1	1	38.0	42.0	0.0	8000.0	cluster_2	BO-82Tapyta/BO-82TAPYTA_20250416_234902.wav
21391	1	1			0.0	8000.0		
21392	1	1	48.0	52.0	0.0	8000.0	cluster_2	BO-82Tapyta/BO-82TAPYTA_20250417_014902.wav
21393	1	1			0.0	8000.0		
21394	1	1	40.0	44.0	0.0	8000.0	cluster_2	BO-82Tapyta/BO-82TAPYTA_20250416_220102.wav
21395	1	1			0.0	8000.0		
21396	1	1			0.0	8000.0		
21397	1	1	10.0	14.0	0.0	8000.0	cluster_2	BO-82Tapyta/BO-82TAPYTA_20250426_200802.wav
21398	1	1	44.0	48.0	0.0	8000.0	cluster_2	BO-82Tapyta/BO-82TAPYTA_20250414_220402.wav
21399	1	1			0.0	8000.0		
21400	1	1	30.0	34.0	0.0	8000.0	cluster_2	BO-82Tapyta/BO-82TAPYTA_20250427_034702.wav
21401	1	1			0.0	8000.0		
21402	1	1			0.0	8000.0		
21403	1	1			0.0	8000.0		
21404	1	1			0.0	8000.0		
21405	1	1			0.0	8000.0		
21406	1	1			0.0	8000.0		
21407	1	1	44.0	48.0	0.0	8000.0	cluster_2	BO-81Tapyta/BO-81TAPYTA_20250416_053902.wav
21408	1	1			0.0	8000.0		
21409	1	1			0.0	8000.0		
21410	1	1			0.0	8000.0		
21411	1	1			0.0	8000.0		
21412	1	1			0.0	8000.0		
21413	1	1	6.0	10.0	0.0	8000.0	cluster_2	BO-82Tapyta/BO-82TAPYTA_20250411_224002.wav
21414	1	1			0.0	8000.0		
21415	1	1			0.0	8000.0		
21416	1	1	18.0	22.0	0.0	8000.0	cluster_2	BO-82Tapyta/BO-82TAPYTA_20250418_022102.wav
21417	1	1			0.0	8000.0		
21418	1	1			0.0	8000.0		
21419	1	1			0.0	8000.0		
21420	1	1			0.0	8000.0		
21421	1	1			0.0	8000.0		
21422	1	1	10.0	14.0	0.0	8000.0	cluster_2	BO-82Tapyta/BO-82TAPYTA_20250414_200102.wav
21423	1	1			0.0	8000.0		
21424	1	1			0.0	8000.0		
21425	1	1			0.0	8000.0		
21426	1	1	20.0	24.0	0.0	8000.0	cluster_2	BO-82Tapyta/BO-82TAPYTA_20250418_000402.wav
21427	1	1			0.0	8000.0		
21428	1	1			0.0	8000.0		
21429	1	1			0.0	8000.0		
21430	1	1			0.0	8000.0		
21431	1	1	44.0	48.0	0.0	8000.0	cluster_2	BO-82Tapyta/BO-82TAPYTA_20250415_201402.wav
21432	1	1	38.0	42.0	0.0	8000.0	cluster_2	BO-82Tapyta/BO-82TAPYTA_20250427_045402.wav
21433	1	1			0.0	8000.0		
21434	1	1	48.0	52.0	0.0	8000.0	cluster_2	BO-82Tapyta/BO-82TAPYTA_20250425_000502.wav
21435	1	1	26.0	30.0	0.0	8000.0	cluster_2	BO-81Tapyta/BO-81TAPYTA_20250412_015102.wav
21436	1	1			0.0	8000.0		
21437	1	1			0.0	8000.0		
21438	1	1			0.0	8000.0		
21439	1	1			0.0	8000.0		
21440	1	1			0.0	8000.0		
21441	1	1			0.0	8000.0		
21442	1	1	4.0	8.0	0.0	8000.0	cluster_2	BO-82Tapyta/BO-82TAPYTA_20250427_201202.wav
21443	1	1	42.0	46.0	0.0	8000.0	cluster_2	BO-81Tapyta/BO-81TAPYTA_20250415_211902.wav
21444	1	1			0.0	8000.0		
21445	1	1			0.0	8000.0		
21446	1	1			0.0	8000.0		
21447	1	1			0.0	8000.0		
21448	1	1			0.0	8000.0		
21449	1	1			0.0	8000.0		
21450	1	1			0.0	8000.0		
21451	1	1	14.0	18.0	0.0	8000.0	cluster_2	BO-82Tapyta/BO-82TAPYTA_20250426_054702.wav
21452	1	1			0.0	8000.0		
21453	1	1			0.0	8000.0		
21454	1	1			0.0	8000.0		
21455	1	1			0.0	8000.0		
21456	1	1			0.0	8000.0		
21457	1	1			0.0	8000.0		
21458	1	1			0.0	8000.0		
21459	1	1			0.0	8000.0		
21460	1	1			0.0	8000.0		
21461	1	1			0.0	8000.0		
21462	1	1	30.0	34.0	0.0	8000.0	cluster_2	BO-82Tapyta/BO-82TAPYTA_20250412_014102.wav
21463	1	1			0.0	8000.0		
21464	1	1	24.0	28.0	0.0	8000.0	cluster_2	BO-82Tapyta/BO-82TAPYTA_20250416_201602.wav
21465	1	1	48.0	52.0	0.0	8000.0	cluster_2	BO-82Tapyta/BO-82TAPYTA_20250416_022602.wav
21466	1	1			0.0	8000.0		
21467	1	1			0.0	8000.0		
21468	1	1			0.0	8000.0		
21469	1	1			0.0	8000.0		
21470	1	1			0.0	8000.0		
21471	1	1			0.0	8000.0		
21472	1	1			0.0	8000.0		
21473	1	1			0.0	8000.0		
21474	1	1			0.0	8000.0		
21475	1	1	42.0	46.0	0.0	8000.0	cluster_2	BO-82Tapyta/BO-82TAPYTA_20250411_195902.wav
21476	1	1			0.0	8000.0		
21477	1	1			0.0	8000.0		
21478	1	1			0.0	8000.0		
21479	1	1			0.0	8000.0		
21480	1	1			0.0	8000.0		
21481	1	1			0.0	8000.0		
21482	1	1			0.0	8000.0		
21483	1	1			0.0	8000.0		
21484	1	1			0.0	8000.0		
21485	1	1			0.0	8000.0		
21486	1	1			0.0	8000.0		
21487	1	1			0.0	8000.0		
21488	1	1			0.0	8000.0		
21489	1	1	34.0	38.0	0.0	8000.0	cluster_2	BO-82Tapyta/BO-82TAPYTA_20250424_210802.wav
21490	1	1			0.0	8000.0		
21491	1	1	0.0	4.0	0.0	8000.0	cluster_2	BO-82Tapyta/BO-82TAPYTA_20250411_224702.wav
21492	1	1			0.0	8000.0		
21493	1	1	20.0	24.0	0.0	8000.0	cluster_2	BO-81Tapyta/BO-81TAPYTA_20250415_213002.wav
21494	1	1			0.0	8000.0		
21495	1	1			0.0	8000.0		
21496	1	1	4.0	8.0	0.0	8000.0	cluster_2	BO-82Tapyta/BO-82TAPYTA_20250416_224602.wav
21497	1	1			0.0	8000.0		
21498	1	1			0.0	8000.0		
21499	1	1			0.0	8000.0		
21500	1	1			0.0	8000.0		
21501	1	1	4.0	8.0	0.0	8000.0	cluster_2	BO-82Tapyta/BO-82TAPYTA_20250415_231502.wav
21502	1	1			0.0	8000.0		
21503	1	1			0.0	8000.0		
21504	1	1			0.0	8000.0		
21505	1	1			0.0	8000.0		
21506	1	1			0.0	8000.0		
21507	1	1			0.0	8000.0		
21508	1	1			0.0	8000.0		
21509	1	1			0.0	8000.0		
21510	1	1			0.0	8000.0		
21511	1	1	12.0	16.0	0.0	8000.0	cluster_2	BO-82Tapyta/BO-82TAPYTA_20250418_051602.wav
21512	1	1			0.0	8000.0		
21513	1	1	14.0	18.0	0.0	8000.0	cluster_2	BO-82Tapyta/BO-82TAPYTA_20250417_235702.wav
21514	1	1			0.0	8000.0		
21515	1	1			0.0	8000.0		
21516	1	1			0.0	8000.0		
21517	1	1			0.0	8000.0		
21518	1	1	32.0	36.0	0.0	8000.0	cluster_2	BO-82Tapyta/BO-82TAPYTA_20250424_225302.wav
21519	1	1	18.0	22.0	0.0	8000.0	cluster_2	BO-82Tapyta/BO-82TAPYTA_20250424_204202.wav
21520	1	1	20.0	24.0	0.0	8000.0	cluster_2	BO-82Tapyta/BO-82TAPYTA_20250416_035802.wav
21521	1	1			0.0	8000.0		
21522	1	1			0.0	8000.0		
21523	1	1			0.0	8000.0		
21524	1	1			0.0	8000.0		
21525	1	1			0.0	8000.0		
21526	1	1	8.0	12.0	0.0	8000.0	cluster_2	BO-82Tapyta/BO-82TAPYTA_20250426_224302.wav
21527	1	1			0.0	8000.0		
21528	1	1	4.0	8.0	0.0	8000.0	cluster_2	BO-82Tapyta/BO-82TAPYTA_20250426_020302.wav
21529	1	1			0.0	8000.0		
21530	1	1			0.0	8000.0		
21531	1	1			0.0	8000.0		
21532	1	1			0.0	8000.0		
21533	1	1	20.0	24.0	0.0	8000.0	cluster_2	BO-81Tapyta/BO-81TAPYTA_20250416_032302.wav
21534	1	1	42.0	46.0	0.0	8000.0	cluster_2	BO-82Tapyta/BO-82TAPYTA_20250427_232302.wav
21535	1	1			0.0	8000.0		
21536	1	1	44.0	48.0	0.0	8000.0	cluster_2	BO-81Tapyta/BO-81TAPYTA_20250411_234502.wav
21537	1	1			0.0	8000.0		
21538	1	1			0.0	8000.0		
21539	1	1			0.0	8000.0		
21540	1	1			0.0	8000.0		
21541	1	1			0.0	8000.0		
21542	1	1			0.0	8000.0		
21543	1	1			0.0	8000.0		
21544	1	1			0.0	8000.0		
21545	1	1			0.0	8000.0		
21546	1	1			0.0	8000.0		
21547	1	1			0.0	8000.0		
21548	1	1			0.0	8000.0		
21549	1	1			0.0	8000.0		
21550	1	1			0.0	8000.0		
21551	1	1			0.0	8000.0		
21552	1	1			0.0	8000.0		
21553	1	1			0.0	8000.0		
21554	1	1			0.0	8000.0		
21555	1	1			0.0	8000.0		
21556	1	1			0.0	8000.0		
21557	1	1			0.0	8000.0		
21558	1	1			0.0	8000.0		
21559	1	1			0.0	8000.0		
21560	1	1	24.0	28.0	0.0	8000.0	cluster_2	BO-81Tapyta/BO-81TAPYTA_20250413_211802.wav
21561	1	1			0.0	8000.0		
21562	1	1			0.0	8000.0		
21563	1	1	6.0	10.0	0.0	8000.0	cluster_2	BO-82Tapyta/BO-82TAPYTA_20250416_234202.wav
21564	1	1			0.0	8000.0		
21565	1	1			0.0	8000.0		
21566	1	1			0.0	8000.0		
21567	1	1			0.0	8000.0		
21568	1	1			0.0	8000.0		
21569	1	1	16.0	20.0	0.0	8000.0	cluster_2	BO-82Tapyta/BO-82TAPYTA_20250427_015802.wav
21570	1	1			0.0	8000.0		
21571	1	1			0.0	8000.0		
21572	1	1			0.0	8000.0		
21573	1	1			0.0	8000.0		
21574	1	1			0.0	8000.0		
21575	1	1			0.0	8000.0		
21576	1	1	50.0	54.0	0.0	8000.0	cluster_2	BO-82Tapyta/BO-82TAPYTA_20250418_003902.wav
21577	1	1			0.0	8000.0		
21578	1	1			0.0	8000.0		
21579	1	1			0.0	8000.0		
21580	1	1			0.0	8000.0		
21581	1	1			0.0	8000.0		
21582	1	1			0.0	8000.0		
21583	1	1			0.0	8000.0		
21584	1	1			0.0	8000.0		
21585	1	1			0.0	8000.0		
21586	1	1			0.0	8000.0		
21587	1	1			0.0	8000.0		
21588	1	1			0.0	8000.0		
21589	1	1			0.0	8000.0		
21590	1	1			0.0	8000.0		
21591	1	1			0.0	8000.0		
21592	1	1	18.0	22.0	0.0	8000.0	cluster_2	BO-82Tapyta/BO-82TAPYTA_20250414_205602.wav
21593	1	1			0.0	8000.0		
21594	1	1			0.0	8000.0		
21595	1	1			0.0	8000.0		
21596	1	1			0.0	8000.0		
21597	1	1			0.0	8000.0		
21598	1	1	38.0	42.0	0.0	8000.0	cluster_2	BO-82Tapyta/BO-82TAPYTA_20250416_231702.wav
21599	1	1			0.0	8000.0		
21600	1	1			0.0	8000.0		
21601	1	1			0.0	8000.0		
21602	1	1			0.0	8000.0		
21603	1	1			0.0	8000.0		
21604	1	1			0.0	8000.0		
21605	1	1			0.0	8000.0		
21606	1	1			0.0	8000.0		
21607	1	1			0.0	8000.0		
21608	1	1			0.0	8000.0		
21609	1	1	16.0	20.0	0.0	8000.0	cluster_2	BO-82Tapyta/BO-82TAPYTA_20250414_225402.wav
21610	1	1			0.0	8000.0		
21611	1	1			0.0	8000.0		
21612	1	1			0.0	8000.0		
21613	1	1	14.0	18.0	0.0	8000.0	cluster_2	BO-82Tapyta/BO-82TAPYTA_20250416_011602.wav
21614	1	1			0.0	8000.0		
21615	1	1			0.0	8000.0		
21616	1	1	12.0	16.0	0.0	8000.0	cluster_2	BO-82Tapyta/BO-82TAPYTA_20250417_022902.wav
21617	1	1			0.0	8000.0		
21618	1	1			0.0	8000.0		
21619	1	1			0.0	8000.0		
21620	1	1			0.0	8000.0		
21621	1	1			0.0	8000.0		
21622	1	1			0.0	8000.0		
21623	1	1			0.0	8000.0		
21624	1	1			0.0	8000.0		
21625	1	1			0.0	8000.0		
21626	1	1			0.0	8000.0		
21627	1	1			0.0	8000.0		
21628	1	1			0.0	8000.0		
21629	1	1	0.0	4.0	0.0	8000.0	cluster_2	BO-82Tapyta/BO-82TAPYTA_20250424_214602.wav
21630	1	1	12.0	16.0	0.0	8000.0	cluster_2	BO-82Tapyta/BO-82TAPYTA_20250415_200302.wav
21631	1	1	10.0	14.0	0.0	8000.0	cluster_2	BO-82Tapyta/BO-82TAPYTA_20250415_191602.wav
21632	1	1	34.0	38.0	0.0	8000.0	cluster_2	BO-82Tapyta/BO-82TAPYTA_20250412_053302.wav
21633	1	1			0.0	8000.0		
21634	1	1			0.0	8000.0		
21635	1	1			0.0	8000.0		
21636	1	1			0.0	8000.0		
21637	1	1	24.0	28.0	0.0	8000.0	cluster_2	BO-82Tapyta/BO-82TAPYTA_20250426_220402.wav
21638	1	1			0.0	8000.0		
21639	1	1			0.0	8000.0		
21640	1	1			0.0	8000.0		
21641	1	1			0.0	8000.0		
21642	1	1			0.0	8000.0		
21643	1	1			0.0	8000.0		
21644	1	1			0.0	8000.0		
21645	1	1	40.0	44.0	0.0	8000.0	cluster_2	BO-82Tapyta/BO-82TAPYTA_20250411_211402.wav
21646	1	1			0.0	8000.0		
21647	1	1			0.0	8000.0		
21648	1	1	34.0	38.0	0.0	8000.0	cluster_2	BO-82Tapyta/BO-82TAPYTA_20250427_041102.wav
21649	1	1			0.0	8000.0		
21650	1	1			0.0	8000.0		
21651	1	1			0.0	8000.0		
21652	1	1			0.0	8000.0		
21653	1	1			0.0	8000.0		
21654	1	1			0.0	8000.0		
21655	1	1			0.0	8000.0		
21656	1	1			0.0	8000.0		
21657	1	1	22.0	26.0	0.0	8000.0	cluster_2	BO-82Tapyta/BO-82TAPYTA_20250501_183802.wav
21658	1	1	30.0	34.0	0.0	8000.0	cluster_2	BO-82Tapyta/BO-82TAPYTA_20250412_000102.wav
21659	1	1			0.0	8000.0		
21660	1	1			0.0	8000.0		
21661	1	1	2.0	6.0	0.0	8000.0	cluster_2	BO-82Tapyta/BO-82TAPYTA_20250412_024402.wav
21662	1	1	38.0	42.0	0.0	8000.0	cluster_2	BO-82Tapyta/BO-82TAPYTA_20250417_222602.wav
21663	1	1			0.0	8000.0		
21664	1	1			0.0	8000.0		
21665	1	1			0.0	8000.0		
21666	1	1			0.0	8000.0		
21667	1	1			0.0	8000.0		
21668	1	1			0.0	8000.0		
21669	1	1	24.0	28.0	0.0	8000.0	cluster_2	BO-82Tapyta/BO-82TAPYTA_20250425_021002.wav
21670	1	1			0.0	8000.0		
21671	1	1			0.0	8000.0		
21672	1	1			0.0	8000.0		
21673	1	1			0.0	8000.0		
21674	1	1			0.0	8000.0		
21675	1	1			0.0	8000.0		
21676	1	1			0.0	8000.0		
21677	1	1			0.0	8000.0		
21678	1	1			0.0	8000.0		
21679	1	1			0.0	8000.0		
21680	1	1			0.0	8000.0		
21681	1	1	22.0	26.0	0.0	8000.0	cluster_2	BO-82Tapyta/BO-82TAPYTA_20250413_193702.wav
21682	1	1			0.0	8000.0		
21683	1	1	36.0	40.0	0.0	8000.0	cluster_2	BO-82Tapyta/BO-82TAPYTA_20250417_234502.wav
21684	1	1			0.0	8000.0		
21685	1	1			0.0	8000.0		
21686	1	1	48.0	52.0	0.0	8000.0	cluster_2	BO-82Tapyta/BO-82TAPYTA_20250417_005802.wav
21687	1	1			0.0	8000.0		
21688	1	1	48.0	52.0	0.0	8000.0	cluster_2	BO-82Tapyta/BO-82TAPYTA_20250424_214502.wav
21689	1	1	34.0	38.0	0.0	8000.0	cluster_2	BO-82Tapyta/BO-82TAPYTA_20250417_220102.wav
21690	1	1			0.0	8000.0		
21691	1	1			0.0	8000.0		
21692	1	1	14.0	18.0	0.0	8000.0	cluster_2	BO-82Tapyta/BO-82TAPYTA_20250417_221902.wav
21693	1	1			0.0	8000.0		
21694	1	1			0.0	8000.0		
21695	1	1	48.0	52.0	0.0	8000.0	cluster_2	BO-82Tapyta/BO-82TAPYTA_20250415_225602.wav
21696	1	1			0.0	8000.0		
21697	1	1			0.0	8000.0		
21698	1	1			0.0	8000.0		
21699	1	1			0.0	8000.0		
21700	1	1			0.0	8000.0		
21701	1	1	26.0	30.0	0.0	8000.0	cluster_2	BO-81Tapyta/BO-81TAPYTA_20250412_020902.wav
21702	1	1			0.0	8000.0		
21703	1	1			0.0	8000.0		
21704	1	1	8.0	12.0	0.0	8000.0	cluster_2	BO-82Tapyta/BO-82TAPYTA_20250415_221702.wav
21705	1	1			0.0	8000.0		
21706	1	1			0.0	8000.0		
21707	1	1	40.0	44.0	0.0	8000.0	cluster_2	BO-81Tapyta/BO-81TAPYTA_20250412_042402.wav
21708	1	1			0.0	8000.0		
21709	1	1			0.0	8000.0		
21710	1	1	32.0	36.0	0.0	8000.0	cluster_2	BO-81Tapyta/BO-81TAPYTA_20250412_041102.wav
21711	1	1			0.0	8000.0		
21712	1	1			0.0	8000.0		
21713	1	1			0.0	8000.0		
21714	1	1			0.0	8000.0		
21715	1	1			0.0	8000.0		
21716	1	1	2.0	6.0	0.0	8000.0	cluster_2	BO-82Tapyta/BO-82TAPYTA_20250424_225202.wav
21717	1	1			0.0	8000.0		
21718	1	1			0.0	8000.0		
21719	1	1			0.0	8000.0		
21720	1	1			0.0	8000.0		
21721	1	1			0.0	8000.0		
21722	1	1			0.0	8000.0		
21723	1	1			0.0	8000.0		
21724	1	1	46.0	50.0	0.0	8000.0	cluster_2	BO-82Tapyta/BO-82TAPYTA_20250414_220502.wav
21725	1	1			0.0	8000.0		
21726	1	1			0.0	8000.0		
21727	1	1			0.0	8000.0		
21728	1	1			0.0	8000.0		
21729	1	1			0.0	8000.0		
21730	1	1	38.0	42.0	0.0	8000.0	cluster_2	BO-82Tapyta/BO-82TAPYTA_20250423_234702.wav
21731	1	1	4.0	8.0	0.0	8000.0	cluster_2	BO-82Tapyta/BO-82TAPYTA_20250417_002702.wav
21732	1	1			0.0	8000.0		
21733	1	1			0.0	8000.0		
21734	1	1	8.0	12.0	0.0	8000.0	cluster_2	BO-82Tapyta/BO-82TAPYTA_20250424_231302.wav
21735	1	1			0.0	8000.0		
21736	1	1			0.0	8000.0		
21737	1	1	4.0	8.0	0.0	8000.0	cluster_2	BO-82Tapyta/BO-82TAPYTA_20250426_232102.wav
21738	1	1			0.0	8000.0		
21739	1	1			0.0	8000.0		
21740	1	1	20.0	24.0	0.0	8000.0	cluster_2	BO-82Tapyta/BO-82TAPYTA_20250417_231202.wav
21741	1	1			0.0	8000.0		
21742	1	1			0.0	8000.0		
21743	1	1			0.0	8000.0		
21744	1	1			0.0	8000.0		
21745	1	1			0.0	8000.0		
21746	1	1	38.0	42.0	0.0	8000.0	cluster_2	BO-81Tapyta/BO-81TAPYTA_20250414_210202.wav
21747	1	1			0.0	8000.0		
21748	1	1	32.0	36.0	0.0	8000.0	cluster_2	BO-82Tapyta/BO-82TAPYTA_20250413_212202.wav
21749	1	1	28.0	32.0	0.0	8000.0	cluster_2	BO-82Tapyta/BO-82TAPYTA_20250417_212402.wav
21750	1	1	24.0	28.0	0.0	8000.0	cluster_2	BO-82Tapyta/BO-82TAPYTA_20250416_041202.wav
21751	1	1	14.0	18.0	0.0	8000.0	cluster_2	BO-82Tapyta/BO-82TAPYTA_20250415_233402.wav
21752	1	1			0.0	8000.0		
21753	1	1	8.0	12.0	0.0	8000.0	cluster_2	BO-82Tapyta/BO-82TAPYTA_20250427_055402.wav
21754	1	1			0.0	8000.0		
21755	1	1			0.0	8000.0		
21756	1	1			0.0	8000.0		
21757	1	1	0.0	4.0	0.0	8000.0	cluster_2	BO-82Tapyta/BO-82TAPYTA_20250427_193302.wav
21758	1	1			0.0	8000.0		
21759	1	1			0.0	8000.0		
21760	1	1	48.0	52.0	0.0	8000.0	cluster_2	BO-82Tapyta/BO-82TAPYTA_20250424_224002.wav
21761	1	1			0.0	8000.0		
21762	1	1			0.0	8000.0		
21763	1	1			0.0	8000.0		
21764	1	1	34.0	38.0	0.0	8000.0	cluster_2	BO-82Tapyta/BO-82TAPYTA_20250427_032602.wav
21765	1	1	50.0	54.0	0.0	8000.0	cluster_2	BO-82Tapyta/BO-82TAPYTA_20250426_030802.wav
21766	1	1			0.0	8000.0		
21767	1	1	36.0	40.0	0.0	8000.0	cluster_2	BO-81Tapyta/BO-81TAPYTA_20250412_045402.wav
21768	1	1			0.0	8000.0		
21769	1	1			0.0	8000.0		
21770	1	1			0.0	8000.0		
21771	1	1			0.0	8000.0		
21772	1	1			0.0	8000.0		
21773	1	1	36.0	40.0	0.0	8000.0	cluster_2	BO-82Tapyta/BO-82TAPYTA_20250502_191502.wav
21774	1	1			0.0	8000.0		
21775	1	1			0.0	8000.0		
21776	1	1			0.0	8000.0		
21777	1	1			0.0	8000.0		
21778	1	1			0.0	8000.0		
21779	1	1			0.0	8000.0		
21780	1	1			0.0	8000.0		
21781	1	1			0.0	8000.0		
21782	1	1			0.0	8000.0		
21783	1	1			0.0	8000.0		
21784	1	1	14.0	18.0	0.0	8000.0	cluster_2	BO-82Tapyta/BO-82TAPYTA_20250427_223902.wav
21785	1	1			0.0	8000.0		
21786	1	1			0.0	8000.0		
21787	1	1			0.0	8000.0		
21788	1	1			0.0	8000.0		
21789	1	1			0.0	8000.0		
21790	1	1			0.0	8000.0		
21791	1	1	22.0	26.0	0.0	8000.0	cluster_2	BO-82Tapyta/BO-82TAPYTA_20250417_021602.wav
21792	1	1			0.0	8000.0		
21793	1	1	48.0	52.0	0.0	8000.0	cluster_2	BO-82Tapyta/BO-82TAPYTA_20250427_232002.wav
21794	1	1			0.0	8000.0		
21795	1	1			0.0	8000.0		
21796	1	1			0.0	8000.0		
21797	1	1			0.0	8000.0		
21798	1	1			0.0	8000.0		
21799	1	1			0.0	8000.0		
21800	1	1	26.0	30.0	0.0	8000.0	cluster_2	BO-82Tapyta/BO-82TAPYTA_20250417_003602.wav
21801	1	1			0.0	8000.0		
21802	1	1			0.0	8000.0		
21803	1	1			0.0	8000.0		
21804	1	1			0.0	8000.0		
21805	1	1			0.0	8000.0		
21806	1	1			0.0	8000.0		
21807	1	1			0.0	8000.0		
21808	1	1			0.0	8000.0		
21809	1	1			0.0	8000.0		
21810	1	1			0.0	8000.0		
21811	1	1			0.0	8000.0		
21812	1	1			0.0	8000.0		
21813	1	1			0.0	8000.0		
21814	1	1			0.0	8000.0		
21815	1	1	20.0	24.0	0.0	8000.0	cluster_2	BO-82Tapyta/BO-82TAPYTA_20250416_001402.wav
21816	1	1	44.0	48.0	0.0	8000.0	cluster_2	BO-81Tapyta/BO-81TAPYTA_20250415_212602.wav
21817	1	1			0.0	8000.0		
21818	1	1			0.0	8000.0		
21819	1	1			0.0	8000.0		
21820	1	1			0.0	8000.0		
21821	1	1			0.0	8000.0		
21822	1	1	2.0	6.0	0.0	8000.0	cluster_2	BO-82Tapyta/BO-82TAPYTA_20250502_211202.wav
21823	1	1			0.0	8000.0		
21824	1	1			0.0	8000.0		
21825	1	1	36.0	40.0	0.0	8000.0	cluster_2	BO-82Tapyta/BO-82TAPYTA_20250427_043302.wav
21826	1	1			0.0	8000.0		
21827	1	1	52.0	56.0	0.0	8000.0	cluster_2	BO-82Tapyta/BO-82TAPYTA_20250501_184102.wav
21828	1	1			0.0	8000.0		
21829	1	1			0.0	8000.0		
21830	1	1			0.0	8000.0		
21831	1	1			0.0	8000.0		
21832	1	1			0.0	8000.0		
21833	1	1			0.0	8000.0		
21834	1	1	12.0	16.0	0.0	8000.0	cluster_2	BO-82Tapyta/BO-82TAPYTA_20250411_205102.wav
21835	1	1			0.0	8000.0		
21836	1	1			0.0	8000.0		
21837	1	1			0.0	8000.0		
21838	1	1			0.0	8000.0		
21839	1	1			0.0	8000.0		
21840	1	1	0.0	4.0	0.0	8000.0	cluster_2	BO-81Tapyta/BO-81TAPYTA_20250413_224002.wav
21841	1	1			0.0	8000.0		
21842	1	1			0.0	8000.0		
21843	1	1	10.0	14.0	0.0	8000.0	cluster_2	BO-82Tapyta/BO-82TAPYTA_20250416_022602.wav
21844	1	1	26.0	30.0	0.0	8000.0	cluster_2	BO-81Tapyta/BO-81TAPYTA_20250412_024602.wav
21845	1	1			0.0	8000.0		
21846	1	1			0.0	8000.0		
21847	1	1			0.0	8000.0		
21848	1	1			0.0	8000.0		
21849	1	1	30.0	34.0	0.0	8000.0	cluster_2	BO-82Tapyta/BO-82TAPYTA_20250426_204002.wav
21850	1	1			0.0	8000.0		
21851	1	1	34.0	38.0	0.0	8000.0	cluster_2	BO-82Tapyta/BO-82TAPYTA_20250411_231902.wav
21852	1	1			0.0	8000.0		
21853	1	1			0.0	8000.0		
21854	1	1			0.0	8000.0		
21855	1	1			0.0	8000.0		
21856	1	1			0.0	8000.0		
21857	1	1	26.0	30.0	0.0	8000.0	cluster_2	BO-82Tapyta/BO-82TAPYTA_20250418_012002.wav
21858	1	1	44.0	48.0	0.0	8000.0	cluster_2	BO-82Tapyta/BO-82TAPYTA_20250417_050902.wav
21859	1	1			0.0	8000.0		
21860	1	1			0.0	8000.0		
21861	1	1			0.0	8000.0		
21862	1	1	52.0	56.0	0.0	8000.0	cluster_2	BO-82Tapyta/BO-82TAPYTA_20250502_191002.wav
21863	1	1	12.0	16.0	0.0	8000.0	cluster_2	BO-82Tapyta/BO-82TAPYTA_20250426_020602.wav
21864	1	1			0.0	8000.0		
21865	1	1			0.0	8000.0		
21866	1	1			0.0	8000.0		
21867	1	1			0.0	8000.0		
21868	1	1			0.0	8000.0		
21869	1	1			0.0	8000.0		
21870	1	1			0.0	8000.0		
21871	1	1			0.0	8000.0		
21872	1	1			0.0	8000.0		
21873	1	1	32.0	36.0	0.0	8000.0	cluster_2	BO-82Tapyta/BO-82TAPYTA_20250412_004902.wav
21874	1	1			0.0	8000.0		
21875	1	1	30.0	34.0	0.0	8000.0	cluster_2	BO-82Tapyta/BO-82TAPYTA_20250426_202402.wav
21876	1	1			0.0	8000.0		
21877	1	1	28.0	32.0	0.0	8000.0	cluster_2	BO-81Tapyta/BO-81TAPYTA_20250416_014702.wav
21878	1	1			0.0	8000.0		
21879	1	1	38.0	42.0	0.0	8000.0	cluster_2	BO-82Tapyta/BO-82TAPYTA_20250427_230602.wav
21880	1	1			0.0	8000.0		
21881	1	1	2.0	6.0	0.0	8000.0	cluster_2	BO-81Tapyta/BO-81TAPYTA_20250414_223302.wav
21882	1	1			0.0	8000.0		
21883	1	1			0.0	8000.0		
21884	1	1			0.0	8000.0		
21885	1	1	48.0	52.0	0.0	8000.0	cluster_2	BO-82Tapyta/BO-82TAPYTA_20250427_014202.wav
21886	1	1			0.0	8000.0		
21887	1	1	18.0	22.0	0.0	8000.0	cluster_2	BO-82Tapyta/BO-82TAPYTA_20250427_201802.wav
21888	1	1			0.0	8000.0		
21889	1	1			0.0	8000.0		
21890	1	1			0.0	8000.0		
21891	1	1			0.0	8000.0		
21892	1	1			0.0	8000.0		
21893	1	1			0.0	8000.0		
21894	1	1			0.0	8000.0		
21895	1	1			0.0	8000.0		
21896	1	1			0.0	8000.0		
21897	1	1			0.0	8000.0		
21898	1	1			0.0	8000.0		
21899	1	1			0.0	8000.0		
21900	1	1			0.0	8000.0		
21901	1	1			0.0	8000.0		
21902	1	1			0.0	8000.0		
21903	1	1			0.0	8000.0		
21904	1	1			0.0	8000.0		
21905	1	1	22.0	26.0	0.0	8000.0	cluster_2	BO-82Tapyta/BO-82TAPYTA_20250419_233402.wav
21906	1	1			0.0	8000.0		
21907	1	1			0.0	8000.0		
21908	1	1			0.0	8000.0		
21909	1	1	24.0	28.0	0.0	8000.0	cluster_2	BO-82Tapyta/BO-82TAPYTA_20250425_010602.wav
21910	1	1			0.0	8000.0		
21911	1	1			0.0	8000.0		
21912	1	1			0.0	8000.0		
21913	1	1	14.0	18.0	0.0	8000.0	cluster_2	BO-81Tapyta/BO-81TAPYTA_20250412_033502.wav
21914	1	1			0.0	8000.0		
21915	1	1			0.0	8000.0		
21916	1	1	20.0	24.0	0.0	8000.0	cluster_2	BO-81Tapyta/BO-81TAPYTA_20250412_005302.wav
21917	1	1			0.0	8000.0		
21918	1	1			0.0	8000.0		
21919	1	1			0.0	8000.0		
21920	1	1	30.0	34.0	0.0	8000.0	cluster_2	BO-82Tapyta/BO-82TAPYTA_20250417_023302.wav
21921	1	1			0.0	8000.0		
21922	1	1			0.0	8000.0		
21923	1	1	8.0	12.0	0.0	8000.0	cluster_2	BO-82Tapyta/BO-82TAPYTA_20250426_055502.wav
21924	1	1			0.0	8000.0		
21925	1	1	36.0	40.0	0.0	8000.0	cluster_2	BO-82Tapyta/BO-82TAPYTA_20250424_224202.wav
21926	1	1			0.0	8000.0		
21927	1	1			0.0	8000.0		
21928	1	1			0.0	8000.0		
21929	1	1			0.0	8000.0		
21930	1	1			0.0	8000.0		
21931	1	1			0.0	8000.0		
21932	1	1			0.0	8000.0		
21933	1	1			0.0	8000.0		
21934	1	1			0.0	8000.0		
21935	1	1			0.0	8000.0		
21936	1	1			0.0	8000.0		
21937	1	1	38.0	42.0	0.0	8000.0	cluster_2	BO-82Tapyta/BO-82TAPYTA_20250415_233302.wav
21938	1	1			0.0	8000.0		
21939	1	1			0.0	8000.0		
21940	1	1			0.0	8000.0		
21941	1	1			0.0	8000.0		
21942	1	1			0.0	8000.0		
21943	1	1			0.0	8000.0		
21944	1	1			0.0	8000.0		
21945	1	1			0.0	8000.0		
21946	1	1	14.0	18.0	0.0	8000.0	cluster_2	BO-82Tapyta/BO-82TAPYTA_20250424_000402.wav
21947	1	1	42.0	46.0	0.0	8000.0	cluster_2	BO-82Tapyta/BO-82TAPYTA_20250410_193502.wav
21948	1	1			0.0	8000.0		
21949	1	1			0.0	8000.0		
21950	1	1			0.0	8000.0		
21951	1	1			0.0	8000.0		
21952	1	1			0.0	8000.0		
21953	1	1	44.0	48.0	0.0	8000.0	cluster_2	BO-82Tapyta/BO-82TAPYTA_20250418_005502.wav
21954	1	1	40.0	44.0	0.0	8000.0	cluster_2	BO-82Tapyta/BO-82TAPYTA_20250411_202502.wav
21955	1	1			0.0	8000.0		
21956	1	1			0.0	8000.0		
21957	1	1			0.0	8000.0		
21958	1	1			0.0	8000.0		
21959	1	1			0.0	8000.0		
21960	1	1			0.0	8000.0		
21961	1	1			0.0	8000.0		
21962	1	1			0.0	8000.0		
21963	1	1	24.0	28.0	0.0	8000.0	cluster_2	BO-82Tapyta/BO-82TAPYTA_20250415_234002.wav
21964	1	1			0.0	8000.0		
21965	1	1			0.0	8000.0		
21966	1	1			0.0	8000.0		
21967	1	1	52.0	56.0	0.0	8000.0	cluster_2	BO-82Tapyta/BO-82TAPYTA_20250415_231002.wav
21968	1	1			0.0	8000.0		
21969	1	1			0.0	8000.0		
21970	1	1	20.0	24.0	0.0	8000.0	cluster_2	BO-81Tapyta/BO-81TAPYTA_20250414_212602.wav
21971	1	1			0.0	8000.0		
21972	1	1			0.0	8000.0		
21973	1	1	38.0	42.0	0.0	8000.0	cluster_2	BO-82Tapyta/BO-82TAPYTA_20250417_002402.wav
21974	1	1			0.0	8000.0		
21975	1	1			0.0	8000.0		
21976	1	1			0.0	8000.0		
21977	1	1			0.0	8000.0		
21978	1	1	44.0	48.0	0.0	8000.0	cluster_2	BO-82Tapyta/BO-82TAPYTA_20250413_011802.wav
21979	1	1	46.0	50.0	0.0	8000.0	cluster_2	BO-82Tapyta/BO-82TAPYTA_20250418_025302.wav
21980	1	1			0.0	8000.0		
21981	1	1	6.0	10.0	0.0	8000.0	cluster_2	BO-81Tapyta/BO-81TAPYTA_20250412_003802.wav
21982	1	1			0.0	8000.0		
21983	1	1	26.0	30.0	0.0	8000.0	cluster_2	BO-82Tapyta/BO-82TAPYTA_20250426_203602.wav
21984	1	1			0.0	8000.0		
21985	1	1			0.0	8000.0		
21986	1	1			0.0	8000.0		
21987	1	1			0.0	8000.0		
21988	1	1			0.0	8000.0		
21989	1	1	34.0	38.0	0.0	8000.0	cluster_2	BO-82Tapyta/BO-82TAPYTA_20250424_224802.wav
21990	1	1	12.0	16.0	0.0	8000.0	cluster_2	BO-82Tapyta/BO-82TAPYTA_20250412_042102.wav
21991	1	1			0.0	8000.0		
21992	1	1	4.0	8.0	0.0	8000.0	cluster_2	BO-82Tapyta/BO-82TAPYTA_20250412_055702.wav
21993	1	1			0.0	8000.0		
21994	1	1	10.0	14.0	0.0	8000.0	cluster_2	BO-82Tapyta/BO-82TAPYTA_20250413_201602.wav
21995	1	1			0.0	8000.0		
21996	1	1			0.0	8000.0		
21997	1	1	28.0	32.0	0.0	8000.0	cluster_2	BO-82Tapyta/BO-82TAPYTA_20250427_195102.wav
21998	1	1	40.0	44.0	0.0	8000.0	cluster_2	BO-81Tapyta/BO-81TAPYTA_20250415_201602.wav
21999	1	1			0.0	8000.0		
22000	1	1			0.0	8000.0		
22001	1	1			0.0	8000.0		
22002	1	1			0.0	8000.0		
22003	1	1			0.0	8000.0		
22004	1	1	34.0	38.0	0.0	8000.0	cluster_2	BO-82Tapyta/BO-82TAPYTA_20250425_202302.wav
22005	1	1	40.0	44.0	0.0	8000.0	cluster_2	BO-81Tapyta/BO-81TAPYTA_20250416_022202.wav
22006	1	1	20.0	24.0	0.0	8000.0	cluster_2	BO-82Tapyta/BO-82TAPYTA_20250412_010302.wav
22007	1	1			0.0	8000.0		
22008	1	1	50.0	54.0	0.0	8000.0	cluster_2	BO-82Tapyta/BO-82TAPYTA_20250418_052102.wav
22009	1	1			0.0	8000.0		
22010	1	1			0.0	8000.0		
22011	1	1			0.0	8000.0		
22012	1	1	16.0	20.0	0.0	8000.0	cluster_2	BO-82Tapyta/BO-82TAPYTA_20250426_213402.wav
22013	1	1			0.0	8000.0		
22014	1	1	32.0	36.0	0.0	8000.0	cluster_2	BO-81Tapyta/BO-81TAPYTA_20250415_220602.wav
22015	1	1	18.0	22.0	0.0	8000.0	cluster_2	BO-82Tapyta/BO-82TAPYTA_20250415_203202.wav
22016	1	1			0.0	8000.0		
22017	1	1	6.0	10.0	0.0	8000.0	cluster_2	BO-82Tapyta/BO-82TAPYTA_20250426_024502.wav
22018	1	1			0.0	8000.0		
22019	1	1			0.0	8000.0		
22020	1	1			0.0	8000.0		
22021	1	1			0.0	8000.0		
22022	1	1			0.0	8000.0		
22023	1	1	46.0	50.0	0.0	8000.0	cluster_2	BO-82Tapyta/BO-82TAPYTA_20250415_201202.wav
22024	1	1			0.0	8000.0		
22025	1	1			0.0	8000.0		
22026	1	1			0.0	8000.0		
22027	1	1			0.0	8000.0		
22028	1	1	52.0	56.0	0.0	8000.0	cluster_2	BO-82Tapyta/BO-82TAPYTA_20250417_025602.wav
22029	1	1			0.0	8000.0		
22030	1	1			0.0	8000.0		
22031	1	1			0.0	8000.0		
22032	1	1			0.0	8000.0		
22033	1	1	2.0	6.0	0.0	8000.0	cluster_2	BO-82Tapyta/BO-82TAPYTA_20250416_215502.wav
22034	1	1			0.0	8000.0		
22035	1	1	28.0	32.0	0.0	8000.0	cluster_2	BO-82Tapyta/BO-82TAPYTA_20250417_212502.wav
22036	1	1			0.0	8000.0		
22037	1	1			0.0	8000.0		
22038	1	1			0.0	8000.0		
22039	1	1			0.0	8000.0		
22040	1	1			0.0	8000.0		
22041	1	1			0.0	8000.0		
22042	1	1			0.0	8000.0		
22043	1	1	26.0	30.0	0.0	8000.0	cluster_2	BO-82Tapyta/BO-82TAPYTA_20250426_213802.wav
22044	1	1			0.0	8000.0		
22045	1	1			0.0	8000.0		
22046	1	1	36.0	40.0	0.0	8000.0	cluster_2	BO-81Tapyta/BO-81TAPYTA_20250412_031402.wav
22047	1	1	14.0	18.0	0.0	8000.0	cluster_2	BO-82Tapyta/BO-82TAPYTA_20250425_201402.wav
22048	1	1			0.0	8000.0		
22049	1	1			0.0	8000.0		
22050	1	1			0.0	8000.0		
22051	1	1			0.0	8000.0		
22052	1	1			0.0	8000.0		
22053	1	1			0.0	8000.0		
22054	1	1	42.0	46.0	0.0	8000.0	cluster_2	BO-82Tapyta/BO-82TAPYTA_20250427_014102.wav
22055	1	1			0.0	8000.0		
22056	1	1			0.0	8000.0		
22057	1	1			0.0	8000.0		
22058	1	1			0.0	8000.0		
22059	1	1			0.0	8000.0		
22060	1	1	20.0	24.0	0.0	8000.0	cluster_2	BO-82Tapyta/BO-82TAPYTA_20250425_005402.wav
22061	1	1			0.0	8000.0		
22062	1	1			0.0	8000.0		
22063	1	1	32.0	36.0	0.0	8000.0	cluster_2	BO-82Tapyta/BO-82TAPYTA_20250425_233502.wav
22064	1	1			0.0	8000.0		
22065	1	1			0.0	8000.0		
22066	1	1			0.0	8000.0		
22067	1	1			0.0	8000.0		
22068	1	1			0.0	8000.0		
22069	1	1			0.0	8000.0		
22070	1	1			0.0	8000.0		
22071	1	1	10.0	14.0	0.0	8000.0	cluster_2	BO-82Tapyta/BO-82TAPYTA_20250411_194902.wav
22072	1	1			0.0	8000.0		
22073	1	1			0.0	8000.0		
22074	1	1	22.0	26.0	0.0	8000.0	cluster_2	BO-82Tapyta/BO-82TAPYTA_20250410_192302.wav
22075	1	1			0.0	8000.0		
22076	1	1	18.0	22.0	0.0	8000.0	cluster_2	BO-82Tapyta/BO-82TAPYTA_20250424_202602.wav
22077	1	1			0.0	8000.0		
22078	1	1			0.0	8000.0		
22079	1	1	4.0	8.0	0.0	8000.0	cluster_2	BO-82Tapyta/BO-82TAPYTA_20250426_235102.wav
22080	1	1			0.0	8000.0		
22081	1	1			0.0	8000.0		
22082	1	1			0.0	8000.0		
22083	1	1			0.0	8000.0		
22084	1	1			0.0	8000.0		
22085	1	1			0.0	8000.0		
22086	1	1			0.0	8000.0		
22087	1	1			0.0	8000.0		
22088	1	1			0.0	8000.0		
22089	1	1	44.0	48.0	0.0	8000.0	cluster_2	BO-82Tapyta/BO-82TAPYTA_20250416_232102.wav
22090	1	1	30.0	34.0	0.0	8000.0	cluster_2	BO-82Tapyta/BO-82TAPYTA_20250424_200302.wav
22091	1	1			0.0	8000.0		
22092	1	1	22.0	26.0	0.0	8000.0	cluster_2	BO-82Tapyta/BO-82TAPYTA_20250424_221402.wav
22093	1	1			0.0	8000.0		
22094	1	1			0.0	8000.0		
22095	1	1			0.0	8000.0		
22096	1	1	30.0	34.0	0.0	8000.0	cluster_2	BO-82Tapyta/BO-82TAPYTA_20250417_003802.wav
22097	1	1			0.0	8000.0		
22098	1	1			0.0	8000.0		
22099	1	1			0.0	8000.0		
22100	1	1			0.0	8000.0		
22101	1	1	38.0	42.0	0.0	8000.0	cluster_2	BO-82Tapyta/BO-82TAPYTA_20250412_032502.wav
22102	1	1			0.0	8000.0		
22103	1	1	22.0	26.0	0.0	8000.0	cluster_2	BO-82Tapyta/BO-82TAPYTA_20250415_192602.wav
22104	1	1			0.0	8000.0		
22105	1	1			0.0	8000.0		
22106	1	1			0.0	8000.0		
22107	1	1			0.0	8000.0		
22108	1	1			0.0	8000.0		
22109	1	1			0.0	8000.0		
22110	1	1	0.0	4.0	0.0	8000.0	cluster_2	BO-82Tapyta/BO-82TAPYTA_20250414_204002.wav
22111	1	1			0.0	8000.0		
22112	1	1	50.0	54.0	0.0	8000.0	cluster_2	BO-82Tapyta/BO-82TAPYTA_20250427_231802.wav
22113	1	1	20.0	24.0	0.0	8000.0	cluster_2	BO-82Tapyta/BO-82TAPYTA_20250411_222302.wav
22114	1	1	38.0	42.0	0.0	8000.0	cluster_2	BO-81Tapyta/BO-81TAPYTA_20250416_014502.wav
22115	1	1			0.0	8000.0		
22116	1	1	34.0	38.0	0.0	8000.0	cluster_2	BO-82Tapyta/BO-82TAPYTA_20250427_224802.wav
22117	1	1			0.0	8000.0		
22118	1	1	14.0	18.0	0.0	8000.0	cluster_2	BO-81Tapyta/BO-81TAPYTA_20250414_203802.wav
22119	1	1			0.0	8000.0		
22120	1	1			0.0	8000.0		
22121	1	1			0.0	8000.0		
22122	1	1			0.0	8000.0		
22123	1	1			0.0	8000.0		
22124	1	1			0.0	8000.0		
22125	1	1			0.0	8000.0		
22126	1	1			0.0	8000.0		
22127	1	1			0.0	8000.0		
22128	1	1			0.0	8000.0		
22129	1	1			0.0	8000.0		
22130	1	1			0.0	8000.0		
22131	1	1			0.0	8000.0		
22132	1	1			0.0	8000.0		
22133	1	1			0.0	8000.0		
22134	1	1			0.0	8000.0		
22135	1	1			0.0	8000.0		
22136	1	1			0.0	8000.0		
22137	1	1			0.0	8000.0		
22138	1	1			0.0	8000.0		
22139	1	1	16.0	20.0	0.0	8000.0	cluster_2	BO-82Tapyta/BO-82TAPYTA_20250424_203402.wav
22140	1	1			0.0	8000.0		
22141	1	1			0.0	8000.0		
22142	1	1	48.0	52.0	0.0	8000.0	cluster_2	BO-82Tapyta/BO-82TAPYTA_20250417_194202.wav
22143	1	1			0.0	8000.0		
22144	1	1			0.0	8000.0		
22145	1	1			0.0	8000.0		
22146	1	1	44.0	48.0	0.0	8000.0	cluster_2	BO-82Tapyta/BO-82TAPYTA_20250415_230202.wav
22147	1	1			0.0	8000.0		
22148	1	1			0.0	8000.0		
22149	1	1			0.0	8000.0		
22150	1	1			0.0	8000.0		
22151	1	1			0.0	8000.0		
22152	1	1			0.0	8000.0		
22153	1	1			0.0	8000.0		
22154	1	1			0.0	8000.0		
22155	1	1			0.0	8000.0		
22156	1	1	2.0	6.0	0.0	8000.0	cluster_2	BO-82Tapyta/BO-82TAPYTA_20250413_192302.wav
22157	1	1			0.0	8000.0		
22158	1	1			0.0	8000.0		
22159	1	1			0.0	8000.0		
22160	1	1			0.0	8000.0		
22161	1	1			0.0	8000.0		
22162	1	1	46.0	50.0	0.0	8000.0	cluster_2	BO-81Tapyta/BO-81TAPYTA_20250416_040902.wav
22163	1	1			0.0	8000.0		
22164	1	1			0.0	8000.0		
22165	1	1			0.0	8000.0		
22166	1	1			0.0	8000.0		
22167	1	1			0.0	8000.0		
22168	1	1			0.0	8000.0		
22169	1	1			0.0	8000.0		
22170	1	1			0.0	8000.0		
22171	1	1			0.0	8000.0		
22172	1	1			0.0	8000.0		
22173	1	1			0.0	8000.0		
22174	1	1			0.0	8000.0		
22175	1	1	42.0	46.0	0.0	8000.0	cluster_2	BO-82Tapyta/BO-82TAPYTA_20250415_195702.wav
22176	1	1			0.0	8000.0		
22177	1	1			0.0	8000.0		
22178	1	1			0.0	8000.0		
22179	1	1			0.0	8000.0		
22180	1	1			0.0	8000.0		
22181	1	1			0.0	8000.0		
22182	1	1			0.0	8000.0		
22183	1	1	48.0	52.0	0.0	8000.0	cluster_2	BO-82Tapyta/BO-82TAPYTA_20250417_052902.wav
22184	1	1			0.0	8000.0		
22185	1	1	26.0	30.0	0.0	8000.0	cluster_2	BO-82Tapyta/BO-82TAPYTA_20250417_014902.wav
22186	1	1			0.0	8000.0		
22187	1	1	34.0	38.0	0.0	8000.0	cluster_2	BO-82Tapyta/BO-82TAPYTA_20250417_210002.wav
22188	1	1	46.0	50.0	0.0	8000.0	cluster_2	BO-82Tapyta/BO-82TAPYTA_20250418_050502.wav
22189	1	1			0.0	8000.0		
22190	1	1	4.0	8.0	0.0	8000.0	cluster_2	BO-82Tapyta/BO-82TAPYTA_20250412_033402.wav
22191	1	1			0.0	8000.0		
22192	1	1			0.0	8000.0		
22193	1	1			0.0	8000.0		
22194	1	1			0.0	8000.0		
22195	1	1			0.0	8000.0		
22196	1	1			0.0	8000.0		
22197	1	1			0.0	8000.0		
22198	1	1			0.0	8000.0		
22199	1	1	24.0	28.0	0.0	8000.0	cluster_2	BO-82Tapyta/BO-82TAPYTA_20250417_204502.wav
22200	1	1			0.0	8000.0		
22201	1	1	16.0	20.0	0.0	8000.0	cluster_2	BO-82Tapyta/BO-82TAPYTA_20250427_010202.wav
22202	1	1			0.0	8000.0		
22203	1	1			0.0	8000.0		
22204	1	1	20.0	24.0	0.0	8000.0	cluster_2	BO-82Tapyta/BO-82TAPYTA_20250411_202702.wav
22205	1	1			0.0	8000.0		
22206	1	1			0.0	8000.0		
22207	1	1			0.0	8000.0		
22208	1	1			0.0	8000.0		
22209	1	1	32.0	36.0	0.0	8000.0	cluster_2	BO-82Tapyta/BO-82TAPYTA_20250426_214102.wav
22210	1	1	30.0	34.0	0.0	8000.0	cluster_2	BO-82Tapyta/BO-82TAPYTA_20250427_003502.wav
22211	1	1			0.0	8000.0		
22212	1	1			0.0	8000.0		
22213	1	1	6.0	10.0	0.0	8000.0	cluster_2	BO-82Tapyta/BO-82TAPYTA_20250427_051102.wav
22214	1	1			0.0	8000.0		
22215	1	1			0.0	8000.0		
22216	1	1			0.0	8000.0		
22217	1	1	14.0	18.0	0.0	8000.0	cluster_2	BO-82Tapyta/BO-82TAPYTA_20250412_035202.wav
22218	1	1			0.0	8000.0		
22219	1	1	36.0	40.0	0.0	8000.0	cluster_2	BO-82Tapyta/BO-82TAPYTA_20250427_000402.wav
22220	1	1	18.0	22.0	0.0	8000.0	cluster_2	BO-82Tapyta/BO-82TAPYTA_20250427_001102.wav
22221	1	1	18.0	22.0	0.0	8000.0	cluster_2	BO-82Tapyta/BO-82TAPYTA_20250412_055302.wav
22222	1	1			0.0	8000.0		
22223	1	1			0.0	8000.0		
22224	1	1			0.0	8000.0		
22225	1	1			0.0	8000.0		
22226	1	1			0.0	8000.0		
22227	1	1	50.0	54.0	0.0	8000.0	cluster_2	BO-82Tapyta/BO-82TAPYTA_20250425_235202.wav
22228	1	1			0.0	8000.0		
22229	1	1			0.0	8000.0		
22230	1	1			0.0	8000.0		
22231	1	1			0.0	8000.0		
22232	1	1	46.0	50.0	0.0	8000.0	cluster_2	BO-82Tapyta/BO-82TAPYTA_20250427_051102.wav
22233	1	1			0.0	8000.0		
22234	1	1			0.0	8000.0		
22235	1	1			0.0	8000.0		
22236	1	1	16.0	20.0	0.0	8000.0	cluster_2	BO-81Tapyta/BO-81TAPYTA_20250412_024402.wav
22237	1	1	32.0	36.0	0.0	8000.0	cluster_2	BO-82Tapyta/BO-82TAPYTA_20250411_210202.wav
22238	1	1	16.0	20.0	0.0	8000.0	cluster_2	BO-81Tapyta/BO-81TAPYTA_20250416_025902.wav
22239	1	1			0.0	8000.0		
22240	1	1			0.0	8000.0		
22241	1	1			0.0	8000.0		
22242	1	1			0.0	8000.0		
22243	1	1			0.0	8000.0		
22244	1	1	30.0	34.0	0.0	8000.0	cluster_2	BO-81Tapyta/BO-81TAPYTA_20250413_221502.wav
22245	1	1			0.0	8000.0		
22246	1	1			0.0	8000.0		
22247	1	1			0.0	8000.0		
22248	1	1	8.0	12.0	0.0	8000.0	cluster_2	BO-82Tapyta/BO-82TAPYTA_20250426_215302.wav
22249	1	1	28.0	32.0	0.0	8000.0	cluster_2	BO-82Tapyta/BO-82TAPYTA_20250417_014202.wav
22250	1	1	36.0	40.0	0.0	8000.0	cluster_2	BO-82Tapyta/BO-82TAPYTA_20250415_214902.wav
22251	1	1			0.0	8000.0		
22252	1	1			0.0	8000.0		
22253	1	1			0.0	8000.0		
22254	1	1			0.0	8000.0		
22255	1	1			0.0	8000.0		
22256	1	1	30.0	34.0	0.0	8000.0	cluster_2	BO-82Tapyta/BO-82TAPYTA_20250426_192902.wav
22257	1	1			0.0	8000.0		
22258	1	1	14.0	18.0	0.0	8000.0	cluster_2	BO-82Tapyta/BO-82TAPYTA_20250415_222302.wav
22259	1	1			0.0	8000.0		
22260	1	1			0.0	8000.0		
22261	1	1			0.0	8000.0		
22262	1	1			0.0	8000.0		
22263	1	1			0.0	8000.0		
22264	1	1			0.0	8000.0		
22265	1	1			0.0	8000.0		
22266	1	1	12.0	16.0	0.0	8000.0	cluster_2	BO-82Tapyta/BO-82TAPYTA_20250425_204402.wav
22267	1	1	46.0	50.0	0.0	8000.0	cluster_2	BO-82Tapyta/BO-82TAPYTA_20250412_001802.wav
22268	1	1			0.0	8000.0		
22269	1	1			0.0	8000.0		
22270	1	1			0.0	8000.0		
22271	1	1	6.0	10.0	0.0	8000.0	cluster_2	BO-82Tapyta/BO-82TAPYTA_20250426_001202.wav
22272	1	1	12.0	16.0	0.0	8000.0	cluster_2	BO-82Tapyta/BO-82TAPYTA_20250418_015802.wav
22273	1	1			0.0	8000.0		
22274	1	1			0.0	8000.0		
22275	1	1			0.0	8000.0		
22276	1	1			0.0	8000.0		
22277	1	1			0.0	8000.0		
22278	1	1	34.0	38.0	0.0	8000.0	cluster_2	BO-82Tapyta/BO-82TAPYTA_20250416_004102.wav
22279	1	1			0.0	8000.0		
22280	1	1			0.0	8000.0		
22281	1	1			0.0	8000.0		
22282	1	1	40.0	44.0	0.0	8000.0	cluster_2	BO-82Tapyta/BO-82TAPYTA_20250427_225002.wav
22283	1	1			0.0	8000.0		
22284	1	1			0.0	8000.0		
22285	1	1			0.0	8000.0		
22286	1	1			0.0	8000.0		
22287	1	1	18.0	22.0	0.0	8000.0	cluster_2	BO-82Tapyta/BO-82TAPYTA_20250416_013602.wav
22288	1	1			0.0	8000.0		
22289	1	1			0.0	8000.0		
22290	1	1			0.0	8000.0		
22291	1	1			0.0	8000.0		
22292	1	1			0.0	8000.0		
22293	1	1			0.0	8000.0		
22294	1	1			0.0	8000.0		
22295	1	1			0.0	8000.0		
22296	1	1			0.0	8000.0		
22297	1	1	32.0	36.0	0.0	8000.0	cluster_2	BO-82Tapyta/BO-82TAPYTA_20250415_233902.wav
22298	1	1			0.0	8000.0		
22299	1	1			0.0	8000.0		
22300	1	1	46.0	50.0	0.0	8000.0	cluster_2	BO-82Tapyta/BO-82TAPYTA_20250416_004802.wav
22301	1	1			0.0	8000.0		
22302	1	1	22.0	26.0	0.0	8000.0	cluster_2	BO-82Tapyta/BO-82TAPYTA_20250424_233202.wav
22303	1	1			0.0	8000.0		
22304	1	1			0.0	8000.0		
22305	1	1			0.0	8000.0		
22306	1	1	22.0	26.0	0.0	8000.0	cluster_2	BO-82Tapyta/BO-82TAPYTA_20250417_005102.wav
22307	1	1			0.0	8000.0		
22308	1	1			0.0	8000.0		
22309	1	1			0.0	8000.0		
22310	1	1	48.0	52.0	0.0	8000.0	cluster_2	BO-82Tapyta/BO-82TAPYTA_20250417_194302.wav
22311	1	1			0.0	8000.0		
22312	1	1			0.0	8000.0		
22313	1	1			0.0	8000.0		
22314	1	1			0.0	8000.0		
22315	1	1	32.0	36.0	0.0	8000.0	cluster_2	BO-82Tapyta/BO-82TAPYTA_20250417_045202.wav
22316	1	1			0.0	8000.0		
22317	1	1			0.0	8000.0		
22318	1	1			0.0	8000.0		
22319	1	1			0.0	8000.0		
22320	1	1			0.0	8000.0		
22321	1	1	16.0	20.0	0.0	8000.0	cluster_2	BO-82Tapyta/BO-82TAPYTA_20250427_014902.wav
22322	1	1	46.0	50.0	0.0	8000.0	cluster_2	BO-82Tapyta/BO-82TAPYTA_20250418_031402.wav
22323	1	1			0.0	8000.0		
22324	1	1			0.0	8000.0		
22325	1	1			0.0	8000.0		
22326	1	1			0.0	8000.0		
22327	1	1			0.0	8000.0		
22328	1	1	22.0	26.0	0.0	8000.0	cluster_2	BO-81Tapyta/BO-81TAPYTA_20250415_215802.wav
22329	1	1			0.0	8000.0		
22330	1	1	52.0	56.0	0.0	8000.0	cluster_2	BO-82Tapyta/BO-82TAPYTA_20250418_004502.wav
22331	1	1			0.0	8000.0		
22332	1	1			0.0	8000.0		
22333	1	1			0.0	8000.0		
22334	1	1			0.0	8000.0		
22335	1	1			0.0	8000.0		
22336	1	1			0.0	8000.0		
22337	1	1			0.0	8000.0		
22338	1	1	44.0	48.0	0.0	8000.0	cluster_2	BO-82Tapyta/BO-82TAPYTA_20250417_233702.wav
22339	1	1			0.0	8000.0		
22340	1	1	18.0	22.0	0.0	8000.0	cluster_2	BO-82Tapyta/BO-82TAPYTA_20250502_221202.wav
22341	1	1	14.0	18.0	0.0	8000.0	cluster_2	BO-82Tapyta/BO-82TAPYTA_20250416_003502.wav
22342	1	1	8.0	12.0	0.0	8000.0	cluster_2	BO-81Tapyta/BO-81TAPYTA_20250412_022002.wav
22343	1	1			0.0	8000.0		
22344	1	1			0.0	8000.0		
22345	1	1			0.0	8000.0		
22346	1	1			0.0	8000.0		
22347	1	1			0.0	8000.0		
22348	1	1			0.0	8000.0		
22349	1	1			0.0	8000.0		
22350	1	1			0.0	8000.0		
22351	1	1			0.0	8000.0		
22352	1	1			0.0	8000.0		
22353	1	1			0.0	8000.0		
22354	1	1			0.0	8000.0		
22355	1	1			0.0	8000.0		
22356	1	1			0.0	8000.0		
22357	1	1	30.0	34.0	0.0	8000.0	cluster_2	BO-82Tapyta/BO-82TAPYTA_20250412_033202.wav
22358	1	1			0.0	8000.0		
22359	1	1	2.0	6.0	0.0	8000.0	cluster_2	BO-82Tapyta/BO-82TAPYTA_20250414_205202.wav
22360	1	1			0.0	8000.0		
22361	1	1			0.0	8000.0		
22362	1	1	26.0	30.0	0.0	8000.0	cluster_2	BO-82Tapyta/BO-82TAPYTA_20250424_211802.wav
22363	1	1			0.0	8000.0		
22364	1	1			0.0	8000.0		
22365	1	1			0.0	8000.0		
22366	1	1			0.0	8000.0		
22367	1	1			0.0	8000.0		
22368	1	1			0.0	8000.0		
22369	1	1			0.0	8000.0		
22370	1	1			0.0	8000.0		
22371	1	1			0.0	8000.0		
22372	1	1	4.0	8.0	0.0	8000.0	cluster_2	BO-81Tapyta/BO-81TAPYTA_20250416_031302.wav
22373	1	1			0.0	8000.0		
22374	1	1			0.0	8000.0		
22375	1	1			0.0	8000.0		
22376	1	1			0.0	8000.0		
22377	1	1			0.0	8000.0		
22378	1	1			0.0	8000.0		
22379	1	1			0.0	8000.0		
22380	1	1			0.0	8000.0		
22381	1	1	24.0	28.0	0.0	8000.0	cluster_2	BO-82Tapyta/BO-82TAPYTA_20250426_055902.wav
22382	1	1			0.0	8000.0		
22383	1	1			0.0	8000.0		
22384	1	1	50.0	54.0	0.0	8000.0	cluster_2	BO-82Tapyta/BO-82TAPYTA_20250425_011002.wav
22385	1	1			0.0	8000.0		
22386	1	1			0.0	8000.0		
22387	1	1			0.0	8000.0		
22388	1	1			0.0	8000.0		
22389	1	1			0.0	8000.0		
22390	1	1			0.0	8000.0		
22391	1	1			0.0	8000.0		
22392	1	1	32.0	36.0	0.0	8000.0	cluster_2	BO-82Tapyta/BO-82TAPYTA_20250414_223402.wav
22393	1	1	0.0	4.0	0.0	8000.0	cluster_2	BO-82Tapyta/BO-82TAPYTA_20250411_225002.wav
22394	1	1	34.0	38.0	0.0	8000.0	cluster_2	BO-82Tapyta/BO-82TAPYTA_20250417_013202.wav
22395	1	1			0.0	8000.0		
22396	1	1			0.0	8000.0		
22397	1	1			0.0	8000.0		
22398	1	1			0.0	8000.0		
22399	1	1	44.0	48.0	0.0	8000.0	cluster_2	BO-82Tapyta/BO-82TAPYTA_20250417_205202.wav
22400	1	1			0.0	8000.0		
22401	1	1			0.0	8000.0		
22402	1	1			0.0	8000.0		
22403	1	1			0.0	8000.0		
22404	1	1			0.0	8000.0		
22405	1	1			0.0	8000.0		
22406	1	1			0.0	8000.0		
22407	1	1			0.0	8000.0		
22408	1	1			0.0	8000.0		
22409	1	1			0.0	8000.0		
22410	1	1	24.0	28.0	0.0	8000.0	cluster_2	BO-82Tapyta/BO-82TAPYTA_20250417_025702.wav
22411	1	1			0.0	8000.0		
22412	1	1			0.0	8000.0		
22413	1	1			0.0	8000.0		
22414	1	1	28.0	32.0	0.0	8000.0	cluster_2	BO-82Tapyta/BO-82TAPYTA_20250413_220202.wav
22415	1	1			0.0	8000.0		
22416	1	1			0.0	8000.0		
22417	1	1			0.0	8000.0		
22418	1	1			0.0	8000.0		
22419	1	1			0.0	8000.0		
22420	1	1	18.0	22.0	0.0	8000.0	cluster_2	BO-82Tapyta/BO-82TAPYTA_20250416_025002.wav
22421	1	1			0.0	8000.0		
22422	1	1			0.0	8000.0		
22423	1	1			0.0	8000.0		
22424	1	1			0.0	8000.0		
22425	1	1			0.0	8000.0		
22426	1	1			0.0	8000.0		
22427	1	1			0.0	8000.0		
22428	1	1			0.0	8000.0		
22429	1	1			0.0	8000.0		
22430	1	1	8.0	12.0	0.0	8000.0	cluster_2	BO-82Tapyta/BO-82TAPYTA_20250417_031902.wav
22431	1	1			0.0	8000.0		
22432	1	1			0.0	8000.0		
22433	1	1	4.0	8.0	0.0	8000.0	cluster_2	BO-82Tapyta/BO-82TAPYTA_20250412_040402.wav
22434	1	1			0.0	8000.0		
22435	1	1			0.0	8000.0		
22436	1	1			0.0	8000.0		
22437	1	1	18.0	22.0	0.0	8000.0	cluster_2	BO-82Tapyta/BO-82TAPYTA_20250427_020202.wav
22438	1	1			0.0	8000.0		
22439	1	1			0.0	8000.0		
22440	1	1			0.0	8000.0		
22441	1	1			0.0	8000.0		
22442	1	1			0.0	8000.0		
22443	1	1	20.0	24.0	0.0	8000.0	cluster_2	BO-82Tapyta/BO-82TAPYTA_20250425_195202.wav
22444	1	1	40.0	44.0	0.0	8000.0	cluster_2	BO-81Tapyta/BO-81TAPYTA_20250415_203302.wav
22445	1	1			0.0	8000.0		
22446	1	1			0.0	8000.0		
22447	1	1			0.0	8000.0		
22448	1	1			0.0	8000.0		
22449	1	1			0.0	8000.0		
22450	1	1			0.0	8000.0		
22451	1	1			0.0	8000.0		
22452	1	1			0.0	8000.0		
22453	1	1	28.0	32.0	0.0	8000.0	cluster_2	BO-81Tapyta/BO-81TAPYTA_20250415_201302.wav
22454	1	1			0.0	8000.0		
22455	1	1			0.0	8000.0		
22456	1	1	12.0	16.0	0.0	8000.0	cluster_2	BO-82Tapyta/BO-82TAPYTA_20250427_053102.wav
22457	1	1			0.0	8000.0		
22458	1	1	40.0	44.0	0.0	8000.0	cluster_2	BO-82Tapyta/BO-82TAPYTA_20250426_220102.wav
22459	1	1			0.0	8000.0		
22460	1	1			0.0	8000.0		
22461	1	1			0.0	8000.0		
22462	1	1			0.0	8000.0		
22463	1	1			0.0	8000.0		
22464	1	1	22.0	26.0	0.0	8000.0	cluster_2	BO-82Tapyta/BO-82TAPYTA_20250415_223202.wav
22465	1	1	46.0	50.0	0.0	8000.0	cluster_2	BO-81Tapyta/BO-81TAPYTA_20250415_214902.wav
22466	1	1			0.0	8000.0		
22467	1	1			0.0	8000.0		
22468	1	1			0.0	8000.0		
22469	1	1			0.0	8000.0		
22470	1	1			0.0	8000.0		
22471	1	1			0.0	8000.0		
22472	1	1	50.0	54.0	0.0	8000.0	cluster_2	BO-82Tapyta/BO-82TAPYTA_20250415_232802.wav
22473	1	1			0.0	8000.0		
22474	1	1	12.0	16.0	0.0	8000.0	cluster_2	BO-81Tapyta/BO-81TAPYTA_20250413_222102.wav
22475	1	1			0.0	8000.0		
22476	1	1			0.0	8000.0		
22477	1	1			0.0	8000.0		
22478	1	1			0.0	8000.0		
22479	1	1			0.0	8000.0		
22480	1	1			0.0	8000.0		
22481	1	1			0.0	8000.0		
22482	1	1	24.0	28.0	0.0	8000.0	cluster_2	BO-82Tapyta/BO-82TAPYTA_20250501_180202.wav
22483	1	1			0.0	8000.0		
22484	1	1			0.0	8000.0		
22485	1	1			0.0	8000.0		
22486	1	1			0.0	8000.0		
22487	1	1			0.0	8000.0		
22488	1	1			0.0	8000.0		
22489	1	1	16.0	20.0	0.0	8000.0	cluster_2	BO-82Tapyta/BO-82TAPYTA_20250502_222102.wav
22490	1	1			0.0	8000.0		
22491	1	1			0.0	8000.0		
22492	1	1			0.0	8000.0		
22493	1	1			0.0	8000.0		
22494	1	1			0.0	8000.0		
22495	1	1			0.0	8000.0		
22496	1	1	32.0	36.0	0.0	8000.0	cluster_2	BO-81Tapyta/BO-81TAPYTA_20250413_205002.wav
22497	1	1			0.0	8000.0		
22498	1	1	4.0	8.0	0.0	8000.0	cluster_2	BO-82Tapyta/BO-82TAPYTA_20250425_013802.wav
22499	1	1			0.0	8000.0		
22500	1	1			0.0	8000.0		
22501	1	1	38.0	42.0	0.0	8000.0	cluster_2	BO-82Tapyta/BO-82TAPYTA_20250418_041002.wav
22502	1	1			0.0	8000.0		
22503	1	1			0.0	8000.0		
22504	1	1	28.0	32.0	0.0	8000.0	cluster_2	BO-82Tapyta/BO-82TAPYTA_20250416_225402.wav
22505	1	1	18.0	22.0	0.0	8000.0	cluster_2	BO-82Tapyta/BO-82TAPYTA_20250416_014802.wav
22506	1	1			0.0	8000.0		
22507	1	1	28.0	32.0	0.0	8000.0	cluster_2	BO-82Tapyta/BO-82TAPYTA_20250427_201502.wav
22508	1	1			0.0	8000.0		
22509	1	1			0.0	8000.0		
22510	1	1			0.0	8000.0		
22511	1	1			0.0	8000.0		
22512	1	1			0.0	8000.0		
22513	1	1			0.0	8000.0		
22514	1	1			0.0	8000.0		
22515	1	1	4.0	8.0	0.0	8000.0	cluster_2	BO-82Tapyta/BO-82TAPYTA_20250424_004802.wav
22516	1	1			0.0	8000.0		
22517	1	1			0.0	8000.0		
22518	1	1	52.0	56.0	0.0	8000.0	cluster_2	BO-82Tapyta/BO-82TAPYTA_20250427_000002.wav
22519	1	1			0.0	8000.0		
22520	1	1			0.0	8000.0		
22521	1	1			0.0	8000.0		
22522	1	1			0.0	8000.0		
22523	1	1			0.0	8000.0		
22524	1	1	48.0	52.0	0.0	8000.0	cluster_2	BO-82Tapyta/BO-82TAPYTA_20250502_200602.wav
22525	1	1	26.0	30.0	0.0	8000.0	cluster_2	BO-82Tapyta/BO-82TAPYTA_20250426_205202.wav
22526	1	1	8.0	12.0	0.0	8000.0	cluster_2	BO-82Tapyta/BO-82TAPYTA_20250417_232502.wav
22527	1	1	16.0	20.0	0.0	8000.0	cluster_2	BO-82Tapyta/BO-82TAPYTA_20250424_194502.wav
22528	1	1			0.0	8000.0		
22529	1	1	2.0	6.0	0.0	8000.0	cluster_2	BO-82Tapyta/BO-82TAPYTA_20250426_231302.wav
22530	1	1			0.0	8000.0		
22531	1	1			0.0	8000.0		
22532	1	1			0.0	8000.0		
22533	1	1	20.0	24.0	0.0	8000.0	cluster_2	BO-82Tapyta/BO-82TAPYTA_20250426_211502.wav
22534	1	1	2.0	6.0	0.0	8000.0	cluster_2	BO-82Tapyta/BO-82TAPYTA_20250416_040002.wav
22535	1	1			0.0	8000.0		
22536	1	1			0.0	8000.0		
22537	1	1			0.0	8000.0		
22538	1	1			0.0	8000.0		
22539	1	1	4.0	8.0	0.0	8000.0	cluster_2	BO-82Tapyta/BO-82TAPYTA_20250414_212502.wav
22540	1	1	28.0	32.0	0.0	8000.0	cluster_2	BO-82Tapyta/BO-82TAPYTA_20250415_202402.wav
22541	1	1			0.0	8000.0		
22542	1	1			0.0	8000.0		
22543	1	1			0.0	8000.0		
22544	1	1	10.0	14.0	0.0	8000.0	cluster_2	BO-82Tapyta/BO-82TAPYTA_20250426_191302.wav
22545	1	1			0.0	8000.0		
22546	1	1			0.0	8000.0		
22547	1	1			0.0	8000.0		
22548	1	1			0.0	8000.0		
22549	1	1			0.0	8000.0		
22550	1	1	8.0	12.0	0.0	8000.0	cluster_2	BO-82Tapyta/BO-82TAPYTA_20250501_194002.wav
22551	1	1			0.0	8000.0		
22552	1	1			0.0	8000.0		
22553	1	1	52.0	56.0	0.0	8000.0	cluster_2	BO-82Tapyta/BO-82TAPYTA_20250416_055502.wav
22554	1	1			0.0	8000.0		
22555	1	1			0.0	8000.0		
22556	1	1			0.0	8000.0		
22557	1	1			0.0	8000.0		
22558	1	1	52.0	56.0	0.0	8000.0	cluster_2	BO-82Tapyta/BO-82TAPYTA_20250417_013302.wav
22559	1	1			0.0	8000.0		
22560	1	1			0.0	8000.0		
22561	1	1	14.0	18.0	0.0	8000.0	cluster_2	BO-82Tapyta/BO-82TAPYTA_20250416_222702.wav
22562	1	1	42.0	46.0	0.0	8000.0	cluster_2	BO-82Tapyta/BO-82TAPYTA_20250417_020702.wav
22563	1	1			0.0	8000.0		
22564	1	1			0.0	8000.0		
22565	1	1			0.0	8000.0		
22566	1	1			0.0	8000.0		
22567	1	1			0.0	8000.0		
22568	1	1			0.0	8000.0		
22569	1	1	40.0	44.0	0.0	8000.0	cluster_2	BO-82Tapyta/BO-82TAPYTA_20250412_023402.wav
22570	1	1			0.0	8000.0		
22571	1	1	48.0	52.0	0.0	8000.0	cluster_2	BO-82Tapyta/BO-82TAPYTA_20250416_011102.wav
22572	1	1			0.0	8000.0		
22573	1	1			0.0	8000.0		
22574	1	1			0.0	8000.0		
22575	1	1			0.0	8000.0		
22576	1	1			0.0	8000.0		
22577	1	1			0.0	8000.0		
22578	1	1	10.0	14.0	0.0	8000.0	cluster_2	BO-82Tapyta/BO-82TAPYTA_20250425_002102.wav
22579	1	1			0.0	8000.0		
22580	1	1			0.0	8000.0		
22581	1	1	0.0	4.0	0.0	8000.0	cluster_2	BO-82Tapyta/BO-82TAPYTA_20250417_200102.wav
22582	1	1			0.0	8000.0		
22583	1	1			0.0	8000.0		
22584	1	1			0.0	8000.0		
22585	1	1	28.0	32.0	0.0	8000.0	cluster_2	BO-82Tapyta/BO-82TAPYTA_20250411_200602.wav
22586	1	1			0.0	8000.0		
22587	1	1			0.0	8000.0		
22588	1	1	22.0	26.0	0.0	8000.0	cluster_2	BO-82Tapyta/BO-82TAPYTA_20250416_005902.wav
22589	1	1			0.0	8000.0		
22590	1	1	16.0	20.0	0.0	8000.0	cluster_2	BO-82Tapyta/BO-82TAPYTA_20250417_032302.wav
22591	1	1	8.0	12.0	0.0	8000.0	cluster_2	BO-81Tapyta/BO-81TAPYTA_20250412_013502.wav
22592	1	1			0.0	8000.0		
22593	1	1			0.0	8000.0		
22594	1	1			0.0	8000.0		
22595	1	1			0.0	8000.0		
22596	1	1	2.0	6.0	0.0	8000.0	cluster_2	BO-82Tapyta/BO-82TAPYTA_20250425_211502.wav
22597	1	1			0.0	8000.0		
22598	1	1			0.0	8000.0		
22599	1	1			0.0	8000.0		
22600	1	1			0.0	8000.0		
22601	1	1			0.0	8000.0		
22602	1	1			0.0	8000.0		
22603	1	1	52.0	56.0	0.0	8000.0	cluster_2	BO-82Tapyta/BO-82TAPYTA_20250417_211902.wav
22604	1	1	26.0	30.0	0.0	8000.0	cluster_2	BO-82Tapyta/BO-82TAPYTA_20250411_190002.wav
22605	1	1	36.0	40.0	0.0	8000.0	cluster_2	BO-82Tapyta/BO-82TAPYTA_20250416_053102.wav
22606	1	1			0.0	8000.0		
22607	1	1			0.0	8000.0		
22608	1	1			0.0	8000.0		
22609	1	1			0.0	8000.0		
22610	1	1			0.0	8000.0		
22611	1	1			0.0	8000.0		
22612	1	1			0.0	8000.0		
22613	1	1			0.0	8000.0		
22614	1	1	2.0	6.0	0.0	8000.0	cluster_2	BO-82Tapyta/BO-82TAPYTA_20250415_232902.wav
22615	1	1			0.0	8000.0		
22616	1	1			0.0	8000.0		
22617	1	1			0.0	8000.0		
22618	1	1			0.0	8000.0		
22619	1	1			0.0	8000.0		
22620	1	1	34.0	38.0	0.0	8000.0	cluster_2	BO-82Tapyta/BO-82TAPYTA_20250427_030202.wav
22621	1	1	36.0	40.0	0.0	8000.0	cluster_2	BO-81Tapyta/BO-81TAPYTA_20250415_205002.wav
22622	1	1			0.0	8000.0		
22623	1	1			0.0	8000.0		
22624	1	1	6.0	10.0	0.0	8000.0	cluster_2	BO-82Tapyta/BO-82TAPYTA_20250427_051202.wav
22625	1	1			0.0	8000.0		
22626	1	1			0.0	8000.0		
22627	1	1			0.0	8000.0		
22628	1	1	24.0	28.0	0.0	8000.0	cluster_2	BO-82Tapyta/BO-82TAPYTA_20250417_195002.wav
22629	1	1			0.0	8000.0		
22630	1	1			0.0	8000.0		
22631	1	1			0.0	8000.0		
22632	1	1			0.0	8000.0		
22633	1	1			0.0	8000.0		
22634	1	1	48.0	52.0	0.0	8000.0	cluster_2	BO-82Tapyta/BO-82TAPYTA_20250411_210302.wav
22635	1	1			0.0	8000.0		
22636	1	1			0.0	8000.0		
22637	1	1			0.0	8000.0		
22638	1	1			0.0	8000.0		
22639	1	1	30.0	34.0	0.0	8000.0	cluster_2	BO-82Tapyta/BO-82TAPYTA_20250417_004202.wav
22640	1	1			0.0	8000.0		
22641	1	1	52.0	56.0	0.0	8000.0	cluster_2	BO-81Tapyta/BO-81TAPYTA_20250416_035402.wav
22642	1	1			0.0	8000.0		
22643	1	1	22.0	26.0	0.0	8000.0	cluster_2	BO-82Tapyta/BO-82TAPYTA_20250502_232902.wav
22644	1	1	16.0	20.0	0.0	8000.0	cluster_2	BO-82Tapyta/BO-82TAPYTA_20250417_020102.wav
22645	1	1			0.0	8000.0		
22646	1	1			0.0	8000.0		
22647	1	1			0.0	8000.0		
22648	1	1			0.0	8000.0		
22649	1	1	52.0	56.0	0.0	8000.0	cluster_2	BO-82Tapyta/BO-82TAPYTA_20250414_202402.wav
22650	1	1			0.0	8000.0		
22651	1	1			0.0	8000.0		
22652	1	1	46.0	50.0	0.0	8000.0	cluster_2	BO-82Tapyta/BO-82TAPYTA_20250411_203102.wav
22653	1	1			0.0	8000.0		
22654	1	1			0.0	8000.0		
22655	1	1	6.0	10.0	0.0	8000.0	cluster_2	BO-82Tapyta/BO-82TAPYTA_20250411_232702.wav
22656	1	1			0.0	8000.0		
22657	1	1			0.0	8000.0		
22658	1	1	0.0	4.0	0.0	8000.0	cluster_2	BO-81Tapyta/BO-81TAPYTA_20250415_232102.wav
22659	1	1			0.0	8000.0		
22660	1	1			0.0	8000.0		
22661	1	1			0.0	8000.0		
22662	1	1	28.0	32.0	0.0	8000.0	cluster_2	BO-82Tapyta/BO-82TAPYTA_20250427_194602.wav
22663	1	1			0.0	8000.0		
22664	1	1			0.0	8000.0		
22665	1	1	42.0	46.0	0.0	8000.0	cluster_2	BO-81Tapyta/BO-81TAPYTA_20250415_222602.wav
22666	1	1			0.0	8000.0		
22667	1	1			0.0	8000.0		
22668	1	1			0.0	8000.0		
22669	1	1	24.0	28.0	0.0	8000.0	cluster_2	BO-81Tapyta/BO-81TAPYTA_20250414_215902.wav
22670	1	1			0.0	8000.0		
22671	1	1			0.0	8000.0		
22672	1	1			0.0	8000.0		
22673	1	1			0.0	8000.0		
22674	1	1			0.0	8000.0		
22675	1	1			0.0	8000.0		
22676	1	1			0.0	8000.0		
22677	1	1			0.0	8000.0		
22678	1	1			0.0	8000.0		
22679	1	1			0.0	8000.0		
22680	1	1			0.0	8000.0		
22681	1	1	12.0	16.0	0.0	8000.0	cluster_2	BO-82Tapyta/BO-82TAPYTA_20250427_194602.wav
22682	1	1			0.0	8000.0		
22683	1	1			0.0	8000.0		
22684	1	1			0.0	8000.0		
22685	1	1			0.0	8000.0		
22686	1	1			0.0	8000.0		
22687	1	1	18.0	22.0	0.0	8000.0	cluster_2	BO-81Tapyta/BO-81TAPYTA_20250414_210402.wav
22688	1	1			0.0	8000.0		
22689	1	1			0.0	8000.0		
22690	1	1			0.0	8000.0		
22691	1	1			0.0	8000.0		
22692	1	1			0.0	8000.0		
22693	1	1			0.0	8000.0		
22694	1	1			0.0	8000.0		
22695	1	1			0.0	8000.0		
22696	1	1			0.0	8000.0		
22697	1	1	16.0	20.0	0.0	8000.0	cluster_2	BO-82Tapyta/BO-82TAPYTA_20250413_221102.wav
22698	1	1			0.0	8000.0		
22699	1	1	52.0	56.0	0.0	8000.0	cluster_2	BO-82Tapyta/BO-82TAPYTA_20250502_215102.wav
22700	1	1	44.0	48.0	0.0	8000.0	cluster_2	BO-82Tapyta/BO-82TAPYTA_20250426_210602.wav
22701	1	1			0.0	8000.0		
22702	1	1			0.0	8000.0		
22703	1	1	40.0	44.0	0.0	8000.0	cluster_2	BO-82Tapyta/BO-82TAPYTA_20250414_212002.wav
22704	1	1			0.0	8000.0		
22705	1	1			0.0	8000.0		
22706	1	1			0.0	8000.0		
22707	1	1			0.0	8000.0		
22708	1	1			0.0	8000.0		
22709	1	1			0.0	8000.0		
22710	1	1			0.0	8000.0		
22711	1	1	48.0	52.0	0.0	8000.0	cluster_2	BO-82Tapyta/BO-82TAPYTA_20250412_003202.wav
22712	1	1			0.0	8000.0		
22713	1	1			0.0	8000.0		
22714	1	1			0.0	8000.0		
22715	1	1	46.0	50.0	0.0	8000.0	cluster_2	BO-82Tapyta/BO-82TAPYTA_20250418_022602.wav
22716	1	1	34.0	38.0	0.0	8000.0	cluster_2	BO-82Tapyta/BO-82TAPYTA_20250416_234302.wav
22717	1	1	12.0	16.0	0.0	8000.0	cluster_2	BO-82Tapyta/BO-82TAPYTA_20250417_193902.wav
22718	1	1			0.0	8000.0		
22719	1	1	2.0	6.0	0.0	8000.0	cluster_2	BO-82Tapyta/BO-82TAPYTA_20250427_212802.wav
22720	1	1	42.0	46.0	0.0	8000.0	cluster_2	BO-82Tapyta/BO-82TAPYTA_20250416_030802.wav
22721	1	1			0.0	8000.0		
22722	1	1			0.0	8000.0		
22723	1	1	32.0	36.0	0.0	8000.0	cluster_2	BO-82Tapyta/BO-82TAPYTA_20250412_005202.wav
22724	1	1			0.0	8000.0		
22725	1	1			0.0	8000.0		
22726	1	1			0.0	8000.0		
22727	1	1			0.0	8000.0		
22728	1	1	52.0	56.0	0.0	8000.0	cluster_2	BO-82Tapyta/BO-82TAPYTA_20250416_192902.wav
22729	1	1			0.0	8000.0		
22730	1	1			0.0	8000.0		
22731	1	1			0.0	8000.0		
22732	1	1	38.0	42.0	0.0	8000.0	cluster_2	BO-81Tapyta/BO-81TAPYTA_20250416_043302.wav
22733	1	1	46.0	50.0	0.0	8000.0	cluster_2	BO-82Tapyta/BO-82TAPYTA_20250417_230402.wav
22734	1	1			0.0	8000.0		
22735	1	1			0.0	8000.0		
22736	1	1			0.0	8000.0		
22737	1	1			0.0	8000.0		
22738	1	1			0.0	8000.0		
22739	1	1	2.0	6.0	0.0	8000.0	cluster_2	BO-82Tapyta/BO-82TAPYTA_20250412_044002.wav
22740	1	1	42.0	46.0	0.0	8000.0	cluster_2	BO-82Tapyta/BO-82TAPYTA_20250425_204502.wav
22741	1	1	52.0	56.0	0.0	8000.0	cluster_2	BO-82Tapyta/BO-82TAPYTA_20250415_214802.wav
22742	1	1			0.0	8000.0		
22743	1	1			0.0	8000.0		
22744	1	1			0.0	8000.0		
22745	1	1			0.0	8000.0		
22746	1	1			0.0	8000.0		
22747	1	1			0.0	8000.0		
22748	1	1			0.0	8000.0		
22749	1	1	10.0	14.0	0.0	8000.0	cluster_2	BO-82Tapyta/BO-82TAPYTA_20250424_222302.wav
22750	1	1	30.0	34.0	0.0	8000.0	cluster_2	BO-82Tapyta/BO-82TAPYTA_20250426_231102.wav
22751	1	1			0.0	8000.0		
22752	1	1			0.0	8000.0		
22753	1	1			0.0	8000.0		
22754	1	1	30.0	34.0	0.0	8000.0	cluster_2	BO-82Tapyta/BO-82TAPYTA_20250415_234802.wav
22755	1	1			0.0	8000.0		
22756	1	1	40.0	44.0	0.0	8000.0	cluster_2	BO-82Tapyta/BO-82TAPYTA_20250417_195902.wav
22757	1	1			0.0	8000.0		
22758	1	1			0.0	8000.0		
22759	1	1	40.0	44.0	0.0	8000.0	cluster_2	BO-82Tapyta/BO-82TAPYTA_20250424_210002.wav
22760	1	1			0.0	8000.0		
22761	1	1			0.0	8000.0		
22762	1	1			0.0	8000.0		
22763	1	1			0.0	8000.0		
22764	1	1			0.0	8000.0		
22765	1	1			0.0	8000.0		
22766	1	1			0.0	8000.0		
22767	1	1	44.0	48.0	0.0	8000.0	cluster_2	BO-82Tapyta/BO-82TAPYTA_20250415_222102.wav
22768	1	1			0.0	8000.0		
22769	1	1			0.0	8000.0		
22770	1	1	16.0	20.0	0.0	8000.0	cluster_2	BO-82Tapyta/BO-82TAPYTA_20250424_221402.wav
22771	1	1			0.0	8000.0		
22772	1	1	10.0	14.0	0.0	8000.0	cluster_2	BO-82Tapyta/BO-82TAPYTA_20250417_020602.wav
22773	1	1			0.0	8000.0		
22774	1	1	48.0	52.0	0.0	8000.0	cluster_2	BO-82Tapyta/BO-82TAPYTA_20250424_210302.wav
22775	1	1			0.0	8000.0		
22776	1	1			0.0	8000.0		
22777	1	1			0.0	8000.0		
22778	1	1			0.0	8000.0		
22779	1	1	26.0	30.0	0.0	8000.0	cluster_2	BO-82Tapyta/BO-82TAPYTA_20250417_042202.wav
22780	1	1			0.0	8000.0		
22781	1	1			0.0	8000.0		
22782	1	1			0.0	8000.0		
22783	1	1	30.0	34.0	0.0	8000.0	cluster_2	BO-82Tapyta/BO-82TAPYTA_20250502_221602.wav
22784	1	1			0.0	8000.0		
22785	1	1			0.0	8000.0		
22786	1	1			0.0	8000.0		
22787	1	1			0.0	8000.0		
22788	1	1			0.0	8000.0		
22789	1	1	14.0	18.0	0.0	8000.0	cluster_2	BO-82Tapyta/BO-82TAPYTA_20250426_194102.wav
22790	1	1			0.0	8000.0		
22791	1	1			0.0	8000.0		
22792	1	1			0.0	8000.0		
22793	1	1			0.0	8000.0		
22794	1	1			0.0	8000.0		
22795	1	1			0.0	8000.0		
22796	1	1	22.0	26.0	0.0	8000.0	cluster_2	BO-82Tapyta/BO-82TAPYTA_20250427_044702.wav
22797	1	1			0.0	8000.0		
22798	1	1	16.0	20.0	0.0	8000.0	cluster_2	BO-82Tapyta/BO-82TAPYTA_20250424_231402.wav
22799	1	1	2.0	6.0	0.0	8000.0	cluster_2	BO-82Tapyta/BO-82TAPYTA_20250426_003402.wav
22800	1	1	50.0	54.0	0.0	8000.0	cluster_2	BO-82Tapyta/BO-82TAPYTA_20250427_204102.wav
22801	1	1	50.0	54.0	0.0	8000.0	cluster_2	BO-82Tapyta/BO-82TAPYTA_20250412_053002.wav
22802	1	1			0.0	8000.0		
22803	1	1	40.0	44.0	0.0	8000.0	cluster_2	BO-82Tapyta/BO-82TAPYTA_20250418_021102.wav
22804	1	1	16.0	20.0	0.0	8000.0	cluster_2	BO-82Tapyta/BO-82TAPYTA_20250424_002202.wav
22805	1	1	38.0	42.0	0.0	8000.0	cluster_2	BO-82Tapyta/BO-82TAPYTA_20250425_005302.wav
22806	1	1			0.0	8000.0		
22807	1	1	48.0	52.0	0.0	8000.0	cluster_2	BO-82Tapyta/BO-82TAPYTA_20250416_234602.wav
22808	1	1			0.0	8000.0		
22809	1	1	50.0	54.0	0.0	8000.0	cluster_2	BO-82Tapyta/BO-82TAPYTA_20250502_222102.wav
22810	1	1			0.0	8000.0		
22811	1	1			0.0	8000.0		
22812	1	1			0.0	8000.0		
22813	1	1			0.0	8000.0		
22814	1	1	10.0	14.0	0.0	8000.0	cluster_2	BO-82Tapyta/BO-82TAPYTA_20250417_004802.wav
22815	1	1			0.0	8000.0		
22816	1	1	26.0	30.0	0.0	8000.0	cluster_2	BO-82Tapyta/BO-82TAPYTA_20250418_055102.wav
22817	1	1	30.0	34.0	0.0	8000.0	cluster_2	BO-81Tapyta/BO-81TAPYTA_20250416_034102.wav
22818	1	1			0.0	8000.0		
22819	1	1			0.0	8000.0		
22820	1	1			0.0	8000.0		
22821	1	1			0.0	8000.0		
22822	1	1	46.0	50.0	0.0	8000.0	cluster_2	BO-82Tapyta/BO-82TAPYTA_20250425_023102.wav
22823	1	1			0.0	8000.0		
22824	1	1			0.0	8000.0		
22825	1	1			0.0	8000.0		
22826	1	1			0.0	8000.0		
22827	1	1			0.0	8000.0		
22828	1	1	44.0	48.0	0.0	8000.0	cluster_2	BO-82Tapyta/BO-82TAPYTA_20250413_210302.wav
22829	1	1			0.0	8000.0		
22830	1	1			0.0	8000.0		
22831	1	1			0.0	8000.0		
22832	1	1	46.0	50.0	0.0	8000.0	cluster_2	BO-82Tapyta/BO-82TAPYTA_20250427_225302.wav
22833	1	1			0.0	8000.0		
22834	1	1	38.0	42.0	0.0	8000.0	cluster_2	BO-82Tapyta/BO-82TAPYTA_20250418_034202.wav
22835	1	1	22.0	26.0	0.0	8000.0	cluster_2	BO-82Tapyta/BO-82TAPYTA_20250426_041402.wav
22836	1	1	38.0	42.0	0.0	8000.0	cluster_2	BO-81Tapyta/BO-81TAPYTA_20250412_001702.wav
22837	1	1			0.0	8000.0		
22838	1	1	8.0	12.0	0.0	8000.0	cluster_2	BO-81Tapyta/BO-81TAPYTA_20250411_202602.wav
22839	1	1			0.0	8000.0		
22840	1	1			0.0	8000.0		
22841	1	1			0.0	8000.0		
22842	1	1			0.0	8000.0		
22843	1	1			0.0	8000.0		
22844	1	1			0.0	8000.0		
22845	1	1			0.0	8000.0		
22846	1	1			0.0	8000.0		
22847	1	1			0.0	8000.0		
22848	1	1			0.0	8000.0		
22849	1	1	42.0	46.0	0.0	8000.0	cluster_2	BO-82Tapyta/BO-82TAPYTA_20250418_002302.wav
22850	1	1	34.0	38.0	0.0	8000.0	cluster_2	BO-82Tapyta/BO-82TAPYTA_20250413_203102.wav
22851	1	1	46.0	50.0	0.0	8000.0	cluster_2	BO-82Tapyta/BO-82TAPYTA_20250412_044702.wav
22852	1	1	28.0	32.0	0.0	8000.0	cluster_2	BO-82Tapyta/BO-82TAPYTA_20250424_205002.wav
22853	1	1			0.0	8000.0		
22854	1	1			0.0	8000.0		
22855	1	1			0.0	8000.0		
22856	1	1			0.0	8000.0		
22857	1	1	2.0	6.0	0.0	8000.0	cluster_2	BO-82Tapyta/BO-82TAPYTA_20250426_193002.wav
22858	1	1			0.0	8000.0		
22859	1	1	32.0	36.0	0.0	8000.0	cluster_2	BO-82Tapyta/BO-82TAPYTA_20250416_035902.wav
22860	1	1	12.0	16.0	0.0	8000.0	cluster_2	BO-82Tapyta/BO-82TAPYTA_20250426_020802.wav
22861	1	1			0.0	8000.0		
22862	1	1			0.0	8000.0		
22863	1	1			0.0	8000.0		
22864	1	1			0.0	8000.0		
22865	1	1			0.0	8000.0		
22866	1	1			0.0	8000.0		
22867	1	1			0.0	8000.0		
22868	1	1	26.0	30.0	0.0	8000.0	cluster_2	BO-81Tapyta/BO-81TAPYTA_20250415_195302.wav
22869	1	1			0.0	8000.0		
22870	1	1			0.0	8000.0		
22871	1	1			0.0	8000.0		
22872	1	1			0.0	8000.0		
22873	1	1			0.0	8000.0		
22874	1	1			0.0	8000.0		
22875	1	1			0.0	8000.0		
22876	1	1			0.0	8000.0		
22877	1	1			0.0	8000.0		
22878	1	1			0.0	8000.0		
22879	1	1			0.0	8000.0		
22880	1	1			0.0	8000.0		
22881	1	1	8.0	12.0	0.0	8000.0	cluster_2	BO-82Tapyta/BO-82TAPYTA_20250415_195702.wav
22882	1	1	38.0	42.0	0.0	8000.0	cluster_2	BO-82Tapyta/BO-82TAPYTA_20250416_045202.wav
22883	1	1	18.0	22.0	0.0	8000.0	cluster_2	BO-82Tapyta/BO-82TAPYTA_20250426_235102.wav
22884	1	1			0.0	8000.0		
22885	1	1			0.0	8000.0		
22886	1	1			0.0	8000.0		
22887	1	1			0.0	8000.0		
22888	1	1			0.0	8000.0		
22889	1	1			0.0	8000.0		
22890	1	1			0.0	8000.0		
22891	1	1			0.0	8000.0		
22892	1	1			0.0	8000.0		
22893	1	1			0.0	8000.0		
22894	1	1			0.0	8000.0		
22895	1	1			0.0	8000.0		
22896	1	1			0.0	8000.0		
22897	1	1			0.0	8000.0		
22898	1	1			0.0	8000.0		
22899	1	1	34.0	38.0	0.0	8000.0	cluster_2	BO-82Tapyta/BO-82TAPYTA_20250427_020902.wav
22900	1	1			0.0	8000.0		
22901	1	1			0.0	8000.0		
22902	1	1			0.0	8000.0		
22903	1	1			0.0	8000.0		
22904	1	1			0.0	8000.0		
22905	1	1			0.0	8000.0		
22906	1	1	14.0	18.0	0.0	8000.0	cluster_2	BO-82Tapyta/BO-82TAPYTA_20250425_012502.wav
22907	1	1			0.0	8000.0		
22908	1	1			0.0	8000.0		
22909	1	1			0.0	8000.0		
22910	1	1			0.0	8000.0		
22911	1	1			0.0	8000.0		
22912	1	1			0.0	8000.0		
22913	1	1	0.0	4.0	0.0	8000.0	cluster_2	BO-82Tapyta/BO-82TAPYTA_20250415_204102.wav
22914	1	1	30.0	34.0	0.0	8000.0	cluster_2	BO-82Tapyta/BO-82TAPYTA_20250418_034602.wav
22915	1	1			0.0	8000.0		
22916	1	1			0.0	8000.0		
22917	1	1			0.0	8000.0		
22918	1	1	40.0	44.0	0.0	8000.0	cluster_2	BO-81Tapyta/BO-81TAPYTA_20250412_010202.wav
22919	1	1			0.0	8000.0		
22920	1	1			0.0	8000.0		
22921	1	1	18.0	22.0	0.0	8000.0	cluster_2	BO-82Tapyta/BO-82TAPYTA_20250426_051802.wav
22922	1	1			0.0	8000.0		
22923	1	1			0.0	8000.0		
22924	1	1			0.0	8000.0		
22925	1	1			0.0	8000.0		
22926	1	1	22.0	26.0	0.0	8000.0	cluster_2	BO-82Tapyta/BO-82TAPYTA_20250416_194102.wav
22927	1	1			0.0	8000.0		
22928	1	1			0.0	8000.0		
22929	1	1			0.0	8000.0		
22930	1	1			0.0	8000.0		
22931	1	1			0.0	8000.0		
22932	1	1	32.0	36.0	0.0	8000.0	cluster_2	BO-81Tapyta/BO-81TAPYTA_20250416_025602.wav
22933	1	1			0.0	8000.0		
22934	1	1	6.0	10.0	0.0	8000.0	cluster_2	BO-82Tapyta/BO-82TAPYTA_20250427_052402.wav
22935	1	1			0.0	8000.0		
22936	1	1	22.0	26.0	0.0	8000.0	cluster_2	BO-82Tapyta/BO-82TAPYTA_20250427_212702.wav
22937	1	1			0.0	8000.0		
22938	1	1			0.0	8000.0		
22939	1	1			0.0	8000.0		
22940	1	1			0.0	8000.0		
22941	1	1			0.0	8000.0		
22942	1	1			0.0	8000.0		
22943	1	1	12.0	16.0	0.0	8000.0	cluster_2	BO-82Tapyta/BO-82TAPYTA_20250425_211802.wav
22944	1	1			0.0	8000.0		
22945	1	1			0.0	8000.0		
22946	1	1			0.0	8000.0		
22947	1	1			0.0	8000.0		
22948	1	1			0.0	8000.0		
22949	1	1			0.0	8000.0		
22950	1	1	6.0	10.0	0.0	8000.0	cluster_2	BO-82Tapyta/BO-82TAPYTA_20250416_211002.wav
22951	1	1	16.0	20.0	0.0	8000.0	cluster_2	BO-82Tapyta/BO-82TAPYTA_20250411_235802.wav
22952	1	1			0.0	8000.0		
22953	1	1			0.0	8000.0		
22954	1	1			0.0	8000.0		
22955	1	1			0.0	8000.0		
22956	1	1			0.0	8000.0		
22957	1	1			0.0	8000.0		
22958	1	1	42.0	46.0	0.0	8000.0	cluster_2	BO-82Tapyta/BO-82TAPYTA_20250426_014102.wav
22959	1	1			0.0	8000.0		
22960	1	1			0.0	8000.0		
22961	1	1	28.0	32.0	0.0	8000.0	cluster_2	BO-82Tapyta/BO-82TAPYTA_20250416_004502.wav
22962	1	1			0.0	8000.0		
22963	1	1			0.0	8000.0		
22964	1	1			0.0	8000.0		
22965	1	1			0.0	8000.0		
22966	1	1			0.0	8000.0		
22967	1	1			0.0	8000.0		
22968	1	1			0.0	8000.0		
22969	1	1			0.0	8000.0		
22970	1	1			0.0	8000.0		
22971	1	1			0.0	8000.0		
22972	1	1			0.0	8000.0		
22973	1	1			0.0	8000.0		
22974	1	1			0.0	8000.0		
22975	1	1			0.0	8000.0		
22976	1	1			0.0	8000.0		
22977	1	1			0.0	8000.0		
22978	1	1			0.0	8000.0		
22979	1	1			0.0	8000.0		
22980	1	1	4.0	8.0	0.0	8000.0	cluster_2	BO-82Tapyta/BO-82TAPYTA_20250417_223502.wav
22981	1	1			0.0	8000.0		
22982	1	1			0.0	8000.0		
22983	1	1	32.0	36.0	0.0	8000.0	cluster_2	BO-82Tapyta/BO-82TAPYTA_20250416_235302.wav
22984	1	1	30.0	34.0	0.0	8000.0	cluster_2	BO-81Tapyta/BO-81TAPYTA_20250411_202902.wav
22985	1	1	46.0	50.0	0.0	8000.0	cluster_2	BO-81Tapyta/BO-81TAPYTA_20250413_223102.wav
22986	1	1			0.0	8000.0		
22987	1	1			0.0	8000.0		
22988	1	1			0.0	8000.0		
22989	1	1			0.0	8000.0		
22990	1	1			0.0	8000.0		
22991	1	1			0.0	8000.0		
22992	1	1			0.0	8000.0		
22993	1	1			0.0	8000.0		
22994	1	1			0.0	8000.0		
22995	1	1			0.0	8000.0		
22996	1	1			0.0	8000.0		
22997	1	1			0.0	8000.0		
22998	1	1			0.0	8000.0		
22999	1	1			0.0	8000.0		
23000	1	1	14.0	18.0	0.0	8000.0	cluster_2	BO-82Tapyta/BO-82TAPYTA_20250417_022402.wav
23001	1	1			0.0	8000.0		
23002	1	1			0.0	8000.0		
23003	1	1			0.0	8000.0		
23004	1	1	40.0	44.0	0.0	8000.0	cluster_2	BO-82Tapyta/BO-82TAPYTA_20250417_232302.wav
23005	1	1			0.0	8000.0		
23006	1	1	26.0	30.0	0.0	8000.0	cluster_2	BO-82Tapyta/BO-82TAPYTA_20250423_223102.wav
23007	1	1			0.0	8000.0		
23008	1	1	6.0	10.0	0.0	8000.0	cluster_2	BO-82Tapyta/BO-82TAPYTA_20250416_023102.wav
23009	1	1			0.0	8000.0		
23010	1	1			0.0	8000.0		
23011	1	1	38.0	42.0	0.0	8000.0	cluster_2	BO-82Tapyta/BO-82TAPYTA_20250412_054402.wav
23012	1	1			0.0	8000.0		
23013	1	1			0.0	8000.0		
23014	1	1			0.0	8000.0		
23015	1	1	44.0	48.0	0.0	8000.0	cluster_2	BO-82Tapyta/BO-82TAPYTA_20250427_003702.wav
23016	1	1	16.0	20.0	0.0	8000.0	cluster_2	BO-82Tapyta/BO-82TAPYTA_20250411_202102.wav
23017	1	1			0.0	8000.0		
23018	1	1			0.0	8000.0		
23019	1	1			0.0	8000.0		
23020	1	1			0.0	8000.0		
23021	1	1			0.0	8000.0		
23022	1	1			0.0	8000.0		
23023	1	1			0.0	8000.0		
23024	1	1	20.0	24.0	0.0	8000.0	cluster_2	BO-82Tapyta/BO-82TAPYTA_20250427_040302.wav
23025	1	1			0.0	8000.0		
23026	1	1			0.0	8000.0		
23027	1	1			0.0	8000.0		
23028	1	1			0.0	8000.0		
23029	1	1			0.0	8000.0		
23030	1	1			0.0	8000.0		
23031	1	1			0.0	8000.0		
23032	1	1			0.0	8000.0		
23033	1	1			0.0	8000.0		
23034	1	1			0.0	8000.0		
23035	1	1	44.0	48.0	0.0	8000.0	cluster_2	BO-82Tapyta/BO-82TAPYTA_20250425_030702.wav
23036	1	1			0.0	8000.0		
23037	1	1			0.0	8000.0		
23038	1	1			0.0	8000.0		
23039	1	1			0.0	8000.0		
23040	1	1			0.0	8000.0		
23041	1	1			0.0	8000.0		
23042	1	1	20.0	24.0	0.0	8000.0	cluster_2	BO-82Tapyta/BO-82TAPYTA_20250412_015302.wav
23043	1	1			0.0	8000.0		
23044	1	1			0.0	8000.0		
23045	1	1			0.0	8000.0		
23046	1	1	4.0	8.0	0.0	8000.0	cluster_2	BO-82Tapyta/BO-82TAPYTA_20250427_005402.wav
23047	1	1			0.0	8000.0		
23048	1	1			0.0	8000.0		
23049	1	1	2.0	6.0	0.0	8000.0	cluster_2	BO-81Tapyta/BO-81TAPYTA_20250412_010302.wav
23050	1	1			0.0	8000.0		
23051	1	1	40.0	44.0	0.0	8000.0	cluster_2	BO-81Tapyta/BO-81TAPYTA_20250415_202902.wav
23052	1	1			0.0	8000.0		
23053	1	1			0.0	8000.0		
23054	1	1	12.0	16.0	0.0	8000.0	cluster_2	BO-82Tapyta/BO-82TAPYTA_20250413_204102.wav
23055	1	1			0.0	8000.0		
23056	1	1			0.0	8000.0		
23057	1	1			0.0	8000.0		
23058	1	1			0.0	8000.0		
23059	1	1			0.0	8000.0		
23060	1	1	40.0	44.0	0.0	8000.0	cluster_2	BO-81Tapyta/BO-81TAPYTA_20250411_204402.wav
23061	1	1	10.0	14.0	0.0	8000.0	cluster_2	BO-82Tapyta/BO-82TAPYTA_20250412_035502.wav
23062	1	1			0.0	8000.0		
23063	1	1			0.0	8000.0		
23064	1	1			0.0	8000.0		
23065	1	1	28.0	32.0	0.0	8000.0	cluster_2	BO-82Tapyta/BO-82TAPYTA_20250417_002502.wav
23066	1	1			0.0	8000.0		
23067	1	1			0.0	8000.0		
23068	1	1			0.0	8000.0		
23069	1	1			0.0	8000.0		
23070	1	1			0.0	8000.0		
23071	1	1			0.0	8000.0		
23072	1	1			0.0	8000.0		
23073	1	1			0.0	8000.0		
23074	1	1			0.0	8000.0		
23075	1	1			0.0	8000.0		
23076	1	1			0.0	8000.0		
23077	1	1			0.0	8000.0		
23078	1	1			0.0	8000.0		
23079	1	1			0.0	8000.0		
23080	1	1	32.0	36.0	0.0	8000.0	cluster_2	BO-81Tapyta/BO-81TAPYTA_20250416_011602.wav
23081	1	1			0.0	8000.0		
23082	1	1	32.0	36.0	0.0	8000.0	cluster_2	BO-81Tapyta/BO-81TAPYTA_20250414_215702.wav
23083	1	1			0.0	8000.0		
23084	1	1			0.0	8000.0		
23085	1	1			0.0	8000.0		
23086	1	1			0.0	8000.0		
23087	1	1			0.0	8000.0		
23088	1	1	26.0	30.0	0.0	8000.0	cluster_2	BO-82Tapyta/BO-82TAPYTA_20250416_201502.wav
23089	1	1			0.0	8000.0		
23090	1	1	4.0	8.0	0.0	8000.0	cluster_2	BO-82Tapyta/BO-82TAPYTA_20250411_190502.wav
23091	1	1			0.0	8000.0		
23092	1	1			0.0	8000.0		
23093	1	1			0.0	8000.0		
23094	1	1			0.0	8000.0		
23095	1	1			0.0	8000.0		
23096	1	1	30.0	34.0	0.0	8000.0	cluster_2	BO-82Tapyta/BO-82TAPYTA_20250501_193902.wav
23097	1	1			0.0	8000.0		
23098	1	1			0.0	8000.0		
23099	1	1	48.0	52.0	0.0	8000.0	cluster_2	BO-82Tapyta/BO-82TAPYTA_20250413_212902.wav
23100	1	1	10.0	14.0	0.0	8000.0	cluster_2	BO-82Tapyta/BO-82TAPYTA_20250502_224002.wav
23101	1	1			0.0	8000.0		
23102	1	1	40.0	44.0	0.0	8000.0	cluster_2	BO-82Tapyta/BO-82TAPYTA_20250414_223002.wav
23103	1	1			0.0	8000.0		
23104	1	1			0.0	8000.0		
23105	1	1	40.0	44.0	0.0	8000.0	cluster_2	BO-82Tapyta/BO-82TAPYTA_20250425_020202.wav
23106	1	1			0.0	8000.0		
23107	1	1			0.0	8000.0		
23108	1	1			0.0	8000.0		
23109	1	1			0.0	8000.0		
23110	1	1			0.0	8000.0		
23111	1	1			0.0	8000.0		
23112	1	1	46.0	50.0	0.0	8000.0	cluster_2	BO-81Tapyta/BO-81TAPYTA_20250416_040002.wav
23113	1	1			0.0	8000.0		
23114	1	1			0.0	8000.0		
23115	1	1	20.0	24.0	0.0	8000.0	cluster_2	BO-82Tapyta/BO-82TAPYTA_20250412_050802.wav
23116	1	1	42.0	46.0	0.0	8000.0	cluster_2	BO-82Tapyta/BO-82TAPYTA_20250414_201102.wav
23117	1	1	2.0	6.0	0.0	8000.0	cluster_2	BO-82Tapyta/BO-82TAPYTA_20250418_053202.wav
23118	1	1			0.0	8000.0		
23119	1	1			0.0	8000.0		
23120	1	1			0.0	8000.0		
23121	1	1	30.0	34.0	0.0	8000.0	cluster_2	BO-82Tapyta/BO-82TAPYTA_20250426_051602.wav
23122	1	1			0.0	8000.0		
23123	1	1	32.0	36.0	0.0	8000.0	cluster_2	BO-82Tapyta/BO-82TAPYTA_20250414_195702.wav
23124	1	1	32.0	36.0	0.0	8000.0	cluster_2	BO-81Tapyta/BO-81TAPYTA_20250416_020102.wav
23125	1	1			0.0	8000.0		
23126	1	1			0.0	8000.0		
23127	1	1			0.0	8000.0		
23128	1	1			0.0	8000.0		
23129	1	1			0.0	8000.0		
23130	1	1			0.0	8000.0		
23131	1	1			0.0	8000.0		
23132	1	1			0.0	8000.0		
23133	1	1			0.0	8000.0		
23134	1	1			0.0	8000.0		
23135	1	1			0.0	8000.0		
23136	1	1	8.0	12.0	0.0	8000.0	cluster_2	BO-82Tapyta/BO-82TAPYTA_20250412_034602.wav
23137	1	1			0.0	8000.0		
23138	1	1			0.0	8000.0		
23139	1	1			0.0	8000.0		
23140	1	1			0.0	8000.0		
23141	1	1			0.0	8000.0		
23142	1	1			0.0	8000.0		
23143	1	1			0.0	8000.0		
23144	1	1	48.0	52.0	0.0	8000.0	cluster_2	BO-82Tapyta/BO-82TAPYTA_20250426_212902.wav
23145	1	1			0.0	8000.0		
23146	1	1			0.0	8000.0		
23147	1	1			0.0	8000.0		
23148	1	1			0.0	8000.0		
23149	1	1			0.0	8000.0		
23150	1	1			0.0	8000.0		
23151	1	1			0.0	8000.0		
23152	1	1			0.0	8000.0		
23153	1	1			0.0	8000.0		
23154	1	1			0.0	8000.0		
23155	1	1			0.0	8000.0		
23156	1	1			0.0	8000.0		
23157	1	1			0.0	8000.0		
23158	1	1			0.0	8000.0		
23159	1	1	48.0	52.0	0.0	8000.0	cluster_2	BO-82Tapyta/BO-82TAPYTA_20250424_220102.wav
23160	1	1	6.0	10.0	0.0	8000.0	cluster_2	BO-82Tapyta/BO-82TAPYTA_20250425_023102.wav
23161	1	1			0.0	8000.0		
23162	1	1			0.0	8000.0		
23163	1	1	42.0	46.0	0.0	8000.0	cluster_2	BO-82Tapyta/BO-82TAPYTA_20250417_022102.wav
23164	1	1			0.0	8000.0		
23165	1	1			0.0	8000.0		
23166	1	1			0.0	8000.0		
23167	1	1			0.0	8000.0		
23168	1	1			0.0	8000.0		
23169	1	1			0.0	8000.0		
23170	1	1			0.0	8000.0		
23171	1	1			0.0	8000.0		
23172	1	1			0.0	8000.0		
23173	1	1	8.0	12.0	0.0	8000.0	cluster_2	BO-82Tapyta/BO-82TAPYTA_20250424_223202.wav
23174	1	1			0.0	8000.0		
23175	1	1	4.0	8.0	0.0	8000.0	cluster_2	BO-82Tapyta/BO-82TAPYTA_20250418_012102.wav
23176	1	1	12.0	16.0	0.0	8000.0	cluster_2	BO-82Tapyta/BO-82TAPYTA_20250426_222802.wav
23177	1	1			0.0	8000.0		
23178	1	1	30.0	34.0	0.0	8000.0	cluster_2	BO-82Tapyta/BO-82TAPYTA_20250415_214602.wav
23179	1	1			0.0	8000.0		
23180	1	1	22.0	26.0	0.0	8000.0	cluster_2	BO-82Tapyta/BO-82TAPYTA_20250415_231402.wav
23181	1	1	28.0	32.0	0.0	8000.0	cluster_2	BO-82Tapyta/BO-82TAPYTA_20250502_190202.wav
23182	1	1			0.0	8000.0		
23183	1	1			0.0	8000.0		
23184	1	1			0.0	8000.0		
23185	1	1			0.0	8000.0		
23186	1	1			0.0	8000.0		
23187	1	1			0.0	8000.0		
23188	1	1	38.0	42.0	0.0	8000.0	cluster_2	BO-82Tapyta/BO-82TAPYTA_20250427_225002.wav
23189	1	1			0.0	8000.0		
23190	1	1	2.0	6.0	0.0	8000.0	cluster_2	BO-82Tapyta/BO-82TAPYTA_20250425_002302.wav
23191	1	1			0.0	8000.0		
23192	1	1			0.0	8000.0		
23193	1	1			0.0	8000.0		
23194	1	1			0.0	8000.0		
23195	1	1	2.0	6.0	0.0	8000.0	cluster_2	BO-81Tapyta/BO-81TAPYTA_20250415_192002.wav
23196	1	1			0.0	8000.0		
23197	1	1			0.0	8000.0		
23198	1	1			0.0	8000.0		
23199	1	1			0.0	8000.0		
23200	1	1	40.0	44.0	0.0	8000.0	cluster_2	BO-82Tapyta/BO-82TAPYTA_20250427_042502.wav
23201	1	1	8.0	12.0	0.0	8000.0	cluster_2	BO-82Tapyta/BO-82TAPYTA_20250415_205402.wav
23202	1	1	6.0	10.0	0.0	8000.0	cluster_2	BO-82Tapyta/BO-82TAPYTA_20250427_000102.wav
23203	1	1			0.0	8000.0		
23204	1	1	42.0	46.0	0.0	8000.0	cluster_2	BO-82Tapyta/BO-82TAPYTA_20250427_193202.wav
23205	1	1			0.0	8000.0		
23206	1	1			0.0	8000.0		
23207	1	1	32.0	36.0	0.0	8000.0	cluster_2	BO-82Tapyta/BO-82TAPYTA_20250427_052702.wav
23208	1	1			0.0	8000.0		
23209	1	1			0.0	8000.0		
23210	1	1			0.0	8000.0		
23211	1	1			0.0	8000.0		
23212	1	1			0.0	8000.0		
23213	1	1	16.0	20.0	0.0	8000.0	cluster_2	BO-82Tapyta/BO-82TAPYTA_20250424_200802.wav
23214	1	1			0.0	8000.0		
23215	1	1			0.0	8000.0		
23216	1	1			0.0	8000.0		
23217	1	1	42.0	46.0	0.0	8000.0	cluster_2	BO-82Tapyta/BO-82TAPYTA_20250426_005402.wav
23218	1	1	32.0	36.0	0.0	8000.0	cluster_2	BO-82Tapyta/BO-82TAPYTA_20250418_044602.wav
23219	1	1	4.0	8.0	0.0	8000.0	cluster_2	BO-82Tapyta/BO-82TAPYTA_20250411_222802.wav
23220	1	1			0.0	8000.0		
23221	1	1			0.0	8000.0		
23222	1	1			0.0	8000.0		
23223	1	1			0.0	8000.0		
23224	1	1			0.0	8000.0		
23225	1	1	6.0	10.0	0.0	8000.0	cluster_2	BO-82Tapyta/BO-82TAPYTA_20250417_200002.wav
23226	1	1			0.0	8000.0		
23227	1	1			0.0	8000.0		
23228	1	1	22.0	26.0	0.0	8000.0	cluster_2	BO-82Tapyta/BO-82TAPYTA_20250416_211602.wav
23229	1	1			0.0	8000.0		
23230	1	1			0.0	8000.0		
23231	1	1			0.0	8000.0		
23232	1	1			0.0	8000.0		
23233	1	1	32.0	36.0	0.0	8000.0	cluster_2	BO-82Tapyta/BO-82TAPYTA_20250414_205802.wav
23234	1	1			0.0	8000.0		
23235	1	1			0.0	8000.0		
23236	1	1			0.0	8000.0		
23237	1	1	2.0	6.0	0.0	8000.0	cluster_2	BO-82Tapyta/BO-82TAPYTA_20250416_012302.wav
23238	1	1			0.0	8000.0		
23239	1	1			0.0	8000.0		
23240	1	1			0.0	8000.0		
23241	1	1			0.0	8000.0		
23242	1	1			0.0	8000.0		
23243	1	1			0.0	8000.0		
23244	1	1			0.0	8000.0		
23245	1	1			0.0	8000.0		
23246	1	1	2.0	6.0	0.0	8000.0	cluster_2	BO-82Tapyta/BO-82TAPYTA_20250415_203902.wav
23247	1	1			0.0	8000.0		
23248	1	1			0.0	8000.0		
23249	1	1			0.0	8000.0		
23250	1	1	22.0	26.0	0.0	8000.0	cluster_2	BO-82Tapyta/BO-82TAPYTA_20250411_222402.wav
23251	1	1	52.0	56.0	0.0	8000.0	cluster_2	BO-82Tapyta/BO-82TAPYTA_20250427_043602.wav
23252	1	1			0.0	8000.0		
23253	1	1			0.0	8000.0		
23254	1	1			0.0	8000.0		
23255	1	1			0.0	8000.0		
23256	1	1			0.0	8000.0		
23257	1	1			0.0	8000.0		
23258	1	1	26.0	30.0	0.0	8000.0	cluster_2	BO-82Tapyta/BO-82TAPYTA_20250502_221802.wav
23259	1	1			0.0	8000.0		
23260	1	1			0.0	8000.0		
23261	1	1			0.0	8000.0		
23262	1	1			0.0	8000.0		
23263	1	1	40.0	44.0	0.0	8000.0	cluster_2	BO-82Tapyta/BO-82TAPYTA_20250426_054602.wav
23264	1	1			0.0	8000.0		
23265	1	1			0.0	8000.0		
23266	1	1			0.0	8000.0		
23267	1	1			0.0	8000.0		
23268	1	1			0.0	8000.0		
23269	1	1			0.0	8000.0		
23270	1	1			0.0	8000.0		
23271	1	1			0.0	8000.0		
23272	1	1			0.0	8000.0		
23273	1	1	16.0	20.0	0.0	8000.0	cluster_2	BO-82Tapyta/BO-82TAPYTA_20250416_224902.wav
23274	1	1			0.0	8000.0		
23275	1	1			0.0	8000.0		
23276	1	1			0.0	8000.0		
23277	1	1			0.0	8000.0		
23278	1	1	24.0	28.0	0.0	8000.0	cluster_2	BO-81Tapyta/BO-81TAPYTA_20250411_204402.wav
23279	1	1			0.0	8000.0		
23280	1	1			0.0	8000.0		
23281	1	1			0.0	8000.0		
23282	1	1	24.0	28.0	0.0	8000.0	cluster_2	BO-82Tapyta/BO-82TAPYTA_20250426_022502.wav
23283	1	1	40.0	44.0	0.0	8000.0	cluster_2	BO-82Tapyta/BO-82TAPYTA_20250414_201202.wav
23284	1	1			0.0	8000.0		
23285	1	1			0.0	8000.0		
23286	1	1			0.0	8000.0		
23287	1	1			0.0	8000.0		
23288	1	1			0.0	8000.0		
23289	1	1			0.0	8000.0		
23290	1	1			0.0	8000.0		
23291	1	1			0.0	8000.0		
23292	1	1			0.0	8000.0		
23293	1	1			0.0	8000.0		
23294	1	1			0.0	8000.0		
23295	1	1			0.0	8000.0		
23296	1	1			0.0	8000.0		
23297	1	1			0.0	8000.0		
23298	1	1			0.0	8000.0		
23299	1	1			0.0	8000.0		
23300	1	1	22.0	26.0	0.0	8000.0	cluster_2	BO-81Tapyta/BO-81TAPYTA_20250415_202302.wav
23301	1	1			0.0	8000.0		
23302	1	1			0.0	8000.0		
23303	1	1			0.0	8000.0		
23304	1	1	36.0	40.0	0.0	8000.0	cluster_2	BO-82Tapyta/BO-82TAPYTA_20250427_014102.wav
23305	1	1			0.0	8000.0		
23306	1	1			0.0	8000.0		
23307	1	1			0.0	8000.0		
23308	1	1			0.0	8000.0		
23309	1	1			0.0	8000.0		
23310	1	1			0.0	8000.0		
23311	1	1			0.0	8000.0		
23312	1	1			0.0	8000.0		
23313	1	1	20.0	24.0	0.0	8000.0	cluster_2	BO-82Tapyta/BO-82TAPYTA_20250424_205402.wav
23314	1	1			0.0	8000.0		
23315	1	1			0.0	8000.0		
23316	1	1	16.0	20.0	0.0	8000.0	cluster_2	BO-82Tapyta/BO-82TAPYTA_20250427_043702.wav
23317	1	1			0.0	8000.0		
23318	1	1	18.0	22.0	0.0	8000.0	cluster_2	BO-82Tapyta/BO-82TAPYTA_20250417_221402.wav
23319	1	1			0.0	8000.0		
23320	1	1			0.0	8000.0		
23321	1	1	26.0	30.0	0.0	8000.0	cluster_2	BO-82Tapyta/BO-82TAPYTA_20250427_025002.wav
23322	1	1			0.0	8000.0		
23323	1	1			0.0	8000.0		
23324	1	1			0.0	8000.0		
23325	1	1	2.0	6.0	0.0	8000.0	cluster_2	BO-81Tapyta/BO-81TAPYTA_20250415_222002.wav
23326	1	1	14.0	18.0	0.0	8000.0	cluster_2	BO-82Tapyta/BO-82TAPYTA_20250414_222602.wav
23327	1	1			0.0	8000.0		
23328	1	1			0.0	8000.0		
23329	1	1			0.0	8000.0		
23330	1	1			0.0	8000.0		
23331	1	1			0.0	8000.0		
23332	1	1			0.0	8000.0		
23333	1	1			0.0	8000.0		
23334	1	1			0.0	8000.0		
23335	1	1			0.0	8000.0		
23336	1	1	40.0	44.0	0.0	8000.0	cluster_2	BO-82Tapyta/BO-82TAPYTA_20250417_042302.wav
23337	1	1			0.0	8000.0		
23338	1	1			0.0	8000.0		
23339	1	1	44.0	48.0	0.0	8000.0	cluster_2	BO-81Tapyta/BO-81TAPYTA_20250416_030302.wav
23340	1	1			0.0	8000.0		
23341	1	1			0.0	8000.0		
23342	1	1			0.0	8000.0		
23343	1	1			0.0	8000.0		
23344	1	1			0.0	8000.0		
23345	1	1			0.0	8000.0		
23346	1	1			0.0	8000.0		
23347	1	1	44.0	48.0	0.0	8000.0	cluster_2	BO-82Tapyta/BO-82TAPYTA_20250418_040502.wav
23348	1	1			0.0	8000.0		
23349	1	1			0.0	8000.0		
23350	1	1	14.0	18.0	0.0	8000.0	cluster_2	BO-82Tapyta/BO-82TAPYTA_20250424_001802.wav
23351	1	1			0.0	8000.0		
23352	1	1			0.0	8000.0		
23353	1	1	50.0	54.0	0.0	8000.0	cluster_2	BO-82Tapyta/BO-82TAPYTA_20250416_215602.wav
23354	1	1	16.0	20.0	0.0	8000.0	cluster_2	BO-82Tapyta/BO-82TAPYTA_20250427_195602.wav
23355	1	1			0.0	8000.0		
23356	1	1			0.0	8000.0		
23357	1	1			0.0	8000.0		
23358	1	1			0.0	8000.0		
23359	1	1	26.0	30.0	0.0	8000.0	cluster_2	BO-82Tapyta/BO-82TAPYTA_20250426_222302.wav
23360	1	1			0.0	8000.0		
23361	1	1			0.0	8000.0		
23362	1	1			0.0	8000.0		
23363	1	1	44.0	48.0	0.0	8000.0	cluster_2	BO-82Tapyta/BO-82TAPYTA_20250412_021502.wav
23364	1	1			0.0	8000.0		
23365	1	1			0.0	8000.0		
23366	1	1			0.0	8000.0		
23367	1	1	38.0	42.0	0.0	8000.0	cluster_2	BO-82Tapyta/BO-82TAPYTA_20250416_044602.wav
23368	1	1	0.0	4.0	0.0	8000.0	cluster_2	BO-82Tapyta/BO-82TAPYTA_20250417_025302.wav
23369	1	1			0.0	8000.0		
23370	1	1			0.0	8000.0		
23371	1	1			0.0	8000.0		
23372	1	1			0.0	8000.0		
23373	1	1	2.0	6.0	0.0	8000.0	cluster_2	BO-82Tapyta/BO-82TAPYTA_20250416_002202.wav
23374	1	1			0.0	8000.0		
23375	1	1	8.0	12.0	0.0	8000.0	cluster_2	BO-82Tapyta/BO-82TAPYTA_20250415_221402.wav
23376	1	1			0.0	8000.0		
23377	1	1			0.0	8000.0		
23378	1	1			0.0	8000.0		
23379	1	1			0.0	8000.0		
23380	1	1			0.0	8000.0		
23381	1	1			0.0	8000.0		
23382	1	1			0.0	8000.0		
23383	1	1			0.0	8000.0		
23384	1	1			0.0	8000.0		
23385	1	1			0.0	8000.0		
23386	1	1	0.0	4.0	0.0	8000.0	cluster_2	BO-81Tapyta/BO-81TAPYTA_20250416_045202.wav
23387	1	1			0.0	8000.0		
23388	1	1			0.0	8000.0		
23389	1	1			0.0	8000.0		
23390	1	1			0.0	8000.0		
23391	1	1	32.0	36.0	0.0	8000.0	cluster_2	BO-82Tapyta/BO-82TAPYTA_20250425_001102.wav
23392	1	1			0.0	8000.0		
23393	1	1	46.0	50.0	0.0	8000.0	cluster_2	BO-82Tapyta/BO-82TAPYTA_20250413_194702.wav
23394	1	1	4.0	8.0	0.0	8000.0	cluster_2	BO-82Tapyta/BO-82TAPYTA_20250425_202402.wav
23395	1	1			0.0	8000.0		
23396	1	1			0.0	8000.0		
23397	1	1	40.0	44.0	0.0	8000.0	cluster_2	BO-82Tapyta/BO-82TAPYTA_20250424_220302.wav
23398	1	1	28.0	32.0	0.0	8000.0	cluster_2	BO-82Tapyta/BO-82TAPYTA_20250416_022902.wav
23399	1	1			0.0	8000.0		
23400	1	1			0.0	8000.0		
23401	1	1			0.0	8000.0		
23402	1	1			0.0	8000.0		
23403	1	1			0.0	8000.0		
23404	1	1			0.0	8000.0		
23405	1	1			0.0	8000.0		
23406	1	1			0.0	8000.0		
23407	1	1			0.0	8000.0		
23408	1	1	0.0	4.0	0.0	8000.0	cluster_2	BO-82Tapyta/BO-82TAPYTA_20250424_233002.wav
23409	1	1			0.0	8000.0		
23410	1	1	2.0	6.0	0.0	8000.0	cluster_2	BO-82Tapyta/BO-82TAPYTA_20250426_034502.wav
23411	1	1			0.0	8000.0		
23412	1	1	4.0	8.0	0.0	8000.0	cluster_2	BO-82Tapyta/BO-82TAPYTA_20250426_213802.wav
23413	1	1			0.0	8000.0		
23414	1	1			0.0	8000.0		
23415	1	1			0.0	8000.0		
23416	1	1	12.0	16.0	0.0	8000.0	cluster_2	BO-82Tapyta/BO-82TAPYTA_20250416_014302.wav
23417	1	1			0.0	8000.0		
23418	1	1			0.0	8000.0		
23419	1	1			0.0	8000.0		
23420	1	1			0.0	8000.0		
23421	1	1			0.0	8000.0		
23422	1	1			0.0	8000.0		
23423	1	1			0.0	8000.0		
23424	1	1	4.0	8.0	0.0	8000.0	cluster_2	BO-82Tapyta/BO-82TAPYTA_20250412_055002.wav
23425	1	1			0.0	8000.0		
23426	1	1			0.0	8000.0		
23427	1	1			0.0	8000.0		
23428	1	1			0.0	8000.0		
23429	1	1			0.0	8000.0		
23430	1	1			0.0	8000.0		
23431	1	1	28.0	32.0	0.0	8000.0	cluster_2	BO-82Tapyta/BO-82TAPYTA_20250417_002402.wav
23432	1	1			0.0	8000.0		
23433	1	1			0.0	8000.0		
23434	1	1			0.0	8000.0		
23435	1	1			0.0	8000.0		
23436	1	1			0.0	8000.0		
23437	1	1	0.0	4.0	0.0	8000.0	cluster_2	BO-82Tapyta/BO-82TAPYTA_20250425_023002.wav
23438	1	1			0.0	8000.0		
23439	1	1			0.0	8000.0		
23440	1	1	40.0	44.0	0.0	8000.0	cluster_2	BO-82Tapyta/BO-82TAPYTA_20250427_041002.wav
23441	1	1			0.0	8000.0		
23442	1	1			0.0	8000.0		
23443	1	1	10.0	14.0	0.0	8000.0	cluster_2	BO-82Tapyta/BO-82TAPYTA_20250416_225802.wav
23444	1	1			0.0	8000.0		
23445	1	1	48.0	52.0	0.0	8000.0	cluster_2	BO-82Tapyta/BO-82TAPYTA_20250502_190902.wav
23446	1	1			0.0	8000.0		
23447	1	1			0.0	8000.0		
23448	1	1			0.0	8000.0		
23449	1	1			0.0	8000.0		
23450	1	1			0.0	8000.0		
23451	1	1	50.0	54.0	0.0	8000.0	cluster_2	BO-82Tapyta/BO-82TAPYTA_20250425_212602.wav
23452	1	1			0.0	8000.0		
23453	1	1			0.0	8000.0		
23454	1	1	18.0	22.0	0.0	8000.0	cluster_2	BO-82Tapyta/BO-82TAPYTA_20250423_212402.wav
23455	1	1	30.0	34.0	0.0	8000.0	cluster_2	BO-82Tapyta/BO-82TAPYTA_20250425_193002.wav
23456	1	1	18.0	22.0	0.0	8000.0	cluster_2	BO-82Tapyta/BO-82TAPYTA_20250426_222302.wav
23457	1	1			0.0	8000.0		
23458	1	1			0.0	8000.0		
23459	1	1			0.0	8000.0		
23460	1	1			0.0	8000.0		
23461	1	1			0.0	8000.0		
23462	1	1	8.0	12.0	0.0	8000.0	cluster_2	BO-82Tapyta/BO-82TAPYTA_20250424_192202.wav
23463	1	1			0.0	8000.0		
23464	1	1	26.0	30.0	0.0	8000.0	cluster_2	BO-82Tapyta/BO-82TAPYTA_20250417_201302.wav
23465	1	1			0.0	8000.0		
23466	1	1			0.0	8000.0		
23467	1	1	42.0	46.0	0.0	8000.0	cluster_2	BO-82Tapyta/BO-82TAPYTA_20250426_203002.wav
23468	1	1			0.0	8000.0		
23469	1	1			0.0	8000.0		
23470	1	1			0.0	8000.0		
23471	1	1	40.0	44.0	0.0	8000.0	cluster_2	BO-82Tapyta/BO-82TAPYTA_20250414_212302.wav
23472	1	1			0.0	8000.0		
23473	1	1			0.0	8000.0		
23474	1	1			0.0	8000.0		
23475	1	1			0.0	8000.0		
23476	1	1			0.0	8000.0		
23477	1	1			0.0	8000.0		
23478	1	1	4.0	8.0	0.0	8000.0	cluster_2	BO-82Tapyta/BO-82TAPYTA_20250412_022902.wav
23479	1	1			0.0	8000.0		
23480	1	1			0.0	8000.0		
23481	1	1			0.0	8000.0		
23482	1	1	16.0	20.0	0.0	8000.0	cluster_2	BO-82Tapyta/BO-82TAPYTA_20250413_220702.wav
23483	1	1			0.0	8000.0		
23484	1	1			0.0	8000.0		
23485	1	1			0.0	8000.0		
23486	1	1			0.0	8000.0		
23487	1	1			0.0	8000.0		
23488	1	1	36.0	40.0	0.0	8000.0	cluster_2	BO-82Tapyta/BO-82TAPYTA_20250418_034002.wav
23489	1	1			0.0	8000.0		
23490	1	1			0.0	8000.0		
23491	1	1			0.0	8000.0		
23492	1	1			0.0	8000.0		
23493	1	1			0.0	8000.0		
23494	1	1			0.0	8000.0		
23495	1	1	40.0	44.0	0.0	8000.0	cluster_2	BO-82Tapyta/BO-82TAPYTA_20250412_012702.wav
23496	1	1			0.0	8000.0		
23497	1	1	46.0	50.0	0.0	8000.0	cluster_2	BO-82Tapyta/BO-82TAPYTA_20250417_205702.wav
23498	1	1	26.0	30.0	0.0	8000.0	cluster_2	BO-82Tapyta/BO-82TAPYTA_20250415_212902.wav
23499	1	1			0.0	8000.0		
23500	1	1	32.0	36.0	0.0	8000.0	cluster_2	BO-82Tapyta/BO-82TAPYTA_20250427_004302.wav
23501	1	1			0.0	8000.0		
23502	1	1			0.0	8000.0		
23503	1	1			0.0	8000.0		
23504	1	1	4.0	8.0	0.0	8000.0	cluster_2	BO-81Tapyta/BO-81TAPYTA_20250416_033002.wav
23505	1	1			0.0	8000.0		
23506	1	1			0.0	8000.0		
23507	1	1			0.0	8000.0		
23508	1	1			0.0	8000.0		
23509	1	1	38.0	42.0	0.0	8000.0	cluster_2	BO-82Tapyta/BO-82TAPYTA_20250427_035102.wav
23510	1	1			0.0	8000.0		
23511	1	1			0.0	8000.0		
23512	1	1			0.0	8000.0		
23513	1	1			0.0	8000.0		
23514	1	1			0.0	8000.0		
23515	1	1			0.0	8000.0		
23516	1	1			0.0	8000.0		
23517	1	1			0.0	8000.0		
23518	1	1			0.0	8000.0		
23519	1	1	14.0	18.0	0.0	8000.0	cluster_2	BO-82Tapyta/BO-82TAPYTA_20250416_230802.wav
23520	1	1	14.0	18.0	0.0	8000.0	cluster_2	BO-82Tapyta/BO-82TAPYTA_20250415_204002.wav
23521	1	1	10.0	14.0	0.0	8000.0	cluster_2	BO-81Tapyta/BO-81TAPYTA_20250411_223802.wav
23522	1	1			0.0	8000.0		
23523	1	1			0.0	8000.0		
23524	1	1	20.0	24.0	0.0	8000.0	cluster_2	BO-82Tapyta/BO-82TAPYTA_20250426_222202.wav
23525	1	1			0.0	8000.0		
23526	1	1			0.0	8000.0		
23527	1	1	48.0	52.0	0.0	8000.0	cluster_2	BO-82Tapyta/BO-82TAPYTA_20250416_011902.wav
23528	1	1	0.0	4.0	0.0	8000.0	cluster_2	BO-82Tapyta/BO-82TAPYTA_20250412_035502.wav
23529	1	1			0.0	8000.0		
23530	1	1	18.0	22.0	0.0	8000.0	cluster_2	BO-82Tapyta/BO-82TAPYTA_20250417_025402.wav
23531	1	1			0.0	8000.0		
23532	1	1			0.0	8000.0		
23533	1	1			0.0	8000.0		
23534	1	1			0.0	8000.0		
23535	1	1	26.0	30.0	0.0	8000.0	cluster_2	BO-82Tapyta/BO-82TAPYTA_20250414_214302.wav
23536	1	1			0.0	8000.0		
23537	1	1			0.0	8000.0		
23538	1	1			0.0	8000.0		
23539	1	1			0.0	8000.0		
23540	1	1			0.0	8000.0		
23541	1	1			0.0	8000.0		
23542	1	1			0.0	8000.0		
23543	1	1			0.0	8000.0		
23544	1	1			0.0	8000.0		
23545	1	1			0.0	8000.0		
23546	1	1			0.0	8000.0		
23547	1	1			0.0	8000.0		
23548	1	1			0.0	8000.0		
23549	1	1			0.0	8000.0		
23550	1	1			0.0	8000.0		
23551	1	1			0.0	8000.0		
23552	1	1			0.0	8000.0		
23553	1	1	34.0	38.0	0.0	8000.0	cluster_2	BO-82Tapyta/BO-82TAPYTA_20250411_222902.wav
23554	1	1			0.0	8000.0		
23555	1	1			0.0	8000.0		
23556	1	1			0.0	8000.0		
23557	1	1			0.0	8000.0		
23558	1	1	20.0	24.0	0.0	8000.0	cluster_2	BO-82Tapyta/BO-82TAPYTA_20250426_014702.wav
23559	1	1			0.0	8000.0		
23560	1	1	14.0	18.0	0.0	8000.0	cluster_2	BO-82Tapyta/BO-82TAPYTA_20250412_043702.wav
23561	1	1			0.0	8000.0		
23562	1	1			0.0	8000.0		
23563	1	1			0.0	8000.0		
23564	1	1			0.0	8000.0		
23565	1	1			0.0	8000.0		
23566	1	1	28.0	32.0	0.0	8000.0	cluster_2	BO-82Tapyta/BO-82TAPYTA_20250418_010902.wav
23567	1	1	32.0	36.0	0.0	8000.0	cluster_2	BO-81Tapyta/BO-81TAPYTA_20250416_015502.wav
23568	1	1			0.0	8000.0		
23569	1	1	24.0	28.0	0.0	8000.0	cluster_2	BO-82Tapyta/BO-82TAPYTA_20250426_232902.wav
23570	1	1	50.0	54.0	0.0	8000.0	cluster_2	BO-82Tapyta/BO-82TAPYTA_20250410_192902.wav
23571	1	1	4.0	8.0	0.0	8000.0	cluster_2	BO-82Tapyta/BO-82TAPYTA_20250427_025502.wav
23572	1	1			0.0	8000.0		
23573	1	1			0.0	8000.0		
23574	1	1			0.0	8000.0		
23575	1	1			0.0	8000.0		
23576	1	1	12.0	16.0	0.0	8000.0	cluster_2	BO-82Tapyta/BO-82TAPYTA_20250412_053202.wav
23577	1	1	22.0	26.0	0.0	8000.0	cluster_2	BO-82Tapyta/BO-82TAPYTA_20250425_225202.wav
23578	1	1	12.0	16.0	0.0	8000.0	cluster_2	BO-82Tapyta/BO-82TAPYTA_20250426_200302.wav
23579	1	1	44.0	48.0	0.0	8000.0	cluster_2	BO-82Tapyta/BO-82TAPYTA_20250412_024002.wav
23580	1	1			0.0	8000.0		
23581	1	1	6.0	10.0	0.0	8000.0	cluster_2	BO-82Tapyta/BO-82TAPYTA_20250411_214402.wav
23582	1	1			0.0	8000.0		
23583	1	1			0.0	8000.0		
23584	1	1			0.0	8000.0		
23585	1	1	24.0	28.0	0.0	8000.0	cluster_2	BO-82Tapyta/BO-82TAPYTA_20250416_210302.wav
23586	1	1			0.0	8000.0		
23587	1	1			0.0	8000.0		
23588	1	1			0.0	8000.0		
23589	1	1	10.0	14.0	0.0	8000.0	cluster_2	BO-82Tapyta/BO-82TAPYTA_20250426_000102.wav
23590	1	1			0.0	8000.0		
23591	1	1			0.0	8000.0		
23592	1	1			0.0	8000.0		
23593	1	1			0.0	8000.0		
23594	1	1			0.0	8000.0		
23595	1	1			0.0	8000.0		
23596	1	1			0.0	8000.0		
23597	1	1			0.0	8000.0		
23598	1	1			0.0	8000.0		
23599	1	1			0.0	8000.0		
23600	1	1			0.0	8000.0		
23601	1	1			0.0	8000.0		
23602	1	1	24.0	28.0	0.0	8000.0	cluster_2	BO-82Tapyta/BO-82TAPYTA_20250412_035502.wav
23603	1	1	16.0	20.0	0.0	8000.0	cluster_2	BO-82Tapyta/BO-82TAPYTA_20250418_010502.wav
23604	1	1			0.0	8000.0		
23605	1	1			0.0	8000.0		
23606	1	1			0.0	8000.0		
23607	1	1	44.0	48.0	0.0	8000.0	cluster_2	BO-82Tapyta/BO-82TAPYTA_20250426_043802.wav
23608	1	1	36.0	40.0	0.0	8000.0	cluster_2	BO-82Tapyta/BO-82TAPYTA_20250415_233802.wav
23609	1	1			0.0	8000.0		
23610	1	1			0.0	8000.0		
23611	1	1			0.0	8000.0		
23612	1	1			0.0	8000.0		
23613	1	1	34.0	38.0	0.0	8000.0	cluster_2	BO-82Tapyta/BO-82TAPYTA_20250416_203102.wav
23614	1	1			0.0	8000.0		
23615	1	1	30.0	34.0	0.0	8000.0	cluster_2	BO-82Tapyta/BO-82TAPYTA_20250426_220102.wav
23616	1	1			0.0	8000.0		
23617	1	1			0.0	8000.0		
23618	1	1			0.0	8000.0		
23619	1	1			0.0	8000.0		
23620	1	1	12.0	16.0	0.0	8000.0	cluster_2	BO-81Tapyta/BO-81TAPYTA_20250416_034102.wav
23621	1	1			0.0	8000.0		
23622	1	1	46.0	50.0	0.0	8000.0	cluster_2	BO-82Tapyta/BO-82TAPYTA_20250424_010602.wav
23623	1	1	26.0	30.0	0.0	8000.0	cluster_2	BO-82Tapyta/BO-82TAPYTA_20250418_014202.wav
23624	1	1			0.0	8000.0		
23625	1	1	34.0	38.0	0.0	8000.0	cluster_2	BO-82Tapyta/BO-82TAPYTA_20250427_021502.wav
23626	1	1	34.0	38.0	0.0	8000.0	cluster_2	BO-82Tapyta/BO-82TAPYTA_20250426_051302.wav
23627	1	1	8.0	12.0	0.0	8000.0	cluster_2	BO-82Tapyta/BO-82TAPYTA_20250414_211402.wav
23628	1	1			0.0	8000.0		
23629	1	1			0.0	8000.0		
23630	1	1			0.0	8000.0		
23631	1	1			0.0	8000.0		
23632	1	1			0.0	8000.0		
23633	1	1			0.0	8000.0		
23634	1	1			0.0	8000.0		
23635	1	1			0.0	8000.0		
23636	1	1			0.0	8000.0		
23637	1	1			0.0	8000.0		
23638	1	1	28.0	32.0	0.0	8000.0	cluster_2	BO-82Tapyta/BO-82TAPYTA_20250417_200902.wav
23639	1	1	2.0	6.0	0.0	8000.0	cluster_2	BO-82Tapyta/BO-82TAPYTA_20250417_051902.wav
23640	1	1	22.0	26.0	0.0	8000.0	cluster_2	BO-82Tapyta/BO-82TAPYTA_20250417_193602.wav
23641	1	1			0.0	8000.0		
23642	1	1	34.0	38.0	0.0	8000.0	cluster_2	BO-82Tapyta/BO-82TAPYTA_20250427_043402.wav
23643	1	1	36.0	40.0	0.0	8000.0	cluster_2	BO-82Tapyta/BO-82TAPYTA_20250417_211802.wav
23644	1	1			0.0	8000.0		
23645	1	1			0.0	8000.0		
23646	1	1			0.0	8000.0		
23647	1	1			0.0	8000.0		
23648	1	1			0.0	8000.0		
23649	1	1			0.0	8000.0		
23650	1	1	34.0	38.0	0.0	8000.0	cluster_2	BO-82Tapyta/BO-82TAPYTA_20250412_010902.wav
23651	1	1			0.0	8000.0		
23652	1	1			0.0	8000.0		
23653	1	1			0.0	8000.0		
23654	1	1			0.0	8000.0		
23655	1	1	22.0	26.0	0.0	8000.0	cluster_2	BO-82Tapyta/BO-82TAPYTA_20250415_211702.wav
23656	1	1	24.0	28.0	0.0	8000.0	cluster_2	BO-82Tapyta/BO-82TAPYTA_20250416_050802.wav
23657	1	1			0.0	8000.0		
23658	1	1	46.0	50.0	0.0	8000.0	cluster_2	BO-82Tapyta/BO-82TAPYTA_20250414_201602.wav
23659	1	1	8.0	12.0	0.0	8000.0	cluster_2	BO-81Tapyta/BO-81TAPYTA_20250413_205502.wav
23660	1	1			0.0	8000.0		
23661	1	1	32.0	36.0	0.0	8000.0	cluster_2	BO-81Tapyta/BO-81TAPYTA_20250413_212102.wav
23662	1	1			0.0	8000.0		
23663	1	1			0.0	8000.0		
23664	1	1	0.0	4.0	0.0	8000.0	cluster_2	BO-82Tapyta/BO-82TAPYTA_20250413_193402.wav
23665	1	1			0.0	8000.0		
23666	1	1			0.0	8000.0		
23667	1	1			0.0	8000.0		
23668	1	1			0.0	8000.0		
23669	1	1			0.0	8000.0		
23670	1	1	20.0	24.0	0.0	8000.0	cluster_2	BO-82Tapyta/BO-82TAPYTA_20250417_194502.wav
23671	1	1			0.0	8000.0		
23672	1	1	28.0	32.0	0.0	8000.0	cluster_2	BO-82Tapyta/BO-82TAPYTA_20250416_043202.wav
23673	1	1			0.0	8000.0		
23674	1	1			0.0	8000.0		
23675	1	1			0.0	8000.0		
23676	1	1			0.0	8000.0		
23677	1	1			0.0	8000.0		
23678	1	1			0.0	8000.0		
23679	1	1			0.0	8000.0		
23680	1	1	16.0	20.0	0.0	8000.0	cluster_2	BO-82Tapyta/BO-82TAPYTA_20250426_032502.wav
23681	1	1	22.0	26.0	0.0	8000.0	cluster_2	BO-81Tapyta/BO-81TAPYTA_20250413_205002.wav
23682	1	1			0.0	8000.0		
23683	1	1			0.0	8000.0		
23684	1	1	46.0	50.0	0.0	8000.0	cluster_2	BO-82Tapyta/BO-82TAPYTA_20250424_234702.wav
23685	1	1	30.0	34.0	0.0	8000.0	cluster_2	BO-82Tapyta/BO-82TAPYTA_20250417_013002.wav
23686	1	1	42.0	46.0	0.0	8000.0	cluster_2	BO-82Tapyta/BO-82TAPYTA_20250426_004902.wav
23687	1	1			0.0	8000.0		
23688	1	1			0.0	8000.0		
23689	1	1			0.0	8000.0		
23690	1	1			0.0	8000.0		
23691	1	1			0.0	8000.0		
23692	1	1			0.0	8000.0		
23693	1	1			0.0	8000.0		
23694	1	1			0.0	8000.0		
23695	1	1	0.0	4.0	0.0	8000.0	cluster_2	BO-82Tapyta/BO-82TAPYTA_20250411_230002.wav
23696	1	1			0.0	8000.0		
23697	1	1			0.0	8000.0		
23698	1	1			0.0	8000.0		
23699	1	1			0.0	8000.0		
23700	1	1			0.0	8000.0		
23701	1	1			0.0	8000.0		
23702	1	1			0.0	8000.0		
23703	1	1	28.0	32.0	0.0	8000.0	cluster_2	BO-82Tapyta/BO-82TAPYTA_20250418_003002.wav
23704	1	1			0.0	8000.0		
23705	1	1	48.0	52.0	0.0	8000.0	cluster_2	BO-82Tapyta/BO-82TAPYTA_20250411_230002.wav
23706	1	1	6.0	10.0	0.0	8000.0	cluster_2	BO-82Tapyta/BO-82TAPYTA_20250412_025002.wav
23707	1	1			0.0	8000.0		
23708	1	1			0.0	8000.0		
23709	1	1			0.0	8000.0		
23710	1	1			0.0	8000.0		
23711	1	1			0.0	8000.0		
23712	1	1			0.0	8000.0		
23713	1	1	50.0	54.0	0.0	8000.0	cluster_2	BO-82Tapyta/BO-82TAPYTA_20250411_203502.wav
23714	1	1			0.0	8000.0		
23715	1	1			0.0	8000.0		
23716	1	1			0.0	8000.0		
23717	1	1			0.0	8000.0		
23718	1	1			0.0	8000.0		
23719	1	1	28.0	32.0	0.0	8000.0	cluster_2	BO-82Tapyta/BO-82TAPYTA_20250502_225402.wav
23720	1	1			0.0	8000.0		
23721	1	1			0.0	8000.0		
23722	1	1	40.0	44.0	0.0	8000.0	cluster_2	BO-82Tapyta/BO-82TAPYTA_20250426_005902.wav
23723	1	1			0.0	8000.0		
23724	1	1			0.0	8000.0		
23725	1	1			0.0	8000.0		
23726	1	1			0.0	8000.0		
23727	1	1			0.0	8000.0		
23728	1	1	52.0	56.0	0.0	8000.0	cluster_2	BO-82Tapyta/BO-82TAPYTA_20250427_032802.wav
23729	1	1			0.0	8000.0		
23730	1	1			0.0	8000.0		
23731	1	1			0.0	8000.0		
23732	1	1			0.0	8000.0		
23733	1	1			0.0	8000.0		
23734	1	1			0.0	8000.0		
23735	1	1			0.0	8000.0		
23736	1	1			0.0	8000.0		
23737	1	1			0.0	8000.0		
23738	1	1	20.0	24.0	0.0	8000.0	cluster_2	BO-82Tapyta/BO-82TAPYTA_20250418_025502.wav
23739	1	1			0.0	8000.0		
23740	1	1	46.0	50.0	0.0	8000.0	cluster_2	BO-82Tapyta/BO-82TAPYTA_20250417_212702.wav
23741	1	1	38.0	42.0	0.0	8000.0	cluster_2	BO-82Tapyta/BO-82TAPYTA_20250415_233802.wav
23742	1	1	6.0	10.0	0.0	8000.0	cluster_2	BO-82Tapyta/BO-82TAPYTA_20250415_211202.wav
23743	1	1			0.0	8000.0		
23744	1	1			0.0	8000.0		
23745	1	1	42.0	46.0	0.0	8000.0	cluster_2	BO-82Tapyta/BO-82TAPYTA_20250415_222402.wav
23746	1	1			0.0	8000.0		
23747	1	1			0.0	8000.0		
23748	1	1			0.0	8000.0		
23749	1	1			0.0	8000.0		
23750	1	1			0.0	8000.0		
23751	1	1	34.0	38.0	0.0	8000.0	cluster_2	BO-82Tapyta/BO-82TAPYTA_20250416_224002.wav
23752	1	1			0.0	8000.0		
23753	1	1			0.0	8000.0		
23754	1	1			0.0	8000.0		
23755	1	1	34.0	38.0	0.0	8000.0	cluster_2	BO-82Tapyta/BO-82TAPYTA_20250416_220002.wav
23756	1	1			0.0	8000.0		
23757	1	1			0.0	8000.0		
23758	1	1	12.0	16.0	0.0	8000.0	cluster_2	BO-82Tapyta/BO-82TAPYTA_20250426_000502.wav
23759	1	1	20.0	24.0	0.0	8000.0	cluster_2	BO-81Tapyta/BO-81TAPYTA_20250415_235102.wav
23760	1	1			0.0	8000.0		
23761	1	1			0.0	8000.0		
23762	1	1	0.0	4.0	0.0	8000.0	cluster_2	BO-82Tapyta/BO-82TAPYTA_20250418_034602.wav
23763	1	1	22.0	26.0	0.0	8000.0	cluster_2	BO-82Tapyta/BO-82TAPYTA_20250426_005402.wav
23764	1	1	0.0	4.0	0.0	8000.0	cluster_2	BO-82Tapyta/BO-82TAPYTA_20250415_192002.wav
23765	1	1			0.0	8000.0		
23766	1	1			0.0	8000.0		
23767	1	1			0.0	8000.0		
23768	1	1			0.0	8000.0		
23769	1	1	52.0	56.0	0.0	8000.0	cluster_2	BO-82Tapyta/BO-82TAPYTA_20250417_212202.wav
23770	1	1			0.0	8000.0		
23771	1	1			0.0	8000.0		
23772	1	1			0.0	8000.0		
23773	1	1			0.0	8000.0		
23774	1	1			0.0	8000.0		
23775	1	1			0.0	8000.0		
23776	1	1			0.0	8000.0		
23777	1	1	30.0	34.0	0.0	8000.0	cluster_2	BO-82Tapyta/BO-82TAPYTA_20250426_224802.wav
23778	1	1			0.0	8000.0		
23779	1	1	44.0	48.0	0.0	8000.0	cluster_2	BO-82Tapyta/BO-82TAPYTA_20250425_214802.wav
23780	1	1			0.0	8000.0		
23781	1	1			0.0	8000.0		
23782	1	1			0.0	8000.0		
23783	1	1			0.0	8000.0		
23784	1	1			0.0	8000.0		
23785	1	1			0.0	8000.0		
23786	1	1			0.0	8000.0		
23787	1	1			0.0	8000.0		
23788	1	1			0.0	8000.0		
23789	1	1	10.0	14.0	0.0	8000.0	cluster_2	BO-82Tapyta/BO-82TAPYTA_20250502_215302.wav
23790	1	1	50.0	54.0	0.0	8000.0	cluster_2	BO-82Tapyta/BO-82TAPYTA_20250425_003102.wav
23791	1	1			0.0	8000.0		
23792	1	1			0.0	8000.0		
23793	1	1			0.0	8000.0		
23794	1	1			0.0	8000.0		
23795	1	1			0.0	8000.0		
23796	1	1			0.0	8000.0		
23797	1	1	32.0	36.0	0.0	8000.0	cluster_2	BO-82Tapyta/BO-82TAPYTA_20250415_055902.wav
23798	1	1			0.0	8000.0		
23799	1	1	46.0	50.0	0.0	8000.0	cluster_2	BO-82Tapyta/BO-82TAPYTA_20250416_191902.wav
23800	1	1			0.0	8000.0		
23801	1	1	24.0	28.0	0.0	8000.0	cluster_2	BO-81Tapyta/BO-81TAPYTA_20250412_014702.wav
23802	1	1	16.0	20.0	0.0	8000.0	cluster_2	BO-82Tapyta/BO-82TAPYTA_20250426_194002.wav
23803	1	1			0.0	8000.0		
23804	1	1			0.0	8000.0		
23805	1	1			0.0	8000.0		
23806	1	1	14.0	18.0	0.0	8000.0	cluster_2	BO-82Tapyta/BO-82TAPYTA_20250502_191502.wav
23807	1	1			0.0	8000.0		
23808	1	1	24.0	28.0	0.0	8000.0	cluster_2	BO-82Tapyta/BO-82TAPYTA_20250417_042802.wav
23809	1	1			0.0	8000.0		
23810	1	1			0.0	8000.0		
23811	1	1			0.0	8000.0		
23812	1	1			0.0	8000.0		
23813	1	1	6.0	10.0	0.0	8000.0	cluster_2	BO-82Tapyta/BO-82TAPYTA_20250427_012002.wav
23814	1	1			0.0	8000.0		
23815	1	1	26.0	30.0	0.0	8000.0	cluster_2	BO-82Tapyta/BO-82TAPYTA_20250425_014002.wav
23816	1	1	22.0	26.0	0.0	8000.0	cluster_2	BO-82Tapyta/BO-82TAPYTA_20250418_040702.wav
23817	1	1			0.0	8000.0		
23818	1	1			0.0	8000.0		
23819	1	1			0.0	8000.0		
23820	1	1			0.0	8000.0		
23821	1	1	36.0	40.0	0.0	8000.0	cluster_2	BO-82Tapyta/BO-82TAPYTA_20250412_010002.wav
23822	1	1			0.0	8000.0		
23823	1	1			0.0	8000.0		
23824	1	1			0.0	8000.0		
23825	1	1			0.0	8000.0		
23826	1	1			0.0	8000.0		
23827	1	1			0.0	8000.0		
23828	1	1	12.0	16.0	0.0	8000.0	cluster_2	BO-82Tapyta/BO-82TAPYTA_20250424_201202.wav
23829	1	1			0.0	8000.0		
23830	1	1			0.0	8000.0		
23831	1	1			0.0	8000.0		
23832	1	1			0.0	8000.0		
23833	1	1	6.0	10.0	0.0	8000.0	cluster_2	BO-81Tapyta/BO-81TAPYTA_20250414_221702.wav
23834	1	1			0.0	8000.0		
23835	1	1			0.0	8000.0		
23836	1	1			0.0	8000.0		
23837	1	1	20.0	24.0	0.0	8000.0	cluster_2	BO-82Tapyta/BO-82TAPYTA_20250425_233502.wav
23838	1	1			0.0	8000.0		
23839	1	1	16.0	20.0	0.0	8000.0	cluster_2	BO-81Tapyta/BO-81TAPYTA_20250416_033802.wav
23840	1	1			0.0	8000.0		
23841	1	1			0.0	8000.0		
23842	1	1			0.0	8000.0		
23843	1	1			0.0	8000.0		
23844	1	1			0.0	8000.0		
23845	1	1			0.0	8000.0		
23846	1	1			0.0	8000.0		
23847	1	1			0.0	8000.0		
23848	1	1			0.0	8000.0		
23849	1	1			0.0	8000.0		
23850	1	1			0.0	8000.0		
23851	1	1	14.0	18.0	0.0	8000.0	cluster_2	BO-82Tapyta/BO-82TAPYTA_20250427_234102.wav
23852	1	1	10.0	14.0	0.0	8000.0	cluster_2	BO-82Tapyta/BO-82TAPYTA_20250417_024402.wav
23853	1	1			0.0	8000.0		
23854	1	1			0.0	8000.0		
23855	1	1			0.0	8000.0		
23856	1	1			0.0	8000.0		
23857	1	1			0.0	8000.0		
23858	1	1			0.0	8000.0		
23859	1	1			0.0	8000.0		
23860	1	1			0.0	8000.0		
23861	1	1			0.0	8000.0		
23862	1	1			0.0	8000.0		
23863	1	1			0.0	8000.0		
23864	1	1			0.0	8000.0		
23865	1	1			0.0	8000.0		
23866	1	1			0.0	8000.0		
23867	1	1			0.0	8000.0		
23868	1	1			0.0	8000.0		
23869	1	1			0.0	8000.0		
23870	1	1			0.0	8000.0		
23871	1	1			0.0	8000.0		
23872	1	1			0.0	8000.0		
23873	1	1			0.0	8000.0		
23874	1	1			0.0	8000.0		
23875	1	1			0.0	8000.0		
23876	1	1	18.0	22.0	0.0	8000.0	cluster_2	BO-82Tapyta/BO-82TAPYTA_20250427_040002.wav
23877	1	1			0.0	8000.0		
23878	1	1			0.0	8000.0		
23879	1	1	40.0	44.0	0.0	8000.0	cluster_2	BO-81Tapyta/BO-81TAPYTA_20250411_214102.wav
23880	1	1			0.0	8000.0		
23881	1	1			0.0	8000.0		
23882	1	1			0.0	8000.0		
23883	1	1	42.0	46.0	0.0	8000.0	cluster_2	BO-81Tapyta/BO-81TAPYTA_20250415_211102.wav
23884	1	1			0.0	8000.0		
23885	1	1			0.0	8000.0		
23886	1	1			0.0	8000.0		
23887	1	1			0.0	8000.0		
23888	1	1			0.0	8000.0		
23889	1	1	22.0	26.0	0.0	8000.0	cluster_2	BO-82Tapyta/BO-82TAPYTA_20250417_203302.wav
23890	1	1			0.0	8000.0		
23891	1	1			0.0	8000.0		
23892	1	1			0.0	8000.0		
23893	1	1			0.0	8000.0		
23894	1	1			0.0	8000.0		
23895	1	1	52.0	56.0	0.0	8000.0	cluster_2	BO-82Tapyta/BO-82TAPYTA_20250412_033602.wav
23896	1	1			0.0	8000.0		
23897	1	1			0.0	8000.0		
23898	1	1			0.0	8000.0		
23899	1	1			0.0	8000.0		
23900	1	1	50.0	54.0	0.0	8000.0	cluster_2	BO-82Tapyta/BO-82TAPYTA_20250426_234202.wav
23901	1	1			0.0	8000.0		
23902	1	1			0.0	8000.0		
23903	1	1	22.0	26.0	0.0	8000.0	cluster_2	BO-82Tapyta/BO-82TAPYTA_20250424_002802.wav
23904	1	1			0.0	8000.0		
23905	1	1			0.0	8000.0		
23906	1	1	16.0	20.0	0.0	8000.0	cluster_2	BO-82Tapyta/BO-82TAPYTA_20250424_235402.wav
23907	1	1	48.0	52.0	0.0	8000.0	cluster_2	BO-81Tapyta/BO-81TAPYTA_20250412_025602.wav
23908	1	1			0.0	8000.0		
